#ifndef ALLVM_EMBEDDED_VMP_IR_H
#define ALLVM_EMBEDDED_VMP_IR_H

#include <vector>

static const int binary_ir_length = 54404;
static const char binary_ir_data[] =
"\x42\x43\xc0\xde\x35\x14\x00\x00\x05\x00\x00\x00\x62\x0c\x30\x24"
"\x4a\x59\xbe\x66\xcd\xfb\xb5\x7f\x0b\x51\x80\x4c\x01\x00\x00\x00"
"\x21\x0c\x00\x00\x5a\x34\x00\x00\x0b\x02\x21\x00\x02\x00\x00\x00"
"\x17\x00\x00\x00\x07\x81\x23\x91\x41\xc8\x04\x49\x06\x10\x32\x39"
"\x92\x01\x84\x0c\x25\x05\x08\x19\x1e\x04\x8b\x62\x80\x14\x45\x02"
"\x42\x92\x0b\x42\xa4\x10\x32\x14\x38\x08\x18\x4b\x0a\x32\x52\x88"
"\x48\x70\xc4\x21\x23\x44\x12\x87\x8c\x10\x41\x92\x02\x64\xc8\x08"
"\xb1\x14\x20\x43\x46\x88\x20\xc9\x01\x32\x52\x84\x58\x0e\x90\x91"
"\x22\x44\x90\xa1\x82\xa2\x02\x19\xc3\x07\xcb\x15\x09\x52\x8c\x0c"
"\x89\x20\x00\x00\x17\x00\x00\x00\x22\x66\x04\x10\xb2\x42\x82\x49"
"\x11\x52\x42\x82\x49\x91\x71\xc2\x50\x48\x0a\x09\x26\x45\xc6\x05"
"\x42\x52\x26\x08\x2c\x9a\x23\x00\x83\x39\x02\x50\x18\x01\x28\xc1"
"\x28\xc3\x10\xa0\x08\x43\x94\x21\x84\x30\x10\x30\x47\x80\xa4\x43"
"\x9a\x23\x08\xa6\x00\x86\x11\xa0\x64\x18\x01\x0a\x86\x11\xa0\x65"
"\x8e\x00\x1a\x46\x40\x92\x61\x04\x24\x18\x46\x40\x96\x19\x80\x21"
"\x00\x00\x00\x00\x51\x18\x00\x00\x8f\x00\x00\x00\x1b\xe6\x22\xf8"
"\xff\xff\xff\xff\x01\x90\x82\x30\x10\x88\x76\x48\x07\x77\x68\x03"
"\x76\x28\x87\x73\x08\x07\x76\x68\x03\x7b\x28\x87\x71\xa0\x87\x77"
"\x90\x87\x36\xb8\x87\x74\x20\x07\x7a\x40\x07\x00\x0e\x00\xc2\x1d"
"\xde\xa1\x0d\xe8\x41\x1e\xc2\x01\x1e\xe0\x21\x1d\xdc\xe1\x1c\xda"
"\xa0\x1d\xc2\x81\x1e\xd0\x01\xa0\x07\x79\xa8\x87\x72\x00\x88\x79"
"\xa0\x87\x70\x18\x87\x75\x68\x03\x78\x90\x87\x77\xa0\x87\x72\x18"
"\x07\x7a\x78\x07\x79\x68\x03\x71\xa8\x07\x73\x30\x87\x72\x90\x87"
"\x36\x98\x87\x74\xd0\x87\x72\x00\xf0\x00\x20\xe8\x21\x1c\xe4\xe1"
"\x1c\xca\x81\x1e\xda\x60\x1c\xe0\xa1\x1e\x00\x7c\xc0\x03\x3b\x68"
"\x03\x3b\xa0\x03\x80\xa0\x87\x70\x90\x87\x73\x28\x07\x7a\x68\x03"
"\x73\x28\x87\x70\xa0\x87\x7a\x90\x87\x72\x98\x07\x60\x0d\xc6\xa1"
"\x1d\xde\xc1\x1e\xd8\x60\x0d\xc6\x01\x1f\xf0\x80\x0d\xd6\xc0\x1c"
"\xf0\x61\x1e\xe4\x81\x0d\xd6\xa0\x1d\xda\x01\x1f\xd8\x60\x0d\xe6"
"\x61\x1e\xca\x81\x0d\xd6\x60\x1e\xe6\xa1\x1c\xe4\x80\x0d\xd6\x00"
"\x1f\xf0\xe0\x0e\x00\x82\x1e\xea\xc1\x1d\xca\xa1\x0d\xc6\x01\x1e"
"\xea\x01\x38\x87\x72\x70\x87\x72\x90\x87\x74\x18\x07\x60\x43\x24"
"\xfc\xff\xff\xff\xff\x00\x98\x02\x70\x0a\x80\x1f\x00\x7f\x00\x48"
"\x40\x1f\x04\xb6\x30\x6c\x20\x86\x00\xe0\x83\x0d\x04\x21\x00\xcb"
"\x06\x9a\x28\xfe\xff\xff\xff\x7f\x20\xdc\xe1\x1d\xda\x80\x1e\xe4"
"\x21\x1c\xe0\x01\x1e\xd2\xc1\x1d\xce\xa1\x0d\xda\x21\x1c\xe8\x01"
"\x1d\x00\x7a\x90\x87\x7a\x28\x07\x80\x98\x07\x7a\x08\x87\x71\x58"
"\x87\x36\x80\x07\x79\x78\x07\x7a\x28\x87\x71\xa0\x87\x77\x90\x87"
"\x36\x10\x87\x7a\x30\x07\x73\x28\x07\x79\x68\x83\x79\x48\x07\x7d"
"\x28\x07\x00\x0f\x00\x82\x1e\xc2\x41\x1e\xce\xa1\x1c\xe8\xa1\x0d"
"\xc6\x01\x1e\xea\x01\xc0\x07\x3c\xb0\x83\x36\xb0\x03\x3a\x00\x08"
"\x7a\x08\x07\x79\x38\x87\x72\xa0\x87\x36\x30\x87\x72\x08\x07\x7a"
"\xa8\x07\x79\x28\x87\x79\x00\xd6\x60\x1c\xda\xe1\x1d\xec\x81\x0d"
"\xd6\x60\x1c\xf0\x01\x0f\xd8\x60\x0d\xcc\x01\x1f\xe6\x41\x1e\xd8"
"\x60\x0d\xda\xa1\x1d\xf0\x81\x0d\xd6\x60\x1e\xe6\xa1\x1c\xd8\x60"
"\x0d\xe6\x61\x1e\xca\x41\x0e\xd8\x60\x0d\xf0\x01\x0f\xee\x00\x20"
"\xe8\xa1\x1e\xdc\xa1\x1c\xda\x60\x1c\xe0\xa1\x1e\x80\x73\x28\x07"
"\x77\x28\x07\x79\x48\x87\x71\x00\x36\x10\x46\x00\x90\xc2\x86\xe5"
"\xf8\xff\xff\xff\xff\x01\x20\x03\x20\x02\xa4\xc0\x16\x90\x0d\x11"
"\xf2\xff\xff\xff\xff\x03\x70\x0a\x80\x1f\x00\x7f\x00\x48\x40\x1d"
"\x00\x7d\x10\xd8\x02\xb0\x81\x48\xfe\xff\xff\xff\x7f\x00\xa4\x0d"
"\x84\x22\x00\x67\x00\x00\x00\x00\x49\x18\x00\x00\x06\x00\x00\x00"
"\x13\x82\x60\xc2\x20\x0c\xc4\x04\xa1\x30\x26\x04\xc7\x84\x00\x99"
"\x20\x24\xca\x04\x21\x31\x00\x00\x13\x3a\x7c\xc0\x03\x3b\xf8\x05"
"\x3b\xa0\x83\x36\x80\x87\x71\x68\x83\x7b\x48\x07\x77\x20\x87\x77"
"\xb8\x87\x79\x68\x83\x76\x98\x07\x7b\x18\x87\x38\xc8\x03\x37\x98"
"\x83\x39\x70\x03\x38\xd8\xf0\x0a\xe5\xd0\x06\xed\xa0\x07\xf7\xd0"
"\x06\xf0\x20\x07\x77\x00\x07\x7a\x30\x07\x72\xa0\x07\x73\x20\x07"
"\x6d\x00\x0f\x72\x70\x07\x71\xa0\x07\x73\x20\x07\x7a\x30\x07\x72"
"\xd0\x06\xf0\x20\x07\x77\x20\x07\x7a\x60\x07\x74\xa0\x07\x76\x40"
"\x07\x6d\x90\x0e\x76\x40\x07\x7a\x60\x07\x74\xd0\x06\xe9\x10\x07"
"\x72\x80\x07\x7a\x10\x07\x72\x80\x07\x6d\x60\x0e\x78\x00\x07\x7a"
"\x10\x07\x72\x80\x07\x6d\xe0\x0e\x78\xa0\x07\x71\x60\x07\x7a\x30"
"\x07\x72\xa0\x07\x76\x40\x07\x6d\x30\x0b\x71\x20\x07\x78\xa0\xf4"
"\x80\x10\x21\x11\x64\xc8\x48\x91\x11\x40\x23\x84\xc9\x69\x18\x84"
"\xad\x4d\x68\xd2\x4d\x2f\xcb\xe1\xf2\x32\xbd\x2c\x7f\x85\xad\x4d"
"\x68\xd2\x4d\x2f\xcb\xe1\xf2\x32\xbd\x2c\x77\x8d\x77\x50\x00\x13"
"\x08\x00\x30\x00\x00\x20\x00\x00\x00\x04\x0c\x00\x00\x3b\x28\x06"
"\x09\x04\x00\x18\x00\x00\x10\x00\x00\x00\x02\x06\x00\x80\x1d\x14"
"\x25\x04\x02\x00\x0c\x00\x00\x08\x00\x00\x00\x01\x03\x00\xc0\x0e"
"\xca\x6a\x04\x01\x00\x08\x00\x00\x04\x00\x00\x80\x80\x01\x00\x60"
"\x07\x35\x06\x8d\x20\x00\x00\x01\x00\x80\x00\x00\x00\x10\x30\x00"
"\x00\xec\xa0\xe0\xa0\x11\x04\x00\x20\x00\x00\x10\x00\x00\x00\x02"
"\x06\x00\x80\x1d\x54\x1f\x34\x82\x00\x00\x04\x00\x00\x02\x00\x00"
"\x40\xc0\x00\x00\xb0\x83\x52\x85\x2b\x10\x00\x60\x00\x00\x40\x00"
"\x00\x00\x08\x18\x00\x00\x76\x50\xe1\xd0\x04\x02\x00\x0c\x00\x00"
"\x08\x00\x00\x00\x01\x03\x00\xc0\x90\xca\x1d\x1c\x02\x00\x80\x00"
"\x00\x00\x40\x00\x00\x00\x00\x02\x80\x01\x86\x54\xfc\x60\x15\x40"
"\x00\x08\x00\x00\x00\x00\x00\x00\x00\x00\x00\x0c\x30\xa4\x92\x09"
"\xc6\x00\x02\x60\x00\x00\x00\x10\x00\x00\x00\x80\x00\x60\x80\x21"
"\x95\x4f\x50\x05\x10\x00\x02\x00\x00\x00\x00\x00\x00\x00\x00\x00"
"\x03\x0c\xa9\xe4\x22\x21\x80\x00\x20\x00\x00\x00\x00\x00\x00\x00"
"\x00\x00\x18\x60\x48\xb5\x17\xcd\x01\x04\x40\x01\x00\x00\x00\x00"
"\x00\x00\x00\x00\xc0\x00\x12\x1b\x04\x0a\x7b\xd1\x00\x00\x64\x81"
"\x00\x00\x00\x00\x08\x00\x00\x00\x32\x1e\x98\x14\x19\x11\x4c\x90"
"\x8c\x09\x26\x47\xc6\x04\x43\x0a\x25\x50\x04\x05\x51\x0e\x05\x08"
"\x88\x40\x62\x04\x00\x00\x00\x00\xb1\x18\x00\x00\xc1\x00\x00\x00"
"\x33\x08\x80\x1c\xc4\xe1\x1c\x66\x14\x01\x3d\x88\x43\x38\x84\xc3"
"\x8c\x42\x80\x07\x79\x78\x07\x73\x98\x71\x0c\xe6\x00\x0f\xed\x10"
"\x0e\xf4\x80\x0e\x33\x0c\x42\x1e\xc2\xc1\x1d\xce\xa1\x1c\x66\x30"
"\x05\x3d\x88\x43\x38\x84\x83\x1b\xcc\x03\x3d\xc8\x43\x3d\x8c\x03"
"\x3d\xcc\x78\x8c\x74\x70\x07\x7b\x08\x07\x79\x48\x87\x70\x70\x07"
"\x7a\x70\x03\x76\x78\x87\x70\x20\x87\x19\xcc\x11\x0e\xec\x90\x0e"
"\xe1\x30\x0f\x6e\x30\x0f\xe3\xf0\x0e\xf0\x50\x0e\x33\x10\xc4\x1d"
"\xde\x21\x1c\xd8\x21\x1d\xc2\x61\x1e\x66\x30\x89\x3b\xbc\x83\x3b"
"\xd0\x43\x39\xb4\x03\x3c\xbc\x83\x3c\x84\x03\x3b\xcc\xf0\x14\x76"
"\x60\x07\x7b\x68\x07\x37\x68\x87\x72\x68\x07\x37\x80\x87\x70\x90"
"\x87\x70\x60\x07\x76\x28\x07\x76\xf8\x05\x76\x78\x87\x77\x80\x87"
"\x5f\x08\x87\x71\x18\x87\x72\x98\x87\x79\x98\x81\x2c\xee\xf0\x0e"
"\xee\xe0\x0e\xf5\xc0\x0e\xec\x30\x03\x62\xc8\xa1\x1c\xe4\xa1\x1c"
"\xcc\xa1\x1c\xe4\xa1\x1c\xdc\x61\x1c\xca\x21\x1c\xc4\x81\x1d\xca"
"\x61\x06\xd6\x90\x43\x39\xc8\x43\x39\x98\x43\x39\xc8\x43\x39\xb8"
"\xc3\x38\x94\x43\x38\x88\x03\x3b\x94\xc3\x2f\xbc\x83\x3c\xfc\x82"
"\x3b\xd4\x03\x3b\xb0\xc3\x0c\xc7\x69\x87\x70\x58\x87\x72\x70\x83"
"\x74\x68\x07\x78\x60\x87\x74\x18\x87\x74\xa0\x87\x19\xce\x53\x0f"
"\xee\x00\x0f\xf2\x50\x0e\xe4\x90\x0e\xe3\x40\x0f\xe1\x20\x0e\xec"
"\x50\x0e\x33\x20\x28\x1d\xdc\xc1\x1e\xc2\x41\x1e\xd2\x21\x1c\xdc"
"\x81\x1e\xdc\xe0\x1c\xe4\xe1\x1d\xea\x01\x1e\x66\x18\x51\x38\xb0"
"\x43\x3a\x9c\x83\x3b\xcc\x50\x24\x76\x60\x07\x7b\x68\x07\x37\x60"
"\x87\x77\x78\x07\x78\x98\x51\x4c\xf4\x90\x0f\xf0\x50\x0e\x33\x1e"
"\x6a\x1e\xca\x61\x1c\xe8\x21\x1d\xde\xc1\x1d\x7e\x01\x1e\xe4\xa1"
"\x1c\xcc\x21\x1d\xf0\x61\x06\x54\x85\x83\x38\xcc\xc3\x3b\xb0\x43"
"\x3d\xd0\x43\x39\xfc\xc2\x3c\xe4\x43\x3b\x88\xc3\x3b\xb0\xc3\x8c"
"\xc5\x0a\x87\x79\x98\x87\x77\x18\x87\x74\x08\x07\x7a\x28\x07\x72"
"\x98\x81\x5c\xe3\x10\x0e\xec\xc0\x0e\xe5\x50\x0e\xf3\x30\x23\xc1"
"\xd2\x41\x1e\xe4\xe1\x17\xd8\xe1\x1d\xde\x01\x1e\x66\x48\x19\x3b"
"\xb0\x83\x3d\xb4\x83\x1b\x84\xc3\x38\x8c\x43\x39\xcc\xc3\x3c\xb8"
"\xc1\x39\xc8\xc3\x3b\xd4\x03\x3c\xcc\x48\xb4\x71\x08\x07\x76\x60"
"\x07\x71\x08\x87\x71\x58\x87\x19\xdb\xc6\x0e\xec\x60\x0f\xed\xe0"
"\x06\xf0\x20\x0f\xe5\x30\x0f\xe5\x20\x0f\xf6\x50\x0e\x6e\x10\x0e"
"\xe3\x30\x0e\xe5\x30\x0f\xf3\xe0\x06\xe9\xe0\x0e\xe4\x50\x0e\xf8"
"\x30\x23\xe2\xec\x61\x1c\xc2\x81\x1d\xd8\xe1\x17\xec\x21\x1d\xe6"
"\x21\x1d\xc4\x21\x1d\xd8\x21\x1d\xe8\x21\x1f\x66\x20\x9d\x3b\xbc"
"\x43\x3d\xb8\x03\x39\x94\x83\x39\xcc\x58\xbc\x70\x70\x07\x77\x78"
"\x07\x7a\x08\x07\x7a\x48\x87\x77\x70\x87\x19\xcb\xe7\x0e\xef\x30"
"\x0f\xe1\xe0\x0e\xe9\x40\x0f\xe9\xa0\x0f\xe5\x30\xc3\x01\x03\x73"
"\xa8\x07\x77\x18\x87\x5f\x98\x87\x70\x70\x87\x74\xa0\x87\x74\xd0"
"\x87\x72\x98\x81\x84\x41\x39\xe0\xc3\x38\xb0\x43\x3d\x90\x43\x39"
"\xcc\x40\xc4\xa0\x1d\xca\xa1\x1d\xe0\x41\x1e\xde\xc1\x1c\x66\x24"
"\x63\x30\x0e\xe1\xc0\x0e\xec\x30\x0f\xe9\x40\x0f\xe5\x30\x43\x21"
"\x83\x75\x18\x07\x73\x48\x87\x5f\xa0\x87\x7c\x80\x87\x72\x98\xb1"
"\x94\x01\x3c\x8c\xc3\x3c\x94\xc3\x38\xd0\x43\x3a\xbc\x83\x3b\xcc"
"\xc3\x8c\xc5\x0c\x48\x21\x15\x42\x61\x1e\xe6\x21\x1d\xce\xc1\x1d"
"\x52\x81\x14\x66\x4c\x67\x30\x0e\xef\x20\x0f\xef\xe0\x06\xef\x50"
"\x0f\xf4\x30\x0f\xe9\x40\x0e\xe5\xe0\x06\xe6\x20\x0f\xe1\xd0\x0e"
"\xe5\x00\x00\x00\x79\x20\x00\x00\x32\x00\x00\x00\x72\x1e\x48\x20"
"\x43\x88\x0c\x19\x09\x72\x32\x48\x20\x23\x81\x8c\x91\x91\xd1\x44"
"\xa0\x10\x28\x64\x3c\x31\x32\x42\x8e\x90\x21\xa3\x58\x20\xb3\x00"
"\x4a\x72\x2c\x66\x00\x00\x00\x00\x77\x63\x68\x61\x72\x5f\x73\x69"
"\x7a\x65\x50\x49\x43\x20\x4c\x65\x76\x65\x6c\x75\x77\x74\x61\x62"
"\x6c\x65\x4d\x61\x78\x54\x4c\x53\x41\x6c\x69\x67\x6e\x55\x62\x75"
"\x6e\x74\x75\x20\x63\x6c\x61\x6e\x67\x20\x76\x65\x72\x73\x69\x6f"
"\x6e\x20\x31\x38\x2e\x31\x2e\x33\x20\x28\x31\x75\x62\x75\x6e\x74"
"\x75\x31\x29\x00\x23\x08\xc1\x33\x82\x10\x40\x23\x08\x41\x34\x82"
"\x10\x48\x23\x08\xc1\x34\xc3\x60\x04\xc7\x0c\x03\x22\x1c\x33\x0c"
"\xc9\x70\xcc\x30\x18\x84\x32\x43\x50\xc8\x48\x60\x82\x32\x62\x63"
"\xb3\x6b\x73\x69\x7b\x23\xab\x63\x2b\x73\x31\x63\x0b\x3b\x9b\x1b"
"\x85\x50\x16\xa6\x49\x85\x8d\xcd\xae\xcd\x25\x8d\xac\xcc\x8d\x6e"
"\x94\xc0\x01\x00\xa9\x18\x00\x00\x2d\x00\x00\x00\x0b\x0a\x72\x28"
"\x87\x77\x80\x07\x7a\x58\x70\x98\x43\x3d\xb8\xc3\x38\xb0\x43\x39"
"\xd0\xc3\x82\xe6\x1c\xc6\xa1\x0d\xe8\x41\x1e\xc2\xc1\x1d\xe6\x21"
"\x1d\xe8\x21\x1d\xde\xc1\x1d\x16\x34\xe3\x60\x0e\xe7\x50\x0f\xe1"
"\x20\x0f\xe4\x40\x0f\xe1\x20\x0f\xe7\x50\x0e\xf4\xb0\x80\x81\x07"
"\x79\x28\x87\x70\x60\x07\x76\x78\x87\x71\x08\x07\x7a\x28\x07\x72"
"\x58\x70\x9c\xc3\x38\xb4\x01\x3b\xa4\x83\x3d\x94\xc3\x02\x6b\x1c"
"\xd8\x21\x1c\xdc\xe1\x1c\xdc\x20\x1c\xe4\x61\x1c\xdc\x20\x1c\xe8"
"\x81\x1e\xc2\x61\x1c\xd0\xa1\x1c\xc8\x61\x1c\xc2\x81\x1d\xd8\x61"
"\xc1\x01\x0f\xf4\x20\x0f\xe1\x50\x0f\xf4\x80\x0e\x0b\x88\x75\x18"
"\x07\x73\x48\x87\x05\xcf\x38\xbc\x83\x3b\xd8\x43\x39\xc8\xc3\x39"
"\x94\x83\x3b\x8c\x43\x39\x8c\x03\x3d\xc8\x03\x3b\x00\x00\x00\x00"
"\xd1\x10\x00\x00\x06\x00\x00\x00\x07\xcc\x3c\xa4\x83\x3b\x9c\x03"
"\x3b\x94\x03\x3d\xa0\x83\x3c\x94\x43\x38\x90\xc3\x01\x00\x00\x00"
"\x61\x20\x00\x00\xd4\x31\x00\x00\x13\x04\xb9\x17\x0b\x04\x00\x00"
"\x41\x00\x00\x00\x14\x46\x00\x68\xd5\x00\x89\x82\xa0\x54\x02\x23"
"\x00\x24\x0a\xa1\x04\x8a\xa0\x0c\x28\x14\x48\x21\x14\x0c\x89\xe2"
"\xa0\x50\x03\xb4\x46\x00\x28\x94\x46\x89\x94\x42\x61\x14\x20\x50"
"\x01\x91\x28\xe0\xff\xff\xff\x07\x6a\xa3\x01\xe4\x46\x00\xa8\x8d"
"\x05\x05\x41\x10\x04\x41\x10\x04\x41\x10\x04\x41\x10\x90\x28\x10"
"\x6a\x23\x00\x24\x0a\x88\xde\x1c\x90\x65\x59\x96\x65\x59\x96\x65"
"\x59\x96\x65\x59\x16\xc1\x11\x00\x12\x05\x53\xf0\xff\xff\xff\x0f"
"\x14\x47\x03\x48\x8e\x00\x50\x1c\x01\x20\x51\x82\x84\x88\x90\xa0"
"\xc0\x80\x81\x02\x94\x6a\xa0\x08\xca\xa0\x10\x4a\xa1\x18\xca\xa1"
"\x28\xca\xa2\x30\x4a\xa2\x20\x28\x54\x41\x19\x90\x28\xf8\xff\xff"
"\xff\x8f\x82\x2a\x85\x02\x2b\x86\x82\x2b\x87\xc2\x28\xe0\xff\xff"
"\xff\x8f\x82\xfe\xff\xff\xff\x28\xf0\xff\xff\xff\x8f\x19\x80\x1a"
"\xa0\x54\x1a\xc5\x51\x1e\x05\x52\x22\x45\x52\x26\x85\x52\x2a\xc5"
"\x52\x2e\x05\x53\x32\x45\x53\x36\x85\x53\x3a\xc5\x43\xa1\x18\x48"
"\x14\x7e\x00\xa5\x02\x2a\xa1\x22\x2a\xa3\x42\x2a\xa5\x62\x2a\xa7"
"\x82\x2a\x29\x12\x55\x50\x09\xe5\xff\xff\xff\xff\x40\xa1\x26\x2a"
"\x82\x44\xf9\xff\xff\xff\x7f\x00\xf1\x30\x00\x00\x5e\x00\x00\x00"
"\x22\x47\xc8\x90\x51\x26\x88\x5b\x00\x00\x00\x00\xc3\x13\x59\x16"
"\x18\x24\x98\x05\x69\x6e\x74\x6f\x6d\x6e\x69\x70\x6f\x74\x65\x6e"
"\x74\x20\x63\x68\x61\x72\x53\x69\x6d\x70\x6c\x65\x20\x43\x2f\x43"
"\x2b\x2b\x20\x54\x42\x41\x41\x6c\x6c\x76\x6d\x2e\x6c\x6f\x6f\x70"
"\x2e\x6d\x75\x73\x74\x70\x72\x6f\x67\x72\x65\x73\x73\x6c\x6c\x76"
"\x6d\x2e\x6c\x6f\x6f\x70\x2e\x69\x73\x76\x65\x63\x74\x6f\x72\x69"
"\x7a\x65\x64\x6c\x6c\x76\x6d\x2e\x6c\x6f\x6f\x70\x2e\x75\x6e\x72"
"\x6f\x6c\x6c\x2e\x72\x75\x6e\x74\x69\x6d\x65\x2e\x64\x69\x73\x61"
"\x62\x6c\x65\x6c\x6f\x6e\x67\x20\x6c\x6f\x6e\x67\x6c\x6c\x76\x6d"
"\x2e\x6c\x6f\x6f\x70\x2e\x75\x6e\x72\x6f\x6c\x6c\x2e\x64\x69\x73"
"\x61\x62\x6c\x65\x6c\x6c\x76\x6d\x2e\x6c\x6f\x6f\x70\x2e\x70\x65"
"\x65\x6c\x65\x64\x2e\x63\x6f\x75\x6e\x74\x00\x00\x13\x04\x81\x5a"
"\x21\x68\x79\xb0\x82\xd8\xf2\x40\x0f\xf6\x60\x05\xc1\xe5\x81\x1e"
"\xec\xc1\x0a\xa2\xcb\x83\x3d\xd0\x83\x15\x82\x97\x07\x2b\x84\x2f"
"\x0f\x56\x08\x60\x90\x07\x2b\x84\x30\xf0\x83\x15\x82\x18\xe4\xc1"
"\x0a\x61\x0c\xfc\x60\x85\x40\x06\x7e\xb0\x42\x28\x83\x3c\x58\x21"
"\x98\x81\x1f\xac\x10\xce\xc0\x0f\x56\x08\x68\xe0\x07\x2b\x86\x34"
"\xc8\x83\x3f\x58\x21\xa8\x81\x1f\xac\x10\xd6\xc0\x0f\x56\x08\x6c"
"\xe0\x07\x2b\x84\x36\xc8\x83\x15\x82\x1b\xe4\xc1\x0a\xe1\x0d\xfc"
"\x60\x85\x00\x07\x79\xb0\x42\x88\x03\x3f\x58\x21\xc8\x81\x1f\xac"
"\x10\xe6\xc0\x0f\x36\x04\xd2\x86\x21\xa2\x83\x6c\xc3\x00\xd5\x41"
"\xb6\x61\xb0\x03\x3b\xc8\x36\x0c\x75\x50\x07\xd9\x86\x60\xda\x20"
"\x50\xc6\x86\xa0\xda\x30\x58\x75\x90\x6d\x18\xf8\x80\x0f\xb2\x0d"
"\xc1\xb5\x41\xc0\x0c\x00\x00\x00\x33\x11\x4a\xf0\x84\xc2\xb0\x01"
"\x91\x0f\xe8\x30\x00\xc3\x06\x04\x3e\x90\xc3\x00\x0c\x1b\x10\xf7"
"\x40\x0e\x03\x40\xf6\x20\xc8\x70\x43\x60\x0e\x60\x40\xf7\x20\xc8"
"\x70\x43\x80\x0e\x60\x30\xdd\x70\x0e\xc1\x40\xf9\x20\xc8\x70\x43"
"\x80\x0e\x64\x30\xdd\xa0\x0e\xc1\x40\xfb\x20\xc8\x70\x43\xe0\x0e"
"\x60\x30\xdd\xd0\x0e\xc1\x30\xcb\x10\x08\xc1\xb0\x01\x31\x12\xf2"
"\x30\x00\x23\x06\x04\x10\x82\x60\x40\xdc\x43\x0f\x54\x24\xff\x8f"
"\xd8\x1e\x6e\x00\xc3\x0d\x01\x3b\x80\x01\x8d\x84\x20\x54\x12\x61"
"\xcc\x32\x0c\xc4\x40\x23\x21\xc8\x2c\xc1\x32\xdc\x30\xd4\x03\x18"
"\x0c\x37\x0c\xf5\x80\x06\xd3\x0d\xf5\x10\x08\xb3\x0c\x46\x11\xd0"
"\x49\x08\xa2\x86\x88\x80\xe1\x06\x21\x20\x83\x1b\x84\x18\x6e\x08"
"\xec\x81\x0c\x6e\x08\x76\x96\xc1\x38\x82\x61\x03\x22\x26\x46\x62"
"\x00\x66\x09\x94\x64\x80\x2a\x23\x22\x00\x83\x7c\x80\x81\x0c\x02"
"\x0c\x1b\x10\x34\x11\x0c\x80\x4f\x02\x31\x50\x90\x42\x06\x21\xd0"
"\xe8\x07\x18\xc8\x20\xc0\xb0\x01\x91\x13\xc1\x00\xf8\x24\x24\x07"
"\x05\x29\x64\x10\x02\x83\x96\xb8\x01\x0c\x8e\x0d\xc0\x66\x24\x60"
"\x20\x83\x00\xc3\x06\x04\x58\x04\x03\xe0\x93\x00\x25\x14\xa4\x90"
"\x41\x08\x0c\x4e\xe2\x06\x30\x38\x36\x00\xc1\x00\x25\x20\x60\xd8"
"\x80\x30\x8b\x60\x00\x7c\x12\x2c\x84\x82\x14\x32\x08\x81\xc1\x4a"
"\x5c\x00\x06\xc6\x06\x0c\x1b\x10\x66\x11\x0c\xc0\x70\x83\x81\x13"
"\x68\x30\xcb\xa0\x20\x81\x1e\x22\x02\x86\x1b\xc6\x20\x20\x83\x23"
"\x03\x21\x86\x1b\x82\x9b\x20\x83\x1b\x82\x9d\x65\x50\x92\x40\x19"
"\x11\x01\x18\xe4\x04\x0c\x64\x10\x60\xd8\x80\xa0\x8b\x60\x00\x7c"
"\x12\xc8\x60\xa0\x20\x85\x0c\x42\xa0\xd1\x13\x30\x90\x41\x80\x61"
"\x03\x22\x2f\x82\x01\xf0\x49\x48\x83\x83\x82\x14\x32\x08\x81\x41"
"\x5b\xdc\x00\x06\xc7\x06\x60\x33\x16\x30\x90\x41\x80\x61\x03\x02"
"\x34\x82\x01\xf0\x49\x80\x83\x84\x82\x14\x32\x08\x81\xc1\x59\xdc"
"\x00\x06\xc7\x06\x20\x28\xd8\x05\x04\x0c\x1b\x10\xa6\x11\x0c\x80"
"\x4f\x82\x1d\x20\x14\xa4\x90\x41\x08\x0c\xd6\xe2\x02\x30\x30\x36"
"\x60\xd8\x80\x28\x8d\x60\x00\x66\x09\x96\x81\x0e\x80\x65\x0c\x9c"
"\x41\x70\xe6\x18\xe8\x08\xe4\xc5\xf0\x17\xc4\x5f\x8e\x61\x03\x42"
"\x08\x06\x60\xd8\x80\x38\x0d\xbd\x18\x80\x59\x82\xdb\x1b\xa8\x10"
"\x5c\x62\x30\x89\x64\xa0\x22\x90\x89\x41\x4a\x46\x0c\x0c\x03\x04"
"\xc1\xa0\x38\x0d\xb8\xc8\x85\xe1\x86\x55\xe8\x8b\x30\x18\x6e\x10"
"\xe0\xc2\x0c\xa6\x1b\x02\xb8\x10\x94\x10\x11\x30\xdc\x60\x04\x62"
"\x30\xdd\x10\xcc\xc5\x30\xcb\xc0\x84\x41\x90\xb1\x00\x14\x91\xd4"
"\x80\x81\x61\x03\xe2\x36\x82\x01\xf0\x49\x10\x0a\x0a\x52\xa0\xd9"
"\x08\xe3\x02\xbc\xb8\x0b\x04\xbe\x20\x2f\xf0\x02\x81\x2f\xd0\x8b"
"\xbb\x40\xe0\x61\x03\x42\x37\x82\x01\xc8\x20\xc1\x25\x01\x53\x6f"
"\x84\x31\x4b\x00\x0d\x54\x04\x8f\xd7\x13\xdf\x70\x43\xf0\x17\x66"
"\x30\xcb\x00\x06\x4e\x80\x02\x6e\x80\xc0\x08\x85\xff\xff\xff\xff"
"\x0f\x41\x6e\x00\xc3\x70\xc4\xff\xff\xff\xff\x0f\x41\x68\x80\xc1"
"\x2c\xc3\x03\x05\xc3\x06\xc5\x78\xe0\xff\xff\xff\xff\x10\x0c\xc0"
"\xb0\x01\x91\x1e\xa4\x31\x00\x23\x06\x86\x01\x82\x60\x50\xf8\x46"
"\x6a\xc8\xc3\x2c\xc1\xed\x0d\x54\x04\x76\xc3\x10\xce\x40\x45\xe0"
"\x30\x8f\x33\x50\x11\xb8\x0d\xa3\x38\x27\xa4\xc6\x5d\x30\xf0\x05"
"\xaa\x81\x17\x08\x7c\xc1\x6a\xdc\x05\x02\x67\x90\x60\xb8\x21\x0a"
"\xc0\x60\x96\x41\x0c\xa2\x60\xb8\x21\x01\x0f\x33\x98\x65\x90\xbc"
"\x40\x15\x11\x01\xc3\x0d\x8b\x79\x90\xc1\x2c\xc3\x36\x05\xc3\x0d"
"\xcc\x6b\x90\xc1\x2c\x03\x46\x05\x37\xbc\x86\xce\x31\xbc\xc6\x61"
"\x1e\x83\x0c\x01\x6c\xbc\xc6\x2c\x41\x35\x50\x21\xc0\x0e\x75\x55"
"\x03\x15\x0d\xd8\x50\x51\x35\x50\xd1\x88\x0d\x15\x55\x5e\x0d\x27"
"\xb1\x1e\x83\x4f\x42\x20\x1b\x24\xb4\x40\x42\x0b\xc3\x0d\x02\x02"
"\x06\xc3\x0d\x42\x02\x06\xd3\x0d\xb6\x81\x08\xd3\x0d\xb7\x81\x08"
"\xb8\xdc\x06\x04\x0c\x37\x04\x0f\x18\xcc\x32\x58\x55\x30\xdc\x40"
"\xf0\x46\x18\x0c\x37\x10\xbd\x11\x06\xd3\x0d\xba\x11\x08\x19\xc0"
"\x1d\x6e\x08\x76\x03\x0c\x32\x48\x31\xdc\x60\x65\x60\x30\xcb\xc0"
"\x5d\xc1\x69\xbd\xa1\xc3\x0d\x41\x7f\x80\xc1\x2c\xc3\x86\x05\x03"
"\x15\x09\xfd\x4c\xc8\x35\x50\x21\xf8\xcf\x44\x07\xd7\x79\xe0\xa1"
"\x73\x0c\xe0\x31\x84\xc8\x20\x43\x10\x1e\xe0\x31\xc7\x20\x1e\x64"
"\x30\x22\x83\x0c\xc1\x78\x88\xc7\x2c\x41\x36\x50\x21\x30\x58\x93"
"\x0d\x54\x44\x08\x96\x64\x5e\x0d\x63\x71\x22\x02\x05\x31\x0c\x37"
"\x04\x05\x18\x4c\x37\x9c\x07\x11\xa0\x81\x22\x10\x30\xdc\x10\x30"
"\x60\x30\xcb\xa0\x65\x41\x0e\x62\x87\x1b\x02\xf5\x00\x83\x0c\x52"
"\x0c\x37\x40\x6e\x00\x06\xb3\x0c\xdc\x16\x0c\x74\x08\x62\x24\xe1"
"\xc2\x25\x06\xda\x40\x47\xc2\x43\x12\x1c\x5c\x86\x36\x4b\xd0\x0d"
"\x74\x24\x72\x60\x21\xda\xd3\x0d\x37\x04\x30\x02\x06\xb3\x0c\xde"
"\x17\x0c\x54\x08\x4d\x87\x6c\x03\x15\x49\xd2\x21\x9b\x57\xc3\x5c"
"\xdc\x88\x40\x41\x0a\xc3\x0d\x81\x1e\x80\xc1\x74\x43\x8d\x10\x01"
"\x1a\x34\x02\x03\xc3\x0d\x81\x1e\x80\xc1\x2c\x03\xd7\x05\x59\x0a"
"\x42\xbc\x1a\xf4\xc2\x47\x82\x61\x03\x22\x00\x85\x00\x98\x25\x68"
"\xf0\x14\x62\x04\x04\x66\x09\x9a\x61\x03\xa2\x4d\x44\x61\x00\x66"
"\x09\xc2\x60\xa0\x22\xe0\x21\x30\x50\xa5\x65\xd8\x80\xa0\x93\x60"
"\x00\x46\x0c\x0c\x03\x04\xc1\xa0\x48\x13\x1a\xe9\x8b\x59\x82\xdb"
"\x1b\x36\x20\xdc\x64\x14\x06\x20\x53\x21\xc1\x88\x81\x61\x80\x20"
"\x18\x14\x6a\x52\x23\x7e\x31\xcc\x97\x04\xae\x97\x07\xb5\x97\x8d"
"\x01\xc6\x0a\x7a\xd0\x12\x7b\xe0\x1b\x7c\x60\x2f\x7d\x90\x3e\x7e"
"\x10\x4e\x7f\x30\x56\xa0\x00\x5f\xa1\x70\x72\xa2\x70\x72\xa3\x80"
"\x72\xa4\x10\x7a\xc3\x0d\xe6\x10\x1f\x66\xa0\xbf\x20\x22\x60\xb8"
"\x21\x1d\x02\x31\x98\x6e\x08\x6c\x64\x98\x65\x20\x03\x3c\x08\x50"
"\x1d\xd4\x04\x06\x86\x0d\x88\x3c\x09\x06\xc0\x27\x81\x1c\x08\x0a"
"\x52\x38\x5e\xc8\x91\xbb\xa0\x17\xf8\x02\x1d\xc1\x0b\x04\xbe\x60"
"\x47\xee\x02\x81\x87\x0d\x88\x3d\x09\x06\x20\x83\x04\x87\x04\xac"
"\x8b\x88\x80\xe1\x86\x7b\x08\xc4\x60\x96\xa1\x0c\xf0\x20\xc0\x7b"
"\x08\x11\x18\x18\x36\x20\x4c\x25\x18\x80\x33\xc8\xe4\x2e\x38\xf8"
"\x82\x32\xc1\x0b\x04\xbe\xc0\x4c\xee\x02\x81\x87\x0d\x08\x53\x09"
"\x06\x80\x5c\x25\x8c\xe1\x86\xc0\x4f\xc4\x60\x96\x01\x0f\xcc\x20"
"\x50\x41\x44\x80\x2a\x22\x02\x86\x1b\x46\x22\x20\x83\x23\x09\x21"
"\x86\x1b\x02\x82\x0c\xa6\x1b\xfe\x24\x18\x66\x19\xf0\xe0\x0c\x82"
"\xe1\x06\x24\x54\xc0\x60\x96\x01\x0e\xd0\x20\x18\xa8\x08\xda\x80"
"\x0d\x48\xea\x0c\x06\x2a\x84\x3f\x60\x03\x94\x3a\x83\x81\x0a\x61"
"\x0f\xd8\x40\xa5\xce\x60\xa0\x22\x68\x03\x36\x50\xa9\x33\x18\xa8"
"\x08\xd2\x80\x0d\xd0\xe0\x0c\x06\x2a\x82\x32\x60\x03\xef\x0c\x86"
"\x1b\x06\x54\x01\x83\x59\x86\x34\x60\x83\x60\xb8\x61\xe0\x13\x33"
"\x50\x42\x44\xc0\x70\x43\x4c\x04\x62\x30\xdd\x10\xf8\xc9\x30\xcb"
"\xb0\x06\x6a\x10\x0c\x1b\x10\xe1\x32\x2b\x03\x30\x4b\xc0\x06\x78"
"\xcc\x0a\x0c\x0c\x1b\x10\xe1\x12\x0c\x80\x4f\x02\x4b\x10\x14\xa4"
"\x70\x49\xa8\xdc\x05\x0a\x5f\x20\x2a\x78\x81\xc0\x17\x8c\xca\x5d"
"\x20\xf0\xb0\x01\x31\x2e\xc1\x00\x64\x90\xe0\x90\x80\x67\x09\xd8"
"\x60\xa0\x23\xe0\x2b\x35\x60\x83\x35\x60\x03\x34\x18\xe8\x08\xc8"
"\x40\x0d\x90\x35\x20\x03\x34\x18\xe8\x08\xd0\x40\x0d\xb4\x35\x40"
"\x03\x34\x18\xe8\x08\x44\x4b\x0d\xec\x6a\x0d\xd8\x00\x0d\x06\x3a"
"\x12\xb8\x52\x03\x65\x0d\xe0\x0a\x0d\x32\x10\x71\x9b\xad\xdc\x05"
"\x6d\xa2\x37\x04\x77\x41\xb7\xf8\xf1\x0a\x0c\x0c\x37\x04\x68\x00"
"\x06\xb3\x0c\x6d\x80\x06\xc1\x70\x03\x43\x2e\x60\x30\xcb\xe0\x06"
"\x79\x10\x0c\x37\x2c\xe5\x82\x06\xb3\x0c\x78\xf0\x06\x81\x32\x22"
"\x02\x86\x1b\xda\x22\x20\x83\x73\x0b\x21\x86\x1b\x02\x37\x20\x83"
"\xe9\x86\x74\x09\x86\x59\x06\x3c\x88\x83\x40\xf3\x40\x44\xc0\x70"
"\x83\x5c\x04\x64\x70\x73\x21\xc4\x70\x43\x30\x07\x64\x30\xdd\xe0"
"\x2e\xc1\x30\xcb\x80\x07\x79\x10\xcc\x32\xe4\x81\x1c\xbc\xc1\x88"
"\x81\x01\x84\x20\x18\x1c\xf7\x72\x07\xf6\xa2\x81\x88\x80\x59\x82"
"\x39\x18\xa8\x08\xc8\x4b\x0e\xda\xe0\x0e\x06\x2a\x04\xf4\x92\x83"
"\x3f\xb8\x83\x81\x0a\x41\xbd\xe4\x60\x0f\xee\x60\xa0\x22\x50\x2f"
"\x39\x68\x83\x3b\x18\xa8\x08\xf0\x40\x0e\xd2\xe0\x0e\x06\x2a\x02"
"\x3e\x90\x83\x32\xb8\x83\xe1\x86\x01\x5f\xc0\x60\x96\x81\x0e\xee"
"\x20\x18\x6e\x18\xd8\xc5\x0c\x94\x10\x11\x30\xdc\x10\x1a\x81\x18"
"\x4c\x37\x04\xee\x32\xcc\x32\xd8\x41\x1d\x04\xc3\x06\x44\xcc\x8c"
"\xcc\x00\xcc\x12\xdc\x01\x1e\x23\x03\x03\xc3\x06\x44\xcc\x04\x03"
"\xe0\x93\xc0\x17\x04\x05\x29\x5c\x12\x2f\x77\x81\xc2\x17\xc8\x0b"
"\x5e\x20\xf0\x05\xf3\x72\x17\x08\x3c\x6c\x40\xcc\x4c\x30\x00\x19"
"\x24\x38\x24\xe0\x59\x82\x3b\x18\xe8\x08\x78\xac\x0e\xd8\xc0\x0e"
"\xd8\x60\x0e\x06\x3a\x02\x32\xa8\x03\xc4\x0e\xc8\x60\x0e\x06\x3a"
"\x02\x34\xa8\x03\xcd\x0e\xd0\x60\x0e\x06\x3a\x02\x31\xab\x03\x1b"
"\xb3\x03\x36\x98\x83\x81\x8e\x04\xc6\xea\x40\xb1\x03\x18\x9b\x83"
"\x0c\x44\xdc\x66\x32\x77\x41\xaf\xe8\x0d\xc1\x5d\xd0\x2d\x7e\x2c"
"\x03\x03\xc3\x0d\x81\x18\x80\xc1\x2c\x43\x1e\xcc\x41\x30\xd0\x13"
"\xd0\x19\x19\xd0\xd9\x18\xd0\x58\x19\xd0\x99\x19\xd0\x19\x1c\xd0"
"\xd9\x1b\xd0\x99\x1b\x0c\xf4\x24\xac\x41\x06\x62\x36\x06\xac\x51"
"\x06\xac\x61\x06\xac\x01\x07\xac\xf1\x06\xac\xe1\x06\x03\x3d\x82"
"\x9b\x91\x81\x9b\x8d\x81\x9b\x95\x81\x9b\x99\x81\x9b\xc1\x81\x3a"
"\xbc\x81\x3a\xb8\xc1\xb0\x01\xb1\x36\xc3\x00\xcc\x12\xe4\xc1\x40"
"\x4b\x02\x1b\x6d\x00\x1b\x71\x00\x1b\x70\x40\xe0\x01\x6c\xdc\xc1"
"\x40\x4b\x00\x12\x6d\x00\x67\x71\x00\x67\x70\xc0\x67\x78\x00\x06"
"\x77\x30\xd0\x22\xc0\x43\x1b\xc0\x43\x1c\xd0\x19\x1c\x18\x78\x00"
"\x0f\x77\x30\xd0\x22\xd8\x59\x1b\xd8\x59\x1c\xd8\x19\x1c\xd8\x19"
"\x1e\x48\x77\x40\x6a\x23\xc8\x70\x83\x10\x90\xc1\x2c\x03\x1f\xe8"
"\x41\x30\xdc\x50\xf4\x0c\x18\xcc\x32\xec\x41\xed\x05\xc3\x06\x84"
"\xdc\x8c\xcd\x00\xcc\x12\xdc\x1e\xbd\x8d\x20\x17\x14\x30\xdc\x90"
"\xc4\x8b\x18\x0c\x37\x24\x61\x03\x06\xb3\x0c\x7d\xf0\x07\xc2\x2c"
"\x83\x1f\xd4\x5e\x30\x6c\x40\xd8\x0d\xce\x0c\xc0\x2c\xc1\xed\xcd"
"\x32\x80\x42\xed\x05\xc3\x0d\xc4\xd8\x80\xc1\x2c\xc3\x28\x84\x42"
"\xa0\x8c\x88\x80\xe1\x86\x25\x11\x83\x53\x98\x18\x6e\x08\x06\x32"
"\x98\x6e\x30\x9b\x60\x98\x65\x18\x05\x51\x08\x86\x1b\x22\xb2\x01"
"\x83\x59\x86\xda\x23\x85\x60\xd8\x80\xe8\x1b\xb7\x19\x80\x59\x82"
"\xdb\x4b\x25\x01\xed\x8d\x20\x19\x00\x75\x49\x08\xa6\x61\x03\x22"
"\x20\x02\x60\xb8\xc1\x52\x1b\x30\x98\x65\xa8\xbd\x52\x08\xee\x61"
"\x1b\xcc\x20\x01\x85\x8e\x20\x19\x00\x75\x49\x08\xd8\xc6\x25\x21"
"\xd0\x86\x0d\x88\xa0\x08\x80\xe1\x86\xee\x65\xc0\x60\x96\xa1\xf6"
"\x4c\x21\x38\x8b\x67\x30\x83\x04\x84\x3a\x82\x64\x00\xd4\x25\x21"
"\x90\x1b\x97\x84\x20\x0c\x86\x0d\x88\xa0\x08\x80\xe1\x06\x32\xa8"
"\x19\x30\x98\x65\xa8\xbd\x53\x08\xae\xf3\x19\xcc\x20\x01\xbd\x8e"
"\x20\x19\x00\x75\x49\x08\xf0\xc6\x25\x21\x40\x83\x61\x03\x22\x28"
"\x02\x60\xb8\x61\x0d\x76\x06\x0c\x66\x19\x6a\x0f\x15\x82\x23\x03"
"\xb4\xc1\x0c\x12\x90\xed\x08\x92\x01\x50\x97\x84\x40\x74\x5c\x12"
"\x82\x37\x18\x36\x20\x82\x22\x00\x86\x1b\xe4\x20\x6c\xc0\x60\x96"
"\xa1\xf6\x52\x21\xb8\x35\xb8\x19\xcc\x20\x01\xf5\x8e\x20\x19\x00"
"\x75\x49\x08\x74\xc6\x25\x21\xb0\x83\x61\x03\x22\x28\x02\x60\xb8"
"\x21\x0f\xce\x06\x0c\x66\x19\x6a\x4f\x15\x82\x93\x03\x9e\xc1\x0c"
"\x12\x10\xf9\x08\x92\x01\x50\x97\x84\xe0\x67\x5c\x12\x82\x3e\x18"
"\x36\x20\x82\x22\x00\x86\x1b\x40\xa1\x6d\xc0\x60\x96\xa1\xf6\x56"
"\x21\xb8\x3c\x08\x1b\xcc\x20\x01\xad\x8f\x20\x19\x00\x75\x49\x08"
"\xc8\xc6\x25\x21\x20\x85\x61\x03\x22\x28\x02\x60\x96\xa0\xf6\x86"
"\x1b\xc6\xc4\x6d\xcc\x40\x79\x44\x44\xc0\x70\x83\x99\x04\x62\x30"
"\xdd\x10\xcc\xce\x30\xcb\xd0\x0a\xe8\x10\xe0\x99\x9c\x0f\x0c\x0c"
"\x1b\x10\xf6\x13\x0c\x80\x4f\x42\x98\x10\x14\xa4\x70\x39\x62\x3b"
"\x77\x81\x8e\xf0\x05\xb7\x83\x17\x08\x7c\x01\xee\xdc\x05\x02\x0f"
"\x1b\x10\xf8\x13\x0c\x40\x06\x09\x0e\x09\x58\x17\x11\x01\xc3\x0d"
"\x74\x12\x88\xc1\x2c\x83\x2b\xa0\x43\x80\x74\xe2\x37\x30\x30\x6c"
"\x40\x8c\x50\x30\x00\x67\x84\xcf\x5d\x70\xf0\x05\xe2\x83\x17\x08"
"\x7c\xc1\xf8\xdc\x05\x02\x0f\x1b\x10\x23\x14\x0c\x00\xad\x50\x18"
"\xc3\x0d\xc1\xfe\x88\xc1\x2c\x03\x3a\xbc\x42\xa0\x82\x88\x00\x55"
"\x44\x04\x0c\x37\x80\x4a\x40\x06\x17\x2a\x42\x0c\x37\x04\x04\x19"
"\x4c\x37\xf0\x4f\x30\xcc\x32\xa0\x03\x2c\x04\xc3\x0d\x88\xff\x80"
"\xc1\x2c\xc3\x2d\xc4\x42\x30\x50\x11\xb4\x41\x2d\xf8\x1f\x2c\x0c"
"\x54\x08\x7f\x50\x0b\x22\x18\xc0\xc2\x40\x85\xb0\x07\xb5\x40\x82"
"\x01\x2c\x0c\x54\x04\x6d\x50\x0b\x24\x18\xc0\xc2\x40\x45\x90\x06"
"\xb5\x80\x06\xb0\x30\x50\x11\x94\x41\x2d\x78\xb0\x30\xdc\x30\x94"
"\x10\x18\xcc\x32\xc8\x42\x2d\x04\xc3\x0d\x43\xfe\x98\x81\x12\x22"
"\x02\x86\x1b\x5c\x25\x10\x83\xe9\x86\x60\x7f\x86\x59\x06\x5a\x98"
"\x85\x60\xd8\x80\xf0\x21\x18\x1a\x80\x59\x82\x5a\xc0\x03\x86\x60"
"\x60\xd8\x80\xf0\xa1\x60\x00\x7c\x12\x52\x85\xa0\x20\x85\x4b\xfc"
"\xe7\x2e\x50\xf8\x82\xff\xc1\x0b\x04\xbe\x00\x84\xee\x02\x81\x87"
"\x0d\x08\x30\x0a\x06\x20\x83\x04\x87\x04\x3c\x4b\x50\x0b\x03\x1d"
"\x81\x1d\x06\xb3\xc0\x06\xb4\xc0\x06\xb1\x30\xd0\x11\x90\xc1\x2c"
"\x20\xb4\x40\x06\xb1\x30\xd0\x11\xa0\xc1\x2c\x68\xb4\x80\x06\xb1"
"\x30\xd0\x11\xf0\x61\x30\x0b\x70\x18\xd0\x02\x1b\xc4\xc2\x40\x47"
"\xa2\x86\xc1\x2c\x28\xb4\xa0\x86\x41\x2c\x64\x20\xe2\xb6\x19\xba"
"\x0b\xd4\x47\x6f\x08\xee\x82\x6e\xf1\xcb\x21\x18\x18\x6e\x08\xd0"
"\x00\x0c\x66\x19\x6c\x21\x16\x82\xe1\x06\x26\x8c\xc0\x60\x96\xe1"
"\x16\xd6\x21\x18\xa8\x10\x10\x5b\x30\xc5\x00\x16\x06\x2a\x02\xcc"
"\x16\xd0\x01\x16\x06\x2a\x02\xce\x16\x7c\x01\x16\x86\x1b\x04\x1c"
"\x32\x03\x1d\x44\x04\x0c\x37\xb4\x4b\x20\x06\xd3\x0d\x81\x0e\x0d"
"\xb3\x0c\xb8\x80\x0e\x01\x1a\x6f\x04\x03\xc3\x06\x44\x1f\x05\x03"
"\x70\xc6\x0e\xdd\x05\x07\x5f\xc0\x43\x78\x81\xc0\x17\xf4\xd0\x5d"
"\x20\xf0\xb0\x01\xd1\x47\xc1\x00\xe8\x21\x22\x60\xb8\xe1\x5e\x02"
"\x31\x98\x65\xc8\x05\x74\x08\xf0\xb9\x23\x18\x18\x36\x20\x4c\x29"
"\x18\x80\x23\xc8\xe8\x2e\x28\xf8\x82\x32\xc2\x0b\x04\xbe\xc0\x8c"
"\xee\x02\x81\x87\x0d\x08\x53\x0a\x06\x40\x0f\x11\x01\xc3\x0d\x20"
"\x13\x90\xc1\x85\x8c\x10\xc3\x0d\x01\x29\x90\xc1\x74\x03\x1f\x05"
"\xc3\x2c\x03\x3a\xe8\x42\x30\xcb\x20\x0e\xbb\x00\x0a\x23\x06\x06"
"\x10\x82\x60\x70\x94\x12\x2a\x90\x92\x06\x22\x02\x66\x09\x78\x61"
"\xa0\x22\x00\xc9\x60\x17\xda\x00\x1c\x06\x2a\x04\x92\x0c\x76\xe1"
"\x0f\xc0\x61\xa0\x42\x30\xc9\x60\x17\xf6\x00\x1c\x06\x2a\x02\x93"
"\x0c\x76\xa1\x0d\xc0\x61\xa0\x22\x20\x83\x5d\x48\x03\x70\x18\xa8"
"\x08\xb4\x5d\x28\x03\x70\x18\x6e\x18\x4c\x09\x0c\x66\x19\x7a\x01"
"\x1c\x82\xe1\x86\x41\x8f\xcc\x40\x09\x11\x01\xc3\x0d\x2f\x13\x88"
"\xc1\x74\x43\xc0\x47\xc3\x2c\xc3\x2f\xf8\x42\x30\x6c\x40\xfc\x52"
"\x2c\x0d\xc0\x2c\x01\x38\xe0\x11\x4b\x30\x30\x6c\x40\xfc\x52\x30"
"\x00\x3e\x09\x2a\x43\x50\x90\xc2\x25\x7f\x74\x17\x28\x7c\x01\x28"
"\xe1\x05\x02\x5f\x10\x4a\x77\x81\xc0\xc3\x06\x44\x38\x05\x03\x90"
"\x41\x82\x43\x02\x9e\x25\x00\x87\x81\x8e\x00\x2f\x03\x5f\x60\x83"
"\x5f\x60\x03\x5e\x18\xe8\x08\xc8\xc0\x17\x90\x5f\x20\x03\x5e\x18"
"\xe8\x08\xd0\xc0\x17\xb4\x5f\x40\x03\x5e\x18\xe8\x08\xfc\x32\xf0"
"\x05\xb9\x0c\x7e\x81\x0d\x78\x61\xa0\x23\x61\xcb\xc0\x17\x94\x5f"
"\x60\xcb\x80\x17\x32\x10\x71\x1b\x2d\xdd\x05\x6b\xa4\x37\x04\x77"
"\x41\xb7\xf8\xe9\x12\x0c\x0c\x37\x04\x62\x00\x06\xb3\x0c\xe1\xc0"
"\x0b\xc1\x70\x03\x23\x4e\x60\x30\xcb\x20\x0e\xeb\x10\x0c\x54\x08"
"\x48\x38\xa0\x66\xa0\x0b\x54\x4f\x82\x0c\x37\x04\xe6\x04\x06\xb3"
"\x0c\xe8\x30\x0e\x01\xd5\x93\x20\xc3\x0d\x44\x20\x06\x27\x14\x31"
"\xdc\x10\xc4\x03\x19\x4c\x37\xa4\x53\x30\xcc\x32\xa0\x03\x39\x04"
"\xb3\x0c\xeb\x50\x0e\xed\x90\x07\x50\x97\x84\x20\x19\x31\x30\x80"
"\x10\x04\x83\x83\x9e\xee\x61\x9e\x34\x10\x11\x70\xc1\x39\xe9\x70"
"\x83\x3e\x98\x13\x1a\xcc\x32\xa4\x83\x39\x04\x37\xe0\x91\xce\x12"
"\x9c\xc3\x40\x85\x60\x9e\x81\x39\x94\xc2\x39\x0c\x54\x08\xe8\x19"
"\x98\x43\x28\x9c\xc3\x40\x85\xa0\x9e\x81\x39\x8c\xc2\x39\xb8\x24"
"\x24\x03\x05\x29\x64\x20\xe2\x0c\x78\xba\x0b\xfe\x48\x6f\x08\xee"
"\x02\x64\x51\xb1\xa7\x0d\x70\x49\x88\x02\x0a\x52\xc8\x40\xc4\x11"
"\xf8\x74\x17\x98\x92\xde\x10\xdc\x05\xc8\xa2\xd4\x4f\x1b\xe0\x92"
"\x90\x05\x14\xa4\x90\x81\x88\x23\x40\xea\x2e\x68\x25\xbd\x21\xb8"
"\x0b\x90\x45\x8d\xa4\x36\xc0\x25\x21\x0c\x02\x0a\x52\xc8\x40\xc4"
"\x11\x28\x75\x17\xfc\x92\xde\x10\xdc\x05\xc8\xa2\x18\xbc\x14\x0c"
"\x5c\x18\xc0\x14\x0c\x37\x04\x65\x00\x06\xb3\x0c\xe9\x70\x0e\xc1"
"\x40\x53\xa0\xa7\x41\x2b\xe8\x69\xc0\x0a\x3a\x1a\xb8\x82\x9e\x06"
"\xaf\xa0\xa7\xc1\x2d\xe8\x69\x80\x0b\x7a\x1a\xe4\x02\x9e\x06\xe3"
"\x80\xa7\x81\x38\x0c\x34\x25\xb8\xd2\x0a\x68\x1a\xb0\x02\xae\xb8"
"\x02\xae\xbc\x02\xae\xdc\x02\xae\xe0\x02\xae\xe4\x02\xae\x8c\x03"
"\xae\x88\xc3\x40\x93\x40\xa7\x41\x2b\xd0\x69\xc0\x0a\x74\x1a\xb8"
"\x02\x9d\x06\xaf\xe0\x1e\xb7\xe0\x1e\xb8\xe0\x1e\xb9\xe0\x1e\xe3"
"\xe0\x1e\xe2\x30\x6c\x40\xb8\xd5\x30\x00\xb3\x04\xeb\x30\x50\x21"
"\xe8\x65\x50\x0e\xce\x39\x0c\x54\x08\x78\x1a\x94\x83\x73\x0e\x03"
"\x15\x82\x9e\x06\xe5\x20\x9d\xc3\x70\x83\x1b\xf8\x14\x18\xcc\x32"
"\xac\x83\x3a\x04\x03\x15\x42\xa5\x0e\x46\x3a\x0c\x54\x08\x91\x3a"
"\x18\xe9\x30\x50\x21\x4c\xea\x20\xaa\x41\x3a\xb8\x24\xd4\xc1\x40"
"\x41\x0a\x19\x88\x38\x83\xa7\xee\x82\x79\xd2\x1b\x82\xbb\x00\x59"
"\x54\xc4\x0a\x06\x2e\x19\x2b\x18\x6e\x08\xf6\x00\x0c\x66\x19\xd6"
"\x41\x1d\x82\x81\x9a\xc4\x5f\xc2\xc1\x5f\xc8\xc1\x5f\x6c\xc1\x0c"
"\xd0\xc1\x5f\xd4\xc1\x5f\xd2\x61\xa0\x66\xe1\xd3\x20\x1c\x6c\x35"
"\x20\x07\x3e\x0d\x6c\x81\x4f\x03\x74\xb0\xd5\x40\x1d\x6c\x35\x48"
"\x87\x81\x1a\xc1\x46\xc2\xc1\x46\xc8\xc1\x47\x6c\x01\x0d\xd0\xc1"
"\x46\xd4\xc1\x46\xd2\x61\xa0\x46\xf0\xd5\x20\x1c\x7c\x35\x20\x07"
"\x5f\x0d\x6c\xc1\x57\x03\x74\x40\x83\x74\x70\xd4\x61\xb8\x81\x00"
"\x29\x31\x98\x65\x60\x07\x77\x08\x66\x19\xda\xa1\xf6\x88\x61\x03"
"\x82\xb4\xcc\x6a\x00\x66\x09\x6e\x6f\x96\xe1\x1d\x6a\x8f\x18\x6e"
"\x10\xe2\x0a\x0c\x66\x19\xe0\x21\x1e\x82\x61\x03\xa2\xb4\x40\x6a"
"\x00\x66\x09\x6e\x8f\x44\x4b\x90\x0b\xe8\x09\x86\x1b\x82\x62\x0c"
"\xce\x18\x82\x48\x4b\x90\xe1\x06\x21\x10\x83\xe9\x06\xbb\x0a\x88"
"\x59\x86\x7e\x90\x87\x40\x1b\x11\x01\x47\x14\x31\xdc\x10\x08\x64"
"\x30\xcb\x50\x0f\xf3\x10\x0c\x37\x40\x77\x05\x06\xb3\x0c\x26\x41"
"\x0f\x41\x2e\x40\x5d\x12\x82\x84\x82\x14\x32\x10\x31\xdc\x50\xf5"
"\x15\x18\xcc\x32\x98\x84\x3d\x04\xc3\x06\x44\x6d\x99\xd6\x00\xcc"
"\x12\xdc\x9e\x4b\x02\xb1\x57\x14\xa4\x90\x81\x08\x0c\x44\xeb\x06"
"\x30\x30\x36\x60\xb8\x61\x0b\x2b\x30\x98\x65\x30\x89\x7b\x08\x5c"
"\x12\x14\xd0\xa2\x20\x85\x0c\x44\x60\x10\x57\x37\x80\x81\xb1\x01"
"\xc3\x0d\x61\x60\x56\x60\x30\xcb\x60\x12\xf8\x10\xb8\x24\x40\xa5"
"\x45\x41\x0a\x19\x88\xc0\x40\xae\x6e\x00\x03\x63\x03\x86\x1b\xce"
"\x60\xad\xc0\x60\x96\xc1\x24\xf2\x21\x70\x49\xb0\x5c\x8b\x82\x14"
"\x32\x10\x81\xc1\x5e\xdd\x00\x06\xc6\x06\x0c\x37\xb4\x01\x5c\x81"
"\xc1\x2c\x83\x49\xe8\x43\xe0\x92\xc0\x95\x15\x05\x29\x64\x20\x02"
"\x83\xb4\xba\x81\x0b\x8c\x1d\x6e\x98\x83\xba\x02\x83\x59\x06\x93"
"\xd8\x87\xc0\x25\x41\x0c\xd2\x8a\x82\x14\x32\x10\x81\x41\x5b\xdd"
"\xc0\x05\xc6\x0e\x37\xe4\x81\x5e\x81\xc1\x2c\x83\x49\xf0\x43\xe0"
"\x92\x80\x06\x6d\x45\x41\x0a\x19\x88\xc0\x20\xae\x2e\xe0\x02\x63"
"\x67\x09\x4c\x22\xf9\x00\xe8\x70\x03\x28\x9c\x17\x18\xcc\x32\x98"
"\x84\x3f\x04\x24\xa4\x90\x81\x88\xe1\x86\x51\x58\x2f\x30\x98\x65"
"\x30\x89\x7f\x08\x7c\x12\x8a\xf4\xa2\x20\x85\x0c\x44\x60\x00\x5f"
"\x37\x80\x81\xb1\x01\xc3\x0d\xa9\xf0\x5a\x60\x30\xcb\x60\x12\x20"
"\x11\xf8\x24\x2c\xee\x45\x41\x0a\x19\x88\xc0\xe0\xb7\x6e\x00\x03"
"\x63\x03\x86\x1b\x5e\x81\xb6\xc0\x60\x96\xc1\x24\x42\x22\xf0\x49"
"\x88\xe6\x8b\x82\x14\x32\x10\x81\x01\x78\xdd\x00\x06\xc6\x06\x0c"
"\x37\xd4\x42\x6e\x81\xc1\x2c\x83\x49\x88\x44\xe0\x93\x70\xf1\x17"
"\x05\x29\x64\x20\x02\x83\xf4\xba\x01\x0c\x8c\x0d\x18\x6e\xd8\x05"
"\xdf\x02\x83\x59\x06\x93\x18\x89\xc0\x27\xa1\x9b\x2d\x0a\x52\xc8"
"\x40\x04\x06\xb7\x75\x03\x17\x18\x3b\xdc\x10\x0e\xe3\x05\x06\xb3"
"\x0c\x26\x41\x12\x81\x4f\xc2\x18\xdc\x16\x05\x29\x64\x20\x02\x83"
"\xdd\xba\x81\x0b\x8c\x1d\x6e\x38\x07\xf4\x02\x83\x59\x06\x93\x28"
"\x89\xc0\x27\x21\x0d\x76\x8b\x82\x14\x32\x10\x81\xc1\x6f\x5d\xc0"
"\x05\xc6\xce\x12\x98\xc4\x40\x65\x20\xc8\x71\xd0\x0f\x72\x1c\xcc"
"\x83\x2d\xf8\x83\x2a\xfc\x83\x1f\x80\x84\x1c\x84\x84\x19\x88\x84"
"\x36\x12\x0e\x49\x08\x25\x21\x17\xf4\x60\x16\xf6\xa0\x13\xf7\xe0"
"\x12\xf8\x20\x12\xf9\x60\x0f\xfa\xa0\x0e\xfb\xe0\x0b\xfc\x40\x6a"
"\x26\xc8\x70\x43\xb0\x63\x60\x30\xcb\xb0\x12\x27\x11\x90\x9a\x09"
"\xa2\xf1\x20\x22\x60\xb8\x01\x1e\x04\x31\xb8\x21\x1e\x62\xb8\x21"
"\x18\xc8\x60\xba\xe1\xc7\x82\x61\x96\x61\x25\x50\x22\x18\x6e\xb0"
"\x87\x1e\x03\x83\x59\x86\xda\x4b\x89\x40\xef\x41\x44\xc0\x05\x3b"
"\xa6\xc3\x0d\xf9\xd0\x5f\x64\x30\xcb\xf0\x7a\x2a\x11\xdc\xc0\x5e"
"\x3a\x4b\xc0\x12\xc3\x06\x84\x9e\xad\xd9\x00\xcc\x12\xdc\xde\x40"
"\x85\xe0\xca\x81\x4a\xf4\x01\x4b\x0c\x54\x08\x9e\x4a\xe4\x01\x4b"
"\x0c\x54\x08\xb2\x1c\xa8\xc4\x1e\xb0\x44\x0a\x09\x68\xcf\x04\xc9"
"\x00\xa8\x4b\x42\x60\xb8\x24\x04\x20\x31\x6c\x40\x04\x45\x00\xdc"
"\xc1\x66\x88\x49\x9a\x6d\x40\x0a\x09\x48\xd4\x04\xc9\x00\xa8\x4b"
"\x42\x40\xb8\x24\x04\x27\x31\x6c\x40\x04\x45\x00\x9c\xc3\x63\x88"
"\xd0\x9b\x6d\x40\x0a\x09\x28\xd5\x04\xc9\x00\xa8\x4b\x42\x40\xb8"
"\x24\x04\x2e\x31\x6c\x40\x04\x45\x00\x5c\xe5\x63\x88\x57\x9d\x6d"
"\x40\x0a\x09\x08\xd6\x04\xc9\x00\xa8\x4b\x42\x40\xb8\x24\x04\x35"
"\x31\x6c\x40\x04\x45\x00\x1c\x87\x66\x88\xde\x9f\xc1\xc0\x75\xa0"
"\x06\xc3\x0d\x41\x18\x80\xc1\x2c\xc3\xeb\xb1\x44\x30\xdc\xc0\x52"
"\x37\x66\x06\x5a\x52\x22\x02\x86\x1b\x5e\x2a\x10\x83\xe9\x86\x80"
"\xcf\x86\x59\x06\x97\xc0\x89\x00\x61\x0a\xd6\x60\x60\xd8\x80\xf8"
"\xb5\x60\x00\x7c\x12\x54\x8a\xa0\x20\x85\x13\xa9\x3f\xbb\x0b\x46"
"\x8a\x2f\x00\x35\xbc\x40\xe0\x0b\x42\xed\x2e\x10\x78\xd8\x80\x08"
"\xb7\x60\x00\x32\x48\x70\x48\xc0\xba\x88\x08\x18\x6e\xe8\xa9\x40"
"\x0c\x66\x19\x5e\x02\x27\x02\xec\xa9\x33\x83\x81\x61\x03\x82\xdd"
"\x82\x01\xf0\x49\xb8\xa9\x81\x82\x14\x0e\x61\xb5\xbb\x20\xe1\x0b"
"\x5a\x0d\x2f\x10\xf8\x02\x57\xbb\x0b\x04\x1e\x36\x20\xdc\x2d\x18"
"\x80\x0c\x12\x0c\x37\x20\x01\x18\xcc\x32\xc0\xc4\x58\x04\x84\x6f"
"\x61\x0c\x37\x04\xe8\x26\x06\xb3\x0c\x38\x11\x13\x81\x0a\x22\x02"
"\xd4\x11\x11\x30\xdc\xd0\x56\x01\x19\x9c\x5b\x09\x31\xdc\x10\x10"
"\x64\x30\xdd\x90\x6e\xc1\x30\xcb\x80\x13\x32\x11\x0c\x37\x20\xeb"
"\x06\x06\xb3\x0c\x3a\x31\x13\xc1\x40\x45\xd0\x06\x37\x81\xdb\x81"
"\x4c\x0c\x54\x08\x7f\x70\x13\xbc\x1d\xc8\xc4\x40\x85\xb0\x07\x37"
"\xe1\xdb\x81\x4c\x0c\x54\x04\x6d\x70\x13\xbe\x1d\xc8\xc4\x40\x45"
"\x90\x06\x37\x01\x07\x32\x31\x50\x11\x94\xc1\x4d\x88\x81\x4c\x0c"
"\x37\x0c\xf2\x06\x06\xb3\x0c\x34\x71\x13\xc1\x70\xc3\x60\x6e\x66"
"\xa0\x84\x88\x80\xe1\x86\xbd\x0a\xc4\x60\xba\x21\x40\xb7\x61\x96"
"\xc1\x26\x6a\x22\x18\x36\x20\x56\xae\xdf\x06\x60\x96\xe0\x26\xf0"
"\xe8\x37\x18\x18\x36\x20\x56\x2e\x18\x00\x9f\x04\xbb\x22\x28\x48"
"\xe1\x92\x75\xbb\x0b\x14\xbe\x80\xdd\xf0\x02\x81\x2f\x68\xb7\xbb"
"\x40\xe0\x61\x03\xa2\xe5\x82\x01\xc8\x20\xc1\x21\x01\xcf\x12\xdc"
"\xc4\x40\x47\x00\xe3\x41\x4d\xb0\x81\x4d\xb0\xc1\x4c\x0c\x74\x04"
"\x64\x50\x13\x88\x4d\x90\xc1\x4c\x0c\x74\x04\x68\x50\x13\x9a\x4d"
"\xa0\xc1\x4c\x0c\x74\x04\x36\x1e\xd4\x84\x8a\x07\x36\xc1\x06\x33"
"\x31\xd0\x91\x90\x78\x50\x13\x8a\x4d\x90\x78\x30\x13\x19\x88\xb8"
"\x0d\xe4\xee\x82\x5b\xd3\x1b\x82\xbb\xa0\x5b\xfc\x4c\x0e\x06\x86"
"\x1b\x02\x34\x00\x83\x59\x86\x9c\x98\x89\x60\xa0\x24\x40\xf3\xc0"
"\x25\xd0\x3c\x68\x09\x14\x0f\x60\x02\xcd\x83\x98\x18\x28\x49\xe8"
"\xc1\x25\x6c\x3c\x68\x09\x7a\x80\x09\x7a\x88\x89\x81\x92\x40\x1f"
"\x5c\x02\x65\x83\x96\x00\x07\x98\x00\x87\x98\x18\x28\x09\x58\xc2"
"\x25\x78\x36\x68\x09\x79\x80\x09\x79\x88\x89\x61\x03\xc2\xec\x88"
"\x01\x98\x25\xc8\x89\x81\x8a\xc4\xc0\x09\x7d\xb8\x89\x81\x8a\xc0"
"\xc0\x09\x30\xb8\x89\x81\x8a\xc0\xc0\x09\x30\xb8\x89\x81\x8a\xc0"
"\xce\x03\x9c\x30\x83\x9b\x18\xa8\x10\xdc\x3c\xc0\x09\xeb\x26\x86"
"\x1b\x0a\x74\x13\x83\xe1\x86\x01\xe7\xc0\x60\x96\x61\x27\x78\x42"
"\x18\x6e\x20\x05\x75\x13\x83\x59\x06\xd0\xe8\x89\x60\x96\x01\x34"
"\x46\x43\x98\x65\xe8\x89\xd1\x10\x06\x2a\x12\x88\x27\x54\x42\x27"
"\x06\x2a\x02\x88\x27\xec\x41\x27\x06\x2a\x02\x88\x27\x50\x42\x27"
"\x06\x2a\x04\x87\x27\xf8\x3c\xd0\x09\x7a\x3b\x41\x86\x1b\x02\xb0"
"\x03\x83\x59\x06\xd0\xf0\x89\x80\xde\x4e\x10\x3d\x44\x04\x0c\x37"
"\x14\x82\x18\xdc\x60\xc4\x70\x43\x30\x90\xc1\x74\x03\xd9\x05\xc3"
"\x2c\x03\x68\xfc\x44\x30\xdc\xc0\x88\x1d\x18\xcc\x32\xbc\x05\x58"
"\x04\x99\x00\x75\x49\x08\x16\x7d\x44\x04\x5c\x20\x76\x3a\xdc\x10"
"\x91\x1c\x19\xcc\x32\xb4\x45\x58\x04\x37\xcc\x9b\xce\x12\x88\xc5"
"\x40\x85\xc0\xeb\x41\x58\xf4\x81\x58\x0c\x54\x08\xbe\x1e\x84\x45"
"\x1e\x88\xc5\x40\x85\x00\xee\x41\x58\xec\x81\x58\xb8\x24\x20\x03"
"\x05\x29\x64\x20\x02\x8d\xb5\x3b\x81\x13\x82\xbb\xe0\x58\x4c\xe0"
"\x6e\x03\x5c\x12\x9e\x80\x82\x14\x32\x10\x81\x84\xdc\x9d\xc0\x09"
"\xc1\x5d\x70\x2c\x42\x76\xb7\x01\x2e\x09\x56\x40\x41\x0a\x19\x88"
"\x40\x22\xef\x4e\xe0\x84\xe0\x2e\x38\x16\x2f\xbe\xdb\x00\x97\x84"
"\x2e\xa0\x20\x85\x0c\x44\x20\x01\x7a\x27\x70\x42\x70\x17\x1c\x8b"
"\x9e\xe9\xc1\xc0\x75\xa7\x07\xc3\x0d\x41\x18\x80\xc1\x2c\x43\x5b"
"\x88\x45\x30\xdc\x90\x0f\x3f\x27\x06\xb3\x0c\xa0\x41\x16\x81\xea"
"\x83\x88\x00\xc5\x07\x11\x01\xc3\x0d\x37\x16\x90\xc1\xe1\x98\x10"
"\xc3\x0d\x01\x41\x06\xd3\x0d\xb3\x17\x0c\xb3\x0c\xa0\x51\x16\xc1"
"\x70\x03\x48\xc4\x1e\x18\xcc\x32\xbc\x85\x59\x04\x1a\x12\x22\x02"
"\x66\x09\xce\x62\xa0\x22\x70\xfb\xc0\x2c\xda\x60\x2d\x06\x2a\x04"
"\xb9\x0f\xcc\xa2\x0f\xd6\x62\xa0\x42\xa0\xfb\xc0\x2c\xf2\x60\x2d"
"\x06\x2a\x02\xba\x0f\xcc\xa2\x0d\xd6\x62\xa0\x22\x30\x11\xb3\x48"
"\x83\xb5\x18\xa8\x08\xf0\xc3\x2c\xca\x60\x2d\x86\x1b\x86\xde\x03"
"\x83\x59\x06\xb4\x58\x8b\x60\xb8\x61\x88\x3d\x33\x50\x42\x44\xc0"
"\x70\x83\x99\x05\x62\x30\xdd\x10\xcc\xde\x30\xcb\xa0\x16\x69\x11"
"\x0c\x1b\x10\xf6\x87\x7e\x03\x30\x4b\xb0\x16\x78\xa0\x1f\x0c\x0c"
"\x1b\x10\xf6\x17\x0c\x80\x4f\x42\x98\x11\x14\xa4\x70\x89\xed\xdd"
"\x05\x0a\x5f\x70\x7b\x78\x81\xc0\x17\xe0\xde\x5d\x20\xf0\xb0\x01"
"\x81\x7f\xc1\x00\x64\x90\xe0\x90\x80\x67\x09\xd6\x62\xa0\x23\x30"
"\xff\x20\x2d\xd8\x40\x2d\xd8\xe0\x2c\x06\x3a\x02\x32\x48\x0b\x44"
"\x2d\xc8\xe0\x2c\x06\x3a\x02\x34\x48\x0b\x4d\x2d\xd0\xe0\x2c\x06"
"\x3a\x02\xf6\x0f\xd2\x02\xfc\x03\xb5\x60\x83\xb3\x18\xe8\x48\x74"
"\x3f\x48\x0b\x45\x2d\x74\x3f\x38\x8b\x0c\x44\xe0\xb6\x7e\x27\x70"
"\x42\x70\x17\x70\x8b\x1e\xfc\xc1\xc0\x70\x43\x10\x06\x60\x30\xcb"
"\xc0\x16\x67\x11\x0c\x37\x2c\xf8\x07\x06\xb3\x0c\x6f\x31\x1a\xc1"
"\x40\x85\x80\xef\x01\x58\xf8\x82\x58\x0c\x54\x08\xf6\x1f\x80\x85"
"\x2f\x88\xc5\x40\x85\x80\xff\x01\x58\x88\x83\x58\x0c\x37\xc8\x42"
"\xff\x81\xc1\x2c\xc3\x5b\xb8\x45\x30\x50\x21\x4c\x6e\x61\xb4\xc5"
"\x40\x85\xf0\xb8\x85\xd1\x16\x03\x15\x42\xe4\x16\x20\x28\xb4\x85"
"\x4b\x02\x2e\x0c\x14\xa4\x90\x81\x08\x34\xf6\xef\x04\x4e\x08\xee"
"\x82\x63\x31\x01\xc1\x00\x06\x0e\x09\xc1\x00\x86\x1b\x02\x5f\x00"
"\x83\x59\x86\xb7\x70\x8b\x60\xa0\x45\x40\x03\xb6\xa0\x41\xa1\x2c"
"\x68\x50\xf8\x09\x30\x68\x0b\xc4\x2d\x06\x5a\x12\x75\x61\x0b\x16"
"\x14\xca\x82\x05\x85\x9f\x00\x0f\xb7\x00\x8f\xb6\x18\x68\x09\xf0"
"\x80\x2d\xcc\xa5\x2c\x7c\xe3\x27\x7c\xc3\x2d\x7c\xa3\x2d\x06\x5a"
"\x02\x3e\x60\x0b\x5c\x29\x0b\xf1\xf8\x09\xf1\x70\x0b\xf1\x68\x8b"
"\xe1\x06\x01\x04\x03\x33\xd0\x41\x44\xc0\x70\x43\xad\x05\x62\x30"
"\xdd\x10\x88\x60\x30\xcc\x32\xc0\x05\x68\x04\x68\xdc\x60\x00\x03"
"\xc3\x06\x44\x19\x06\xc1\x00\x9c\x31\x82\xc1\x5d\x70\xf0\x05\x24"
"\x18\xe0\x05\x02\x5f\x50\x82\xc1\x5d\x20\xf0\xb0\x01\x51\x86\x41"
"\x30\x00\x7a\x88\x08\x18\x6e\xf8\xb5\x40\x0c\x66\x19\xe2\x02\x34"
"\x02\x7c\x7e\x30\x80\x81\x61\x03\xc2\x0d\x83\x60\x00\x8e\x60\xc1"
"\xe0\x2e\x28\xf8\x82\x16\x0c\xf0\x02\x81\x2f\x70\xc1\xe0\x2e\x10"
"\x78\xd8\x80\x70\xc3\x20\x18\x00\xb2\xc3\x20\x8c\xe1\x86\xc0\x0c"
"\x03\x31\x98\x65\x00\x0d\xb9\x08\x54\x10\x11\xa0\x8a\x88\x80\xe1"
"\x86\x75\x0b\xc8\xe0\xd8\x4d\x88\xe1\x86\x80\x20\x83\xe9\x86\x33"
"\x0c\x82\x61\x96\x01\x34\xe6\x22\x18\x6e\x40\xd2\x30\x00\x83\x59"
"\x06\xbd\xa0\x8b\x60\xa0\x22\x68\x03\xbc\xa0\x45\x61\x2e\x06\x2a"
"\x84\x3f\xc0\x0b\x5c\x14\xe6\x62\xa0\x42\xd8\x03\xbc\xd0\x45\x61"
"\x2e\x06\x2a\x82\x36\xc0\x0b\x5d\x14\xe6\x62\xa0\x22\x48\x03\xbc"
"\x40\x83\xb9\x18\xa8\x08\xca\x00\x2f\xbc\xb9\x18\x6e\x18\xe0\x30"
"\x00\x83\x59\x86\xba\xc0\x8b\x60\xb8\x61\x20\xc3\xc0\x0c\x94\x10"
"\x11\x30\xdc\x90\x6f\x81\x18\x4c\x37\x04\x66\x18\x0c\xb3\x0c\x77"
"\x61\x17\xc1\xb0\x01\x91\x8a\xc1\x1e\x06\x03\x30\x4b\x80\x17\x78"
"\xec\x61\x00\x03\xc3\x06\x44\x2a\x06\xc1\x00\xf8\x24\xd0\x1b\x41"
"\x41\x0a\x97\xa4\x61\x70\x17\x28\x7c\x81\x1a\x06\x78\x81\xc0\x17"
"\xac\x61\x70\x17\x08\x3c\x6c\x40\xac\x62\x10\x0c\x40\x06\x09\x0e"
"\x09\x78\x96\x00\x2f\x06\x3a\x02\x96\x14\xec\x82\x0d\xee\x82\x0d"
"\xe8\x62\xa0\x23\x20\x03\xbb\x40\xee\x82\x0c\xe8\x62\xa0\x23\x40"
"\x03\xbb\xd0\xee\x02\x0d\xe8\x62\xa0\x23\x90\x49\xc1\x2e\x4c\x52"
"\xb8\x0b\x36\xa0\x8b\x81\x8e\x04\x24\x05\xbb\x50\xee\x02\x24\x05"
"\xba\xc8\x40\xc4\x6d\x7e\x18\xdc\x05\x35\x18\xe8\x0d\xc1\x5d\xd0"
"\x2d\x7e\xa4\x18\xc0\xc0\x70\x43\x80\x06\x60\x30\xcb\x90\x17\x74"
"\x11\x0c\x37\x30\xac\x18\x80\xc1\x2c\x83\x5e\x8c\x46\x30\x50\x21"
"\x20\x79\xc1\x93\xc2\x5c\xd0\x2f\x06\x82\x0c\x37\x04\xb0\x18\x80"
"\xc1\x2c\x03\x68\xec\x45\x40\xbf\x18\x08\x32\xdc\x40\x04\x62\x70"
"\x42\x11\xc3\x0d\x01\x1c\x90\xc1\x74\xc3\x2c\x06\xc1\x30\xcb\x00"
"\x1a\x7c\x11\xcc\x32\x8c\x46\x5f\xb0\x41\x1e\x40\x5d\x12\x82\x64"
"\xc4\xc0\x00\x42\x10\x0c\x0e\x5f\x0c\xec\xa0\x17\x03\x0d\x44\x04"
"\x5c\x10\x8b\x81\x0e\x37\xe4\x01\x2c\x06\x68\x30\xcb\x10\x1a\x7e"
"\x11\xdc\x20\x86\x81\xce\x12\xfc\xc5\x40\x85\xa0\x97\x82\x5f\x94"
"\xc2\x5f\x0c\x54\x08\x7c\x29\xf8\x45\x28\xfc\xc5\x40\x85\xe0\x97"
"\x82\x5f\x8c\xc2\x5f\xb8\x24\x24\x03\x05\x29\x64\x20\xe2\x0c\x5d"
"\x0c\xee\x82\x34\x0c\xf4\x86\xe0\x2e\x40\x16\x15\x70\x0c\x36\xc0"
"\x25\x21\x0a\x28\x48\x21\x03\x11\x47\x88\x63\x70\x17\xc0\x61\xa0"
"\x37\x04\x77\x01\xb2\x28\x9d\x63\xb0\x01\x2e\x09\x59\x40\x41\x0a"
"\x19\x88\x38\x42\x1d\x83\xbb\xe0\x0e\x03\xbd\x21\xb8\x0b\x90\x45"
"\xcd\x1d\x83\x0d\x70\x49\x08\x83\x80\x82\x14\x32\x10\x71\x84\x3c"
"\x06\x77\x41\x2a\x06\x7a\x43\x70\x17\x20\x8b\x62\x90\x8f\x01\x0c"
"\x5c\x18\xe8\x63\x00\xc3\x0d\x41\x19\x80\xc1\x2c\x43\x68\xfc\x45"
"\x30\x50\x16\xb8\xa7\xa0\x13\xee\x29\xec\x04\x8b\x0a\x3e\xc1\xa2"
"\x42\x4f\xb8\xa7\x30\x16\x2e\x2a\x90\x85\x8b\x0a\x6f\xe1\xa2\x02"
"\x5c\xb8\xa7\x10\x17\x2e\x2a\xc8\x05\x8b\x0a\x7b\xc1\xa2\x82\x5e"
"\x0c\x94\x09\x26\x2a\xe8\x84\x89\x0a\x3b\x61\xa2\x82\x4f\x98\xa8"
"\xd0\x13\x26\x2a\x8c\x85\x89\x0a\x64\x21\x1f\x6f\x21\x1f\x70\x21"
"\x1f\x71\x21\x1f\x72\x21\x1f\x7b\x21\x1f\x7a\x31\x50\x96\xf0\x92"
"\x4e\x88\xcf\x4e\xc8\x8e\x4f\xc8\x4e\x4f\xf0\xd2\x58\xf0\x12\x59"
"\xc8\xc7\x5b\xc8\x07\x5c\xc8\x47\x5c\xc8\x87\x5c\xc8\xc7\x5e\xc8"
"\x87\x5e\x0c\x1b\x10\x38\x19\x0c\x03\x30\x4b\x30\x1a\x03\x15\x82"
"\x4b\x0a\x7d\xe1\xfc\xc5\x40\x85\xc0\xa2\x42\x5f\x38\x7f\x31\x50"
"\x21\xb8\xa8\xd0\x17\xd2\x5f\x0c\x37\xb8\x01\x4a\x06\x60\x30\xcb"
"\x30\x1a\xa2\x11\x0c\x54\x08\x95\x68\x18\xa1\x31\x50\x21\x44\xa2"
"\x61\x84\xc6\x40\x85\x30\x89\x86\x8d\x0a\xa1\xe1\x92\x50\x07\x03"
"\x05\x29\x64\x20\xe2\x0c\x93\x0c\xee\x82\x5e\x0c\xf4\x86\xe0\x2e"
"\x40\x16\x15\x96\x0c\x60\xe0\x92\x96\x0c\x60\xb8\x21\xd8\x03\x30"
"\x98\x65\x18\x0d\xd1\x08\x06\x8a\x04\x1c\xc9\x0b\x1c\xe1\x0b\x50"
"\x61\x0b\x36\x15\x76\x82\x4d\x05\x9e\x30\x03\xd0\xc0\x11\xd1\xc0"
"\x91\xd0\x18\x28\x4a\x70\x24\x2f\x70\x84\x2f\x44\x8a\x2d\x50\x68"
"\x27\x50\x88\x27\xcc\x00\x34\x70\x44\x34\x70\x24\x34\x06\x8a\x16"
"\x19\x15\xf2\x82\x4d\x05\xbe\x90\x51\x81\x2d\x64\x54\xd8\x09\x19"
"\x15\x78\x42\x46\x05\xd0\x60\x53\x41\x34\xd8\x54\x08\x8d\x81\x22"
"\x41\x4e\x85\xbc\x90\x53\x81\x2f\xe4\x54\x60\x0b\x39\x15\x76\x42"
"\x4e\x05\x9e\x90\x53\x01\x34\xd0\x20\x34\x1c\xd1\x18\x6e\x18\xd4"
"\x31\x10\x83\x59\x06\xd2\x30\x8d\x60\x96\xa1\x34\x6a\x6f\x18\x36"
"\x20\xdc\x32\x80\xc9\x60\x00\x66\x09\x6e\x6f\x96\xe1\x34\x6a\x6f"
"\x18\x6e\x10\x76\x32\x00\x83\x59\x06\xd4\x48\x8d\x60\xd8\x80\x78"
"\xcb\x40\x1d\x83\x01\x98\x25\xb8\x3d\x62\xcb\x40\x90\x0b\x7c\x31"
"\x80\xe1\x86\xa0\x18\x83\x33\x86\x20\xb7\x0c\x04\x19\x6e\x10\x02"
"\x31\x98\x6e\x00\xcb\x20\x20\x66\x19\x6a\x43\x35\x02\x65\x44\x04"
"\x1c\x51\xc4\x70\x43\x20\x90\xc1\x2c\x03\x6b\xac\x46\x30\xdc\xf0"
"\x84\x65\x00\x06\xb3\x0c\xb5\xd7\x1a\xc1\xb0\x01\xa1\x97\xc1\x5a"
"\x06\x03\x30\x4b\x70\x7b\x19\x25\x20\xbc\x0c\x04\xc9\x00\xa8\x4b"
"\x42\xb0\x0c\x1b\x10\x01\x11\x00\xc3\x0d\xd4\x59\x06\x60\x30\xcb"
"\x50\x7b\xae\x11\x9c\x95\x96\x01\x66\x90\x80\xfc\x32\x10\x24\x03"
"\xa0\x2e\x09\x41\x5a\x06\x2e\x09\x81\x34\x6c\x40\x04\x45\x00\x0c"
"\x37\x6c\x2c\x19\x80\xc1\x2c\x43\xed\xbd\x46\x70\x5d\x4e\x06\x98"
"\x41\x02\x2a\xcd\x40\x90\x0c\x80\xba\x24\x04\x6f\x19\xb8\x24\x04"
"\xd9\xb0\x01\x11\x14\x01\x30\xdc\x20\x06\x32\x19\x80\xc1\x2c\x43"
"\xed\xc1\x46\x70\x64\xb0\x93\x01\x66\x90\x80\x58\x33\x10\x24\x03"
"\xa0\x2e\x09\x41\x5d\x06\x2e\x09\x01\x18\x0c\x1b\x10\x41\x11\x00"
"\xc3\x0d\x69\x80\x93\x01\x18\xcc\x32\xd4\x5e\x6c\x04\xb7\x06\x65"
"\x19\x60\x06\x09\x68\x36\x03\x41\x32\x00\xea\x92\x10\xfc\x65\xe0"
"\x92\x10\x9c\xc1\xb0\x01\x11\x14\x01\x30\xdc\x00\x07\x3e\x19\x80"
"\xc1\x2c\x43\xed\xc9\x46\x70\x72\x40\x93\x01\x66\x90\x80\x74\x33"
"\x10\x24\x03\xa0\x2e\x09\xc1\x4d\x06\x2e\x09\x81\x1b\x0c\x1b\x10"
"\x41\x11\x00\xc3\x0d\x77\x40\x96\x01\x18\xcc\x32\xd4\xde\x6c\x04"
"\x97\x07\x39\x19\x60\x06\x09\x28\x3c\x03\x41\x32\x00\xea\x92\x10"
"\xf0\x64\xe0\x92\x10\xd4\xc1\xb0\x01\x11\x14\x01\x30\xdc\xe0\x07"
"\x6a\x19\x80\xc1\x2c\x43\xed\xd1\x46\x70\xa0\xe0\x93\x01\x66\x90"
"\x80\xd0\x33\x10\x24\x03\xa0\x2e\x09\x41\x58\x06\x2e\x09\x01\x1f"
"\x0c\x1b\x10\x41\x11\x00\xb3\x04\xb5\x97\xa3\x00\x74\xb8\xc1\x14"
"\x70\x33\x00\x83\x59\x86\xda\xb3\x8d\x20\x51\x21\xc1\xb0\x01\x31"
"\x04\x01\x30\xdc\x80\x0a\xbb\x19\x80\xc1\x2c\x43\xed\xdd\x46\x70"
"\xaa\xd0\x9b\x01\x66\x90\xc0\x27\xc1\xd8\xcd\x60\xd8\x80\x08\x84"
"\x00\x18\x6e\x60\x85\xbe\x0c\xc0\x60\x96\xa1\xf6\x70\x23\x38\x57"
"\x50\xcd\x00\x33\x48\xe0\x93\xa0\xf8\x66\x30\x6c\x40\x04\x42\x00"
"\x0c\x37\xc0\x02\x68\x06\x60\x30\xcb\x50\x7b\xb9\x11\x9c\x2c\xa4"
"\x66\x80\x19\x24\xf0\x49\x70\xc2\x33\x18\x36\x20\x02\x21\x00\x86"
"\x1b\x68\x61\x34\x03\x30\x98\x65\xa8\x3d\xdd\x08\xce\x16\x60\x33"
"\xc0\x0c\x12\xf8\x24\x48\xe8\x19\x0c\x1b\x10\x81\x10\x00\xc3\x0d"
"\xb8\x60\x9a\x01\x18\xcc\x32\xd4\xde\x6e\x04\xa7\x0b\x7c\x19\x60"
"\x06\x09\x7c\x12\xac\xbe\x0c\x86\x0d\x88\x40\x08\x80\xe1\x06\x5e"
"\x48\xcd\x00\x0c\x66\x19\x6a\x8f\x37\x82\xf3\x05\xbf\x0c\x30\x83"
"\x04\x3e\x09\xda\x5f\x06\xc3\x06\x44\x20\x04\xc0\x70\x03\x38\xb0"
"\x66\x00\x06\xb3\x0c\xb5\xd7\x1b\xc1\x89\x03\x68\x06\x98\x41\x02"
"\x9f\x04\x2f\x34\x83\x61\x03\x22\x10\x02\x60\x96\xa0\xf6\x86\x1b"
"\xfe\x30\x50\xcd\xc0\x0c\x14\x0f\x03\x11\x01\xc3\x0d\xa2\x18\x04"
"\x62\x30\xdd\x10\xbc\x67\x30\xcc\x32\xfc\x06\x7f\x04\x38\x8a\xc1"
"\x88\x06\x30\x30\x6c\x40\xc8\x68\x10\x0c\x80\x4f\x42\x1f\x06\x04"
"\x05\x29\x5c\x1d\x06\xf2\x19\xdc\x05\x76\x18\xf0\x05\xf3\x19\xe0"
"\x05\x02\x5f\x40\x9f\xc1\x5d\x20\xf0\xb0\x01\x41\xa3\x41\x30\x00"
"\x19\x24\x38\x24\x60\x5d\x44\x04\x0c\x37\xc0\x62\x10\x88\xc1\x2c"
"\x03\x78\xf0\x47\x80\xb0\x18\xe8\x66\x00\x03\xc3\x06\xc4\x8f\x06"
"\xc1\x00\xf8\x24\xa8\x62\x30\x50\x90\xc2\x21\xff\x19\xdc\x05\x09"
"\x5f\x00\xa2\x01\x5e\x20\xf0\x05\x21\x1a\xdc\x05\x02\x0f\x1b\x10"
"\x61\x1a\x04\x03\x90\x41\x82\x43\x02\xd6\x45\x44\xc0\x70\x43\x2f"
"\x06\x81\x18\xcc\x32\x84\x07\x7f\x04\xd8\x8b\x81\x8b\x06\x30\x30"
"\x6c\x40\xb0\x69\x10\x0c\xc0\x19\x2a\x1a\xdc\x05\x07\x5f\xb0\xa2"
"\x01\x5e\x20\xf0\x05\x2c\x1a\xdc\x05\x02\x0f\x1b\x10\x6c\x1a\x04"
"\x03\x40\x74\x1a\x84\x31\xdc\x10\x90\x69\x20\x06\xb3\x0c\xe2\x31"
"\x1e\xc1\xb0\x01\x51\xa7\xc1\x8d\x06\x03\x30\x4b\x50\x7b\x2a\x88"
"\x08\x50\x45\x44\xc0\x70\x43\x3a\x06\x01\x19\x9c\x3a\x06\x42\x0c"
"\x37\x04\x04\x19\x4c\x37\x94\x69\x10\x0c\xb3\x0c\xe5\x41\x1e\xc1"
"\x70\x03\x72\xa6\x01\x18\xcc\x32\xb4\x87\x79\x04\xc3\x06\x04\x9f"
"\x06\x6e\x1a\x0c\xc0\x2c\x41\xed\x0d\x54\x04\x6d\xa0\x1e\xb0\x2c"
"\x90\xc7\x40\x85\xf0\x07\xea\x41\xcb\x02\x79\x0c\x54\x08\x7b\xa0"
"\x1e\xb6\x2c\x90\xc7\x40\x45\xd0\x06\xea\x61\xcb\x02\x79\x0c\x54"
"\x04\x69\xa0\x1e\x68\x40\x1e\x03\x15\x41\x19\xa8\x87\x47\x1e\xc3"
"\x0d\x83\x9b\x06\x60\x30\xcb\x70\x1e\xea\x11\x0c\x37\x0c\x62\x1a"
"\x98\x81\x12\x22\x02\x86\x1b\xee\x31\x08\xc4\x60\xba\x21\x20\xd3"
"\x60\x98\x65\x48\x0f\xf4\x08\x86\x0d\x88\x53\x0d\xf2\x34\x18\x80"
"\x59\x02\xf5\xc0\x23\x4f\x03\x18\x18\x36\x20\x4e\x35\x08\x06\xc0"
"\x27\x41\x1e\x03\x82\x82\x14\x2e\x39\xd3\xe0\x2e\x50\xf8\x02\x34"
"\x0d\xf0\x02\x81\x2f\x48\xd3\xe0\x2e\x10\x78\xd8\x80\x48\xd5\x20"
"\x18\x80\x0c\x12\x1c\x12\xf0\x2c\x81\x7a\x0c\x74\x04\x28\x2d\xa0"
"\x07\x1b\xa4\x07\x1b\x98\xc7\x40\x47\x40\x06\xe8\x81\xa4\x07\x19"
"\x98\xc7\x40\x47\x80\x06\xe8\xa1\xa5\x07\x1a\x98\xc7\x40\x47\xe0"
"\xd2\x02\x7a\x88\xb4\x90\x1e\x6c\x60\x1e\x03\x1d\x09\x3f\x0b\xe8"
"\xa1\xa4\x07\x3f\x0b\xe6\x91\x81\x88\xdb\xf8\x34\xb8\x0b\x66\x34"
"\xd0\x1b\x82\xbb\xa0\x5b\xfc\x44\x35\x80\x81\xe1\x86\x00\x0d\xc0"
"\x60\x96\x61\x3d\xcc\x23\x18\x6e\x60\x54\x35\x00\x83\x59\x06\xf6"
"\x88\x8f\x60\xb8\x61\xf1\xd3\xc0\x0c\x94\x11\x11\x30\xdc\x30\x93"
"\x41\x20\x06\xd3\x0d\x01\xa8\x06\xc3\x2c\xc3\x7b\xf0\x47\xa0\x77"
"\x20\x22\x60\xb8\xc1\x26\x83\x40\x0c\x66\x19\xde\xc3\x3d\x82\x61"
"\x03\xa2\x5c\x83\x5b\x0d\x06\x60\x96\xa0\xf6\x06\x2a\x04\xa2\x3d"
"\x14\xf6\x18\xa8\x08\xd0\xa1\x3d\xcc\x80\x3d\x06\x2a\x02\x7b\x68"
"\x0f\x33\x60\x8f\x81\x0a\x41\xad\x85\xf6\xd0\xd8\x03\x85\x5d\x0d"
"\x60\x60\xd8\x80\x48\xd7\x20\x18\x00\x9f\x04\x9a\x0c\x0a\x0a\x52"
"\x38\x23\x55\x83\xbb\xe0\xe0\x0b\x54\x35\xc0\x0b\x04\xbe\x60\x55"
"\x83\xbb\x40\xe0\x61\x03\x62\x5d\x83\x60\x00\x32\x48\x70\x48\xc0"
"\xba\x88\x08\x18\x6e\x38\xcb\x20\x10\x83\x59\x06\xf8\xe8\x8f\x00"
"\x9f\x73\x0d\x60\x60\xd8\x80\xb0\xd7\x20\x18\x00\x9f\x84\xb0\x0c"
"\x06\x0a\x52\x38\xc4\x56\x83\xbb\x20\xe1\x0b\x6e\x35\xc0\x0b\x04"
"\xbe\x00\x57\x83\xbb\x40\xe0\x61\x03\x02\x5f\x83\x60\x00\x32\x48"
"\x30\xdc\x80\x04\x60\x30\xcb\x10\x1f\x2b\x12\x0c\x54\x04\x06\x7c"
"\xf0\xc2\x7a\x0c\x54\x04\x18\x7c\xf0\xc2\x7a\x0c\x54\x04\xbe\x2d"
"\xc0\x87\x38\xac\xc7\x40\x85\x80\x07\xf0\x21\x0b\xeb\x31\x50\x91"
"\x90\x01\x7c\xe8\xb6\xb0\x1e\xc3\x0d\x83\xbc\x06\x60\x30\xcb\x20"
"\x1f\xf3\x31\x0b\xb3\x0c\xfd\xe1\x1f\xc1\x2c\x03\x7d\xf8\x47\x30"
"\xdc\x50\xcc\x6b\x80\x06\xb3\x0c\xfd\x51\x1f\x81\xd6\x82\x88\x00"
"\x3d\x44\x04\x0c\x37\xf0\x65\x10\x90\xc1\xf5\x65\x20\xc4\x70\x43"
"\x40\x90\xc1\x74\x03\xbe\x06\xc1\x30\xcb\xd0\x1f\xf6\x11\x0c\x37"
"\xec\x82\xbe\x06\x60\x30\xcb\xf0\x1f\xf7\x11\x0c\x54\x04\x6d\xb0"
"\x1f\xf6\x2d\xd8\xc7\x40\x85\xf0\x07\xfb\xa1\xdf\x82\x7d\x0c\x54"
"\x08\x7b\xb0\x1f\xfc\x2d\xd8\xc7\x40\x45\xd0\x06\xfb\xc1\xdf\x82"
"\x7d\x0c\x54\x04\x69\xb0\x1f\x62\x60\x1f\x03\x15\x41\x19\xec\x87"
"\x19\xd8\xc7\x70\xc3\x10\xb2\x01\x18\xcc\x32\xe0\xc7\x7e\x04\xc3"
"\x0d\x43\xbd\x06\x66\xa0\x84\x88\x80\xe1\x06\xd5\x0c\x02\x31\x98"
"\x6e\x08\xee\x35\x18\x66\x19\xf4\x23\x3f\x82\x61\x03\x42\x67\x03"
"\x96\x0d\x06\x60\x96\x60\x3f\xf0\x60\xd9\x00\x06\x86\x0d\x08\x9d"
"\x0d\x82\x01\xf0\x49\x28\xcd\x80\xa0\x20\x85\x4b\xf4\x35\xb8\x0b"
"\x14\xbe\x60\x5f\x03\xbc\x40\xe0\x0b\xf8\x35\xb8\x0b\x04\x1e\x36"
"\x20\x78\x36\x08\x06\x20\x83\x04\x87\x04\x3c\x4b\xb0\x1f\x03\x1d"
"\x81\x9b\x0b\xf9\xc1\x06\xfa\xc1\x06\xf7\x31\xd0\x11\x90\x41\x7e"
"\x20\xfa\x41\x06\xf7\x31\xd0\x11\xa0\x41\x7e\x68\xfa\x81\x06\xf7"
"\x31\xd0\x11\xd0\xb9\x90\x1f\x68\x2e\xe8\x07\x1b\xdc\xc7\x40\x47"
"\x22\xe6\x42\x7e\x28\xfa\x21\xe6\xc2\x7d\x64\x20\xe2\xb6\x97\x0d"
"\xee\x02\x73\x0d\xf4\x86\xe0\x2e\xe8\x16\xbf\x9a\x0d\x60\x60\xb8"
"\x21\x40\x03\x30\x98\x65\xf0\x8f\xfb\x08\x86\x0d\x88\xb8\x0d\xc6"
"\x36\x18\x80\x59\x82\xda\x1b\x28\x09\x4c\x5d\x78\x0f\x33\x17\xe4"
"\xc3\xd4\x85\xfa\x30\x75\x81\x3e\x06\x4a\x12\x7f\x78\x0f\x5d\x90"
"\x0f\x5d\xa8\x0f\x5d\xa0\x8f\x81\x12\xc1\x26\xde\xc3\x17\xe4\xc3"
"\x17\xea\xc3\x17\xe8\x63\xa0\x64\x01\x91\xf7\xf0\x73\x41\x3e\xc8"
"\x5c\xa8\x0f\x32\x17\xe8\x63\xa0\x24\xc0\x89\xf7\x30\x07\xf9\x30"
"\x87\xfa\x30\x07\xfa\x18\x36\x20\xec\x36\x28\x06\x60\x96\xc0\x3f"
"\x06\x4a\x12\x71\x98\x0f\x71\x90\x0f\xa4\x3f\xc4\x61\x3f\x06\x4a"
"\x04\x73\x98\x0f\x73\x90\x0f\xa4\x3f\xcc\x61\x3f\x06\x4a\x16\x36"
"\x17\xe6\xc3\xd4\x05\xf9\x40\xfa\x83\xcd\x85\xfd\x18\x28\x09\xdc"
"\x61\x3e\xdc\x41\x3e\x90\xfe\x20\x83\xfd\x18\x28\x09\xdc\x61\x3e"
"\xdc\x41\x3e\x70\x5d\xe8\x0f\x35\xd8\x8f\x81\x12\x01\xd6\x85\xf9"
"\x80\x75\x41\x3e\x60\x5d\xe8\x0f\x6d\x3f\x86\x1b\x8c\x7c\x0d\xc4"
"\x60\xb8\x61\x48\xdb\x00\x0c\x66\x19\x42\x64\x44\x84\xe1\x86\x3c"
"\xd8\xd7\x40\x0c\x66\x19\x40\x84\x44\x82\x61\x03\xe2\x6f\x83\xb0"
"\x0d\x06\x60\x96\xa0\xf6\x66\x19\x44\xa4\xf6\x84\x61\x03\xe2\x6f"
"\x83\xb0\x0d\x06\x60\x96\xa0\xf6\x66\x19\x48\xa4\xf6\x84\x81\x8a"
"\x44\x1a\x11\x7a\xf8\x8f\x81\x0a\x41\x1a\x11\x7c\xf8\x8f\x81\x8a"
"\x45\x1a\x11\x3f\x17\xfe\x63\xa0\x22\xf0\x91\x11\xe1\x75\xe1\x3f"
"\x06\x2a\x02\x6a\x44\x44\xe2\x3f\x06\x2a\x04\x69\x44\xc4\x5d\xf8"
"\x0f\x12\xdd\x40\x90\xe1\x86\x60\x6e\x03\x30\x98\x65\x48\x91\x12"
"\x09\x48\x74\x03\x41\x34\x11\x11\x30\xdc\x50\x08\x62\x70\x83\x11"
"\xc3\x0d\xc1\x40\x06\xd3\x0d\x77\x1b\x04\xc3\x2c\x43\x8a\x98\x48"
"\x30\xdc\xe0\xd4\x6d\x00\x06\xb3\x0c\x38\x72\x22\x41\x26\x40\x5d"
"\x12\x82\x45\x23\x11\x01\x17\xd4\x6d\xa0\xc3\x0d\xd3\xcd\x06\x64"
"\x30\xcb\x60\x23\x28\x12\xdc\x60\xb2\x81\xce\x12\xa8\xc8\xb0\x01"
"\x41\xbb\x41\xe9\x06\x03\x30\x4b\x50\x7b\x03\x15\x82\xc8\x0b\x28"
"\xd2\x07\x2a\x32\x50\x21\x90\xbc\x80\x22\x79\xa0\x22\x03\x15\x82"
"\xc9\x0b\x28\xb2\x07\x2a\xe2\x92\x80\x0c\x14\xa4\x90\x81\x08\x34"
"\xfc\x36\x38\x81\x13\x82\xbb\xe0\x58\x4c\x46\x37\xd8\x00\x97\x84"
"\x27\xa0\x20\x85\x0c\x44\x20\x51\xba\xc1\x09\x9c\x10\xdc\x05\xc7"
"\x22\x94\xba\xc1\x06\xb8\x24\x58\x01\x05\x29\x64\x20\x02\x09\xd6"
"\x0d\x4e\xe0\x84\xe0\x2e\x38\x16\xaf\xd7\x0d\x36\xc0\x25\xa1\x0b"
"\x28\x48\x21\x03\x11\x48\xcc\x6e\x70\x02\x27\x04\x77\xc1\xb1\xe8"
"\xe5\x6e\x00\x03\xd7\xe9\x6e\x00\xc3\x0d\x41\x18\x80\xc1\x2c\x83"
"\x8d\xa8\x48\x30\xdc\x20\x12\x72\x1b\x88\xc1\x2c\x03\x8b\xb4\x48"
"\x30\x6c\x40\xd8\x6f\x80\xbb\xc1\x00\xcc\x12\xd4\x9e\x8e\x84\x88"
"\x00\x0d\x09\x11\x01\xc3\x0d\x6a\x1a\x04\x64\x70\x6b\x1a\x08\x31"
"\xdc\x10\x10\x64\x30\xdd\x60\xbe\x41\x30\xcc\x32\xc0\x88\x8b\x04"
"\xc3\x0d\x29\x41\xbe\x01\x18\xcc\x32\xe0\xc8\x8b\x04\xaa\x12\x22"
"\x02\x66\x09\x62\x64\xd8\x80\xf0\xdf\x00\x7e\x83\x01\x98\x25\xa8"
"\xbd\x81\x8a\x80\xf6\x85\x17\x69\x83\x1a\x19\xa8\x10\x70\x5f\x78"
"\x91\x3e\xa8\x91\x81\x0a\x41\xf7\x85\x17\xc9\x83\x1a\x19\xa8\x08"
"\x74\x5f\x78\x91\x36\xa8\x91\x81\x8a\x00\x47\x5e\x24\x0d\x6a\x64"
"\xa0\x22\x50\x91\x17\x29\x83\x1a\x19\x6e\x18\xe0\x37\x00\x83\x59"
"\x06\x19\xa9\x91\x60\xb8\x61\x20\xdf\xc0\x0c\x94\x10\x11\x30\xdc"
"\x90\xa7\x41\x20\x06\xd3\x0d\x81\xf9\x06\xc3\x2c\x03\x8d\xcc\x48"
"\x30\x6c\x40\xa4\x70\xb0\xbf\xc1\x00\xcc\x12\xd4\x08\x1e\xfb\x1b"
"\xc0\xc0\xb0\x01\x91\xc2\x41\x30\x00\x3e\x09\x74\x1a\x10\x14\xa4"
"\x70\x49\xfa\x06\x77\x81\xc2\x17\xa8\x6f\x80\x17\x08\x7c\xc1\xfa"
"\x06\x77\x81\xc0\xc3\x06\xc4\x0a\x07\xc1\x00\x64\x90\xe0\x90\x80"
"\x67\x09\x6a\x64\xa0\x23\x60\xc1\x61\x46\xd8\x80\x46\xd8\x20\x46"
"\x06\x3a\x02\x32\x98\x11\x84\x46\xc8\x20\x46\x06\x3a\x02\x34\x98"
"\x11\x8d\x46\xd0\x20\x46\x06\x3a\x02\x19\x1c\x66\xc4\x04\x07\x1a"
"\x61\x83\x18\x19\xe8\x48\x40\x70\x98\x11\x85\x46\x40\x70\x88\x91"
"\x0c\x44\xe0\xe6\xbf\xc1\x09\x9c\x10\xdc\x05\xdc\xa2\x37\xc2\x01"
"\x0c\x0c\x37\x04\x61\x00\x06\xb3\x0c\x39\x12\x23\xc1\x40\x85\xc0"
"\xf3\xc2\x89\xf0\x82\x8a\x0c\x54\x08\x3a\x38\x9c\x08\x2f\xa8\xc8"
"\x40\x85\xc0\x83\xc3\x89\x80\x83\x8a\x0c\x37\xc4\xc2\x0b\x07\x60"
"\x30\xcb\x80\x23\x37\x12\x0c\x54\x08\xd3\x8d\x18\x36\x32\x50\x21"
"\x3c\x37\x62\xd8\xc8\x40\x85\x10\xdd\x08\x19\x0e\x36\xe2\x92\x70"
"\x0b\x03\x05\x29\x64\x20\x02\x8d\x16\x0e\x4e\xe0\x84\xe0\x2e\x38"
"\x16\x13\x19\x0e\x60\xe0\x90\x19\x0e\x60\xb8\x21\xe8\x05\x30\x98"
"\x65\xc0\x91\x1b\x09\x06\x4a\x16\xfb\x71\x11\xde\x30\x11\xde\xb8"
"\x11\xde\xb0\x91\x81\x92\x40\x7f\x5c\x84\x37\x4c\x84\x37\x6e\x84"
"\x37\x6c\x64\xa0\x24\xb0\x17\x17\xe1\x0d\x13\xe1\x8d\x1b\xe1\x0d"
"\x1b\x19\x28\x11\x68\xc6\x45\xc8\xc3\x44\xc8\xe3\x46\xc8\xc3\x46"
"\x06\x4a\x04\x50\x1c\x5c\x04\x14\x07\x13\x41\x03\x1b\x81\x6e\x24"
"\x83\x00\x19\xd0\x9d\x25\xd0\x91\xd4\x02\x64\x40\x77\xb8\x81\x0c"
"\xc8\x38\x00\x83\x59\x06\x1d\xf1\x91\x60\xa0\x82\x42\x70\x84\xc8"
"\x91\x81\x0a\xc1\xc1\x11\x3e\xc8\x91\x81\x0a\x41\xc2\x11\xb3\xc9"
"\x91\x81\x8a\xc0\xc2\x11\x56\xc8\x91\x81\x8a\x40\xc3\x11\x1a\xca"
"\x91\x81\x8a\xc5\xc3\x11\x1a\xca\x91\xe1\x86\xc1\x87\x03\x33\x50"
"\x42\x44\xc0\x70\xc3\xbc\x06\x81\x18\x4c\x37\x04\x60\x1c\x0c\xb3"
"\x0c\x3c\xb2\x23\xc1\xb0\x01\x31\xca\x41\x1d\x07\x03\x30\x4b\x50"
"\x7b\x78\xd4\x71\x00\x03\xc3\x06\xc4\x28\x07\xc1\x00\xf8\x24\xb8"
"\x6b\x40\x50\x90\x02\xfd\x71\x10\xc6\x05\x64\x1c\xdc\x05\x02\x5f"
"\x50\xc6\x01\x5e\x20\xf0\x05\x66\x1c\xdc\x05\x02\x0f\x1b\x10\xa6"
"\x1c\x04\x03\x90\x41\x82\x4b\x02\x56\x46\x44\xc0\x70\x83\xc8\x06"
"\x81\x18\xcc\x32\xf4\x88\x9a\x04\x58\x89\x72\x00\x03\xc3\x06\x44"
"\x2c\x07\xc1\x00\xf8\x24\xf0\x6b\x30\x50\x90\x02\xb5\x72\x10\xc6"
"\x05\x72\x1c\xdc\x05\x02\x5f\x30\xc7\x01\x5e\x20\xf0\x05\x74\x1c"
"\xdc\x05\x02\x0f\x1b\x10\xb4\x1c\x04\x03\x90\x41\x82\xe1\x86\x24"
"\x00\x83\x59\x06\x1f\xb9\x93\x60\xa0\x62\xf1\x83\x1e\x91\xa5\x1c"
"\x19\xa8\x08\x44\xa1\x47\x6c\x29\x47\x06\x2a\x02\xae\x47\x64\x22"
"\x47\x06\x2a\x02\x9c\x1c\x7a\x04\x27\x72\x64\xa0\x82\x82\x85\x1e"
"\xa1\x85\x1c\x19\xa8\x10\x60\xa1\x47\x58\x22\x47\x06\x2a\x04\x58"
"\xe8\x11\xfb\xc9\x91\x81\x8a\x84\x0d\x7a\x04\x27\x87\x1c\x19\x6e"
"\x28\x62\x39\x00\x83\x59\x86\x1f\x01\x93\x64\x96\x41\x4d\xd6\x24"
"\x98\x65\x08\x93\x35\x09\x86\x1b\x0e\x59\x0e\xd0\x60\x96\x41\x4d"
"\xc4\x24\xd0\x44\x44\x80\x26\x22\x02\x86\x1b\x76\x36\x08\xc8\xe0"
"\x78\x36\x10\x62\xb8\x21\x20\xc8\x60\xba\xe1\x96\x83\x60\x98\x65"
"\x50\x93\x31\x09\x86\x1b\x9e\x5c\x0e\xc0\x60\x96\x81\x4d\xc8\x24"
"\xa0\x73\x0e\xc2\x98\x25\x28\x93\x81\x8a\xc0\x2e\x07\x32\x69\x83"
"\x34\x19\xa8\x10\xf4\x72\x20\x93\x3f\x48\x93\x81\x0a\x81\x2f\x07"
"\x32\xd9\x83\x34\x19\xa8\x08\xf8\x72\x20\x93\x36\x48\x93\x81\x8a"
"\x00\x0d\xc8\x24\x0d\xd2\x64\xa0\x22\x60\xc8\xa4\x0c\xd2\x64\xb8"
"\x61\x08\xe7\x00\x0c\x66\x19\xcc\x24\x4d\x82\xe1\x86\xa1\x96\x03"
"\x33\x50\x42\x44\xc0\x70\x83\xda\x06\x81\x18\x4c\x37\x04\xb7\x1c"
"\x0c\xb3\x0c\x68\x72\x26\xc1\xb0\x01\xa1\xcf\x01\x3b\x07\x03\x30"
"\x4b\x90\x26\x78\xb0\x73\x00\x03\xc3\x06\x84\x3e\x07\xc1\x00\xf8"
"\x24\x94\x6d\x40\x50\x90\xc2\x25\xba\x1c\xdc\x05\x0a\x5f\xb0\xcb"
"\x01\x5e\x20\xf0\x05\xbc\x1c\xdc\x05\x02\x0f\x1b\x10\xfc\x1c\x04"
"\x03\x90\x41\x82\x43\x02\x9e\x25\x48\x93\x81\x8e\xc0\x3d\x87\x33"
"\x61\x03\x34\x61\x83\x32\x19\xe8\x08\xc8\xe0\x4c\x10\x34\x21\x83"
"\x32\x19\xe8\x08\xd0\xe0\x4c\x34\x34\x41\x83\x32\x19\xe8\x08\xe8"
"\x73\x38\x13\xf4\x1c\xd0\x84\x0d\xca\x64\xa0\x23\x11\xcf\xe1\x4c"
"\x14\x34\x11\xcf\xa1\x4c\x32\x10\x71\xdb\x3b\x07\x77\x81\x29\x07"
"\x7a\x43\x70\x17\x74\x8b\x5f\x3d\x07\x30\x30\xdc\x10\xa4\x01\x18"
"\xcc\x32\xac\x49\x99\x04\x03\x25\x81\x89\x0e\x3c\x62\x9e\xc3\x8f"
"\x98\xe8\x20\x26\x26\x3a\x84\xc9\x40\x49\x82\x12\x3c\xc2\x0b\x3f"
"\xc2\x0b\x62\xc2\x0b\x61\x32\x50\x22\xc0\x05\x8f\x80\xc3\x8f\x80"
"\x83\x98\x80\x43\x98\x0c\x94\x08\x74\xc1\x23\xe4\xf0\x23\xe4\x20"
"\x26\xe4\x10\x26\x03\x25\x14\x5e\xf0\x08\x3a\xfc\x08\x3a\x88\x09"
"\x3a\x84\xc9\xb0\x01\x61\xd3\x41\x31\x00\xb3\x04\x6b\x32\x50\x92"
"\x90\x03\x98\x90\xc3\x8f\x20\x6a\x42\x0e\x69\x32\x50\x22\xa0\x03"
"\x98\xa0\xc3\x8f\x20\x6a\x82\x0e\x69\x32\x50\x22\xb0\x03\x98\xb0"
"\xc3\x8f\x20\x6a\xc2\x0e\x69\x32\x50\x42\xc1\x03\x98\xc0\xc3\x8f"
"\x20\x6a\x02\x0f\x69\x32\x50\x12\xd0\x03\x98\xd0\xc3\x8f\xe0\xe8"
"\xa0\x26\x6a\x90\x26\x03\x25\x02\x8c\x0e\x60\x02\xa3\xc3\x8f\xc0"
"\xe8\xa0\x26\x5a\x9a\x0c\x37\x18\xb9\x1c\x88\xc1\x70\xc3\x90\xd2"
"\x01\x18\xcc\x32\xb4\xc9\x9b\x08\xc3\x0d\x7a\xb0\xcb\x81\x18\xcc"
"\x32\xb8\x09\x9c\x04\xb3\x0c\x6e\x52\x7b\xc2\xb0\x01\xf1\xd3\x41"
"\x48\x07\x03\x30\x4b\x70\x7b\xb3\x0c\x70\x52\x7b\xc2\x40\x45\x22"
"\xbd\x89\x3d\xb0\xc9\x40\x85\x20\xbd\x89\x3e\xb0\xc9\x40\x85\x20"
"\xbd\x89\x3f\xb0\xc9\x40\x05\x25\xbd\x89\x48\xb0\xc9\x40\x85\x00"
"\xbd\x09\x98\x0e\x6c\x42\x61\x1d\x08\x32\xdc\x10\xc8\x74\x00\x06"
"\xb3\x0c\x75\x12\x27\x01\x85\x75\x20\x88\x22\x22\x02\x86\x1b\x0a"
"\x41\x0c\x6e\x30\x62\xb8\x21\x18\xc8\x60\xba\xc1\xa6\x83\x60\x98"
"\x65\xa8\x13\x39\x09\x86\x1b\x1a\x9a\x0e\xc0\x60\x96\xa1\x54\xe6"
"\x24\xc8\x04\xa8\x4b\x42\xb0\x28\x24\x22\xe0\x02\x9a\x0e\x74\xb8"
"\x41\xb2\xe7\x80\x0c\x66\x19\x46\x85\x4e\x82\x1b\xca\x39\xd0\x59"
"\x02\x3b\x19\x36\x20\xe6\x3a\x20\xeb\x60\x00\x66\x09\x6e\x6f\xa0"
"\x42\x00\xd5\x81\x4e\xfa\xc0\x4e\x06\x2a\x04\x51\x1d\xe8\x24\x0f"
"\xec\x64\xa0\x42\x20\xd5\x81\x4e\xf6\xc0\x4e\x5c\x12\x90\x81\x82"
"\x14\x32\x10\x81\x46\x4f\x07\x27\x70\x42\x70\x17\x1c\x8b\x89\x58"
"\x07\x1b\xe0\x92\xf0\x04\x14\xa4\x90\x81\x08\x24\xc8\x3a\x38\x81"
"\x13\x82\xbb\xe0\x58\x84\xd0\x3a\xd8\x00\x97\x04\x2b\xa0\x20\x85"
"\x0c\x44\x20\xb1\xd6\xc1\x09\x9c\x10\xdc\x05\xc7\xe2\xe5\xd6\xc1"
"\x06\xb8\x24\x74\x01\x05\x29\x64\x20\x02\x09\xb9\x0e\x4e\xe0\x84"
"\xe0\x2e\x38\x16\x3d\xbc\x0e\x60\xe0\xba\xbc\x0e\x60\xb8\x21\x08"
"\x03\x30\x98\x65\x18\x15\x3b\x09\x86\x1b\x4c\x22\xa6\x03\x31\x98"
"\x65\xc0\x93\x3c\x09\x86\x0d\x88\xda\x0e\xee\x3a\x18\x80\x59\x82"
"\xdb\xd3\x93\x10\x11\xa0\x25\x21\x22\x60\xb8\x21\x85\x83\x80\x0c"
"\x4e\x85\x03\x21\x86\x1b\x02\x82\x0c\xa6\x1b\x4a\x3b\x08\x86\x59"
"\x06\x3e\xd1\x93\x60\xb8\xa1\x25\x46\x3b\x00\x83\x59\x86\x52\xd9"
"\x93\x40\x5d\x42\x44\xc0\x2c\x41\x9f\x0c\x1b\x10\xbd\x1d\xbc\x76"
"\x30\x00\xb3\x04\xb7\x37\x50\x11\xc8\xec\xb0\x27\x6d\x10\x2a\x03"
"\x15\x82\xcd\x0e\x7b\xd2\x07\xa1\x32\x50\x21\xe0\xec\xb0\x27\x79"
"\x10\x2a\x03\x15\x01\xce\x0e\x7b\xd2\x06\xa1\x32\x50\x11\x80\xc9"
"\x9e\xa4\x41\xa8\x0c\x54\x04\x30\xb2\x27\x65\x10\x2a\xc3\x0d\xc3"
"\x6b\x07\x60\x30\xcb\xe0\x27\xa1\x12\x0c\x37\x0c\xa3\x1d\x98\x81"
"\x12\x22\x02\x86\x1b\x70\x38\x08\xc4\x60\xba\x21\x28\xed\x60\x98"
"\x65\x00\x95\x3f\x09\x86\x0d\x08\xf4\x0e\x74\x3b\x18\x80\x59\x82"
"\x50\xc1\x43\xb7\x03\x18\x18\x36\x20\xd0\x3b\x08\x06\xc0\x27\x61"
"\x86\x03\x82\x82\x14\x2e\x41\xed\xe0\x2e\x50\xf8\x82\xd4\x0e\xf0"
"\x02\x81\x2f\x50\xed\xe0\x2e\x10\x78\xd8\x80\x50\xef\x20\x18\x80"
"\x0c\x12\x1c\x12\xf0\x2c\x41\xa8\x0c\x74\x04\xaa\x3b\xfc\x09\x1b"
"\x80\x0a\x1b\xf4\xc9\x40\x47\x40\x06\x7f\x82\x80\x0a\x19\xf4\xc9"
"\x40\x47\x80\x06\x7f\xa2\x81\x0a\x1a\xf4\xc9\x40\x47\x00\xbb\xc3"
"\x9f\x90\xee\x00\x2a\x6c\xd0\x27\x03\x1d\x89\xdf\x0e\x7f\xa2\x80"
"\x8a\xdf\x0e\x7d\x92\x81\x08\xdc\x7a\x3b\x38\x81\x13\x82\xbb\x80"
"\x5b\xf4\xc4\x3b\x80\x81\xe1\x86\x20\x0c\xc0\x60\x96\x41\x54\xfa"
"\x24\x18\x6e\x58\xd4\x3b\x00\x83\x59\x86\x52\xa9\xbd\x60\xa0\x42"
"\xe0\xd5\x61\x4e\x7c\xc1\x4e\x06\x2a\x04\xdd\x1d\xe6\xc4\x17\xec"
"\x64\xa0\x42\xe0\xdd\x61\x4e\xc4\xc1\x4e\x86\x1b\x64\xe1\xbd\x03"
"\x30\x98\x65\x28\x15\x52\x09\x06\x2a\x84\x89\x54\x8c\x51\x19\xa8"
"\x10\x1e\x52\x31\x46\x65\xa0\x42\x88\x48\x85\x7c\x87\x51\x71\x49"
"\xc0\x85\x81\x82\x14\x32\x10\x81\x46\x7b\x07\x27\x70\x42\x70\x17"
"\x1c\x8b\x89\x7c\x07\x30\x70\xc8\x7c\x07\x30\xdc\x10\xf8\x02\x18"
"\xcc\x32\x94\x0a\xa9\x04\x03\x2d\x02\x1a\x88\x0a\xfe\x0e\x7a\x82"
"\xbf\x83\x9c\x80\xc1\xa8\x20\xa4\x32\xd0\x22\xa8\x8d\xa8\xa8\x8d"
"\x9e\x80\x87\x9c\x80\x07\xa9\x80\xc7\xa8\x0c\xb4\x08\x6e\x23\x2a"
"\x6e\xa3\x27\xe0\x21\x27\xe0\x41\x2a\xe0\x31\x2a\x03\x2d\x94\xdc"
"\x88\x8a\xdc\xe8\x09\x78\xc8\x09\x78\x90\x0a\x78\x8c\x4a\x12\x01"
"\x32\xa0\x3b\xcc\x19\x24\xf9\xa3\x2e\xb4\x60\x2a\xb5\x70\x2a\xb6"
"\xa0\x2a\xb7\xb0\x2a\xb8\xe0\x2a\xb9\xf0\x2a\xba\x20\x2b\xbb\x50"
"\x2b\xbc\x60\x2b\xbd\x90\x2b\xbe\xc0\x2b\xbf\xd0\x2b\xe0\xe0\x2b"
"\xe1\x20\x2e\xe2\x60\x2e\xe3\x70\x2e\xe4\x80\x2e\xe5\x90\x2e\x67"
"\x10\x30\x4b\xb0\x2e\xc3\x0d\xed\xa3\xdb\x01\x19\xcc\x32\xa0\x4a"
"\xaa\x04\x57\x0c\x90\x41\xd8\x0c\x44\xcc\x12\xbc\x4b\x26\x75\x93"
"\xa9\x7b\x42\x00\x19\x88\x9d\x25\x58\x97\x6b\x9e\x98\x25\x58\x97"
"\xe1\x06\xfb\x19\xef\x80\x0c\x66\x19\x58\xa5\x55\x82\x73\x98\xc8"
"\x20\x6c\x06\x22\x66\x09\xde\x25\xa5\xba\x59\xd5\x3d\x21\x88\x0c"
"\xc4\xce\x12\xac\xcb\x61\x96\xcc\x12\xac\xcb\x70\xc3\xff\xb0\x77"
"\x40\x06\xb3\x0c\xb0\x12\x2b\xc1\x5d\x95\x64\x10\x36\x03\x11\xb3"
"\x04\xef\x92\x5b\xdd\xf4\xea\x9e\x10\x48\x06\x62\x67\x09\xd6\x65"
"\xb8\x21\x0c\x7a\x3c\x00\x83\x59\x86\x59\xa1\x95\x60\xd8\x80\x88"
"\xf3\x80\xb5\x83\x01\x98\x25\x58\x97\x03\x03\x31\x98\x59\x82\x75"
"\x19\x36\x20\xe4\x3c\x68\xf1\x60\x00\x66\x09\xd6\x65\xb8\x21\x85"
"\xec\x3b\x20\x83\x59\x86\x5b\xc1\x95\xe0\xc2\xe0\xa3\x0c\xc2\x66"
"\x20\x62\x96\xe0\x5d\xb2\x0c\xea\x26\x1a\xd4\x3d\x21\xa0\x0c\xc4"
"\xce\x12\xac\xcb\x70\xc3\x1a\x9c\x79\x00\x06\xb3\x0c\xba\xb2\x2b"
"\xc1\xb0\x01\xb1\xe7\x81\x6d\x07\x03\x30\x4b\xb0\x2e\xa7\x06\x6c"
"\x50\xb3\x04\xeb\x32\x6c\x40\xf0\x79\x70\xe3\xc1\x00\xcc\x12\xac"
"\xcb\xb0\x01\xc1\xe7\xc1\x8d\x07\x03\x30\x4b\xb0\x2e\xc3\x0d\x33"
"\x44\xe6\x01\x18\xcc\x32\x80\xcb\xaf\x04\x49\x43\x22\x30\x10\xf3"
"\xe0\x06\x86\x1b\xe0\x20\x20\x83\x59\x86\x70\x01\x97\x60\xd8\x80"
"\x00\xf5\x60\xb7\x83\x01\x98\x25\x58\x97\x7b\x83\x38\xb8\x59\x82"
"\x75\x19\x6e\xc0\xa1\x34\x0f\xc0\x60\x96\x81\x5c\xc6\x25\xc8\x1c"
"\x12\x81\xc1\x99\x07\x37\x30\xdc\x50\x07\x01\x19\xcc\x32\x94\x0b"
"\xb9\x04\xc3\x06\x44\xa9\x07\xe0\x1d\x0c\xc0\x2c\xc1\xba\x1c\x1d"
"\xd8\x01\xce\x12\xac\xcb\xb0\x01\x61\xea\x41\x98\x07\x03\x30\x4b"
"\xb0\x2e\x77\x07\x75\xa0\xb3\x04\xeb\x72\x78\x60\x07\x3b\x4b\xb0"
"\x2e\x97\x07\x77\xc0\xb3\x04\xeb\x32\x6c\x40\xa4\x7a\x40\xe6\xc1"
"\x00\xcc\x12\xac\xcb\x40\x6f\xb0\xb8\xf2\xa0\x2e\xe8\x3c\xa4\x0b"
"\x3a\x0f\xe8\x82\xce\xc3\xb9\xb8\xf2\x60\x2e\xae\x3c\x90\x0b\x3a"
"\x0f\xe5\xe2\xca\x03\xb8\xa0\xf3\x10\x2e\xae\x3c\xf4\x8a\x2b\x0f"
"\xbc\xe2\xca\x83\xae\xa0\xf3\xb0\x2b\xe8\x3c\xe0\x8a\x2b\x0f\xb5"
"\xe2\xca\xc3\xac\xa0\xf3\x40\x2b\xe8\x3c\xc4\x0a\x3a\x0f\xae\x82"
"\xce\x43\xab\xa0\xf3\xa0\x2a\xe8\x3c\xa4\x0a\x3a\x0f\xa6\x32\xd0"
"\x1b\x08\xee\x3c\xa8\x0b\x91\x2e\x06\xba\x20\xe7\xe2\xce\x83\xb9"
"\xb8\xf3\x40\x2e\x4a\xb9\xb8\xf3\x00\x2e\x54\xb8\xb8\xf3\xd0\x2b"
"\xee\x3c\xf0\x8a\x3b\x0f\xba\xe2\xed\x8a\x18\xe0\x8a\x3b\x0f\xb5"
"\xe2\xce\xc3\xac\xc8\x01\xad\xd8\x41\xac\x98\x82\xab\xa0\x42\xab"
"\xe0\x82\xaa\xe8\x42\xaa\xa8\x83\xa9\x0c\x37\x88\x11\x8a\x07\x62"
"\x30\xcb\xc0\x2e\xee\x12\xcc\x32\xb4\x4b\xed\x0d\xc3\x06\x04\xab"
"\x07\x6e\x1e\x0c\xc0\x2c\xc1\xed\xcd\x32\xbc\x4b\xed\x0d\x03\x2d"
"\x02\xe1\x2e\xe6\x80\x2a\xb4\xc0\x2a\xa2\x00\x2b\x6e\x70\x2b\xa4"
"\xea\x81\x20\xc3\x0d\xc1\x9e\x07\x60\x30\xcb\x40\x2f\xf0\x12\x90"
"\xaa\x07\x82\xe8\x19\x89\x08\x18\x6e\x08\x05\x41\x0c\x6e\x10\x85"
"\x18\x6e\x08\x06\x32\x98\x6e\xf8\xf3\x20\x18\x66\x19\xe8\x25\x5e"
"\x82\xe1\x06\x36\xea\xf3\x00\x0c\x66\x19\x6a\x4f\x5e\x02\x6d\x23"
"\x11\x01\x17\xec\x79\xa0\xc3\x0d\x6f\xd4\xe3\x01\x19\xcc\x32\xc4"
"\xde\xbc\x04\x37\xcc\x77\xa0\xb3\x04\xf5\x32\x6c\x40\xe8\x7a\xb0"
"\xea\xc1\x00\xcc\x12\xdc\xde\x40\x85\xe0\xd2\xc3\xbc\xf4\x41\xbd"
"\x0c\x54\x08\xde\xbc\xe4\x41\xbd\x0c\x54\x08\x32\x3d\xcc\xcb\x1e"
"\xd4\x4b\x0a\x09\x68\xd7\x03\x41\x32\x00\xea\x92\x10\x18\x2e\x09"
"\x41\x2c\x0c\x1b\x10\x41\x11\x00\x77\xb0\x7a\x80\x98\xa4\x7a\xb0"
"\x01\x29\x24\x20\x71\x0f\x04\xc9\x00\xa8\x4b\x42\x40\xb8\x24\x04"
"\xb8\x30\x6c\x40\x04\x45\x00\x9c\xc3\xe7\x01\x22\xf4\xea\xc1\x06"
"\xa4\x90\x80\xd2\x3d\x10\x24\x03\xa0\x2e\x09\x01\xe1\x92\x10\xfc"
"\xc2\xb0\x01\x11\x14\x01\x70\x95\x9f\x07\x88\x57\xad\x07\x1b\x90"
"\x42\x02\x82\xf7\x40\x90\x0c\x80\xba\x24\x04\x84\x4b\x42\x60\x0e"
"\xc3\x06\x44\x50\x04\xc0\x71\xa8\x1e\x20\x7a\xbf\x1e\xc0\xc0\x75"
"\xe0\x1e\xc0\x70\x43\x10\x06\x60\x30\xcb\x10\x7b\xf5\x12\x0c\x37"
"\xb0\x75\x70\xe7\x81\x19\x68\x59\x07\x22\x02\x86\x1b\xde\x3a\x08"
"\xc4\x60\xba\x21\xe0\xf5\x60\x98\x65\xb8\x17\x7d\x09\x10\xae\x03"
"\x78\x0f\x60\x60\xd8\x80\xf8\xf7\x20\x18\x00\x9f\x04\xb5\x0e\x08"
"\x0a\x52\x38\xb1\x0e\x7e\x3d\xb8\x0b\xc6\x3a\xe0\x0b\xc0\x3d\xc0"
"\x0b\x04\xbe\x20\xdc\x83\xbb\x40\xe0\x61\x03\x22\xe4\x83\x60\x00"
"\x32\x48\x70\x48\xc0\xba\x88\x08\x18\x6e\xe8\xeb\x20\x10\x83\x59"
"\x06\x7c\xd1\x97\x00\xfb\x3a\x38\xf5\x00\x06\x86\x0d\x08\x96\x0f"
"\x82\x01\xf0\x49\xb8\xeb\x60\xa0\x20\x85\x43\xd8\x3d\xb8\x0b\x12"
"\xbe\xa0\xdd\x03\xbc\x40\xe0\x0b\xdc\x3d\xb8\x0b\x04\x1e\x36\x20"
"\x5c\x3e\x08\x06\x20\x83\x04\xaa\x88\x08\x18\x6e\x48\xed\x20\x10"
"\x83\x59\x86\x7c\xd1\x97\x00\x53\x3b\xd0\xf7\x00\x06\x86\x0d\x08"
"\x9c\x0f\x82\x01\xf0\x49\x18\xed\x60\xa0\x20\x85\x3b\xf0\x3d\xb8"
"\x0b\x10\xbe\x20\xdf\x03\xbc\x40\xe0\x0b\xf4\x3d\xb8\x0b\x04\x1e"
"\x36\x20\x74\x3e\x08\x06\x20\x83\x04\x87\x04\xac\x8b\x88\x80\xe1"
"\x06\xdb\x0e\x02\x31\x98\x65\xd8\x17\x7d\x09\x86\x0d\x88\xb2\x0f"
"\x6e\x3e\x18\x80\x59\x82\xda\x43\xdb\x0e\x40\x3e\x80\x81\x61\x03"
"\xa2\xec\x83\x60\x00\xce\x18\xf9\xe0\x2e\x38\xf8\x02\x92\x0f\xf0"
"\x02\x81\x2f\x28\xf9\xe0\x2e\x10\x78\xd8\x80\x28\xfb\x20\x18\x00"
"\x6a\xfb\x20\x8c\xe1\x86\xa0\xe7\x03\x31\x98\x65\xe0\x97\x7e\x09"
"\x86\x0d\x08\xb7\x0f\x60\x3e\x18\x80\x59\x82\xdb\x53\x41\x44\x80"
"\x2a\x22\x02\x86\x1b\xc4\x3b\x08\xc8\xe0\xc6\x3b\x10\x62\xb8\x21"
"\x20\xc8\x60\xba\xc1\xe7\x83\x60\x98\x65\x00\x19\x7f\x09\x86\x1b"
"\x10\xb0\x0f\xc0\x60\x96\xe1\x64\xfe\x25\x20\xb7\x0f\xc2\x98\x25"
"\x08\x99\x61\x03\xc2\xee\x03\xb4\x0f\x06\x60\x96\xe0\xf6\x06\x2a"
"\x02\x52\x1f\xfe\xa5\x0d\x4a\x66\xa0\x42\x40\xf5\xe1\x5f\xfe\xa0"
"\x64\x06\x2a\x04\x55\x1f\xfe\x65\x0f\x4a\x66\xa0\x22\x50\xf5\xe1"
"\x5f\xda\xa0\x64\x06\x2a\x02\x35\xf8\x97\x34\x28\x99\x81\x8a\x80"
"\xf9\x97\x32\x28\x99\xe1\x86\x01\xed\x03\x30\x98\x65\x10\x99\x92"
"\x09\x86\x1b\x06\x9e\x0f\xcc\x40\x09\x11\x01\xc3\x0d\xf1\x1d\x04"
"\x62\x30\xdd\x10\xf8\x7c\x30\xcc\x32\x90\xcc\xc8\x04\xc3\x06\x44"
"\xe8\x07\x73\x1f\x0c\xc0\x2c\x41\xc9\xe0\x31\xf7\x01\x0c\x0c\x1b"
"\x10\xa1\x1f\x04\x03\xe0\x93\xc0\xde\x01\x41\x41\x0a\x97\x84\x7d"
"\x70\x17\x28\x7c\x81\xd8\x07\x78\x81\xc0\x17\x8c\x7d\x70\x17\x08"
"\x3c\x6c\x40\x8c\x7e\x10\x0c\x40\x06\x09\x0e\x09\x78\x96\xa0\x64"
"\x06\x3a\x02\x7e\x1f\x46\x86\x0d\x48\x86\x0d\x42\x66\xa0\x23\x20"
"\x83\x91\x41\x48\x86\x0c\x42\x66\xa0\x23\x40\x83\x91\xd1\x48\x06"
"\x0d\x42\x66\xa0\x23\x10\xf9\x61\x64\xec\x7d\x20\x19\x36\x08\x99"
"\x81\x8e\x04\xde\x87\x91\x51\x48\x06\xde\x87\x90\xc9\x40\xc4\x6d"
"\x76\x1f\xdc\x05\x2d\x1f\xe8\x0d\xc1\x5d\xd0\x2d\x7e\x7c\x1f\xc0"
"\xc0\x70\x43\x90\x06\x60\x30\xcb\x60\x32\x21\x13\x0c\x37\x30\xa4"
"\x1f\x80\xc1\x2c\xc3\xc9\xd4\x5e\x30\x50\x21\x20\x26\xc3\xf2\x83"
"\xbf\x0c\x54\x04\x98\xc9\xa8\x83\xbf\x0c\x37\x04\x7a\x1f\x98\x81"
"\x0a\x22\x02\x86\x1b\x5e\x3c\x08\xc4\x60\xba\x21\xe0\xfb\x60\x98"
"\x65\x48\x19\x94\x09\x86\x0d\x88\xdf\x0f\x62\x3f\x18\x80\x59\x82"
"\xda\xc3\x22\xf6\x03\x18\x18\x36\x20\x7e\x3f\x08\x06\xc0\x27\x41"
"\xc5\x03\x82\x82\x14\x68\xf7\x83\x30\x2e\x00\xfd\xe0\x2e\x10\xf8"
"\x82\xd0\x0f\xf0\x02\x81\x2f\x10\xfd\xe0\x2e\x10\x78\xd8\x80\x10"
"\xff\x20\x18\x80\x0c\x12\x5c\x12\xb0\x32\x22\x02\x86\x1b\x7c\x3c"
"\x08\xc4\x60\x96\x61\x65\x54\x26\x18\x36\x20\xda\x3f\xf8\xfd\x60"
"\x00\x66\x09\x68\x06\x27\xdf\x0f\x60\x60\xd8\x80\x68\xff\x20\x18"
"\x00\x9f\x04\x1c\x0f\x06\x0a\x52\x38\xa4\xf5\x83\xbb\x20\xe1\x0b"
"\x5c\x3f\xc0\x0b\x04\xbe\xe0\xf5\x83\xbb\x40\xe0\x61\x03\xe2\xfd"
"\x83\x60\x00\x32\x48\x30\xdc\x80\x04\x60\x30\xcb\xc0\x32\x65\x13"
"\xe8\x22\x22\x60\xb8\x61\xcd\x83\x80\x0c\x8e\xcd\x03\x21\x86\x1b"
"\x82\x56\x20\x83\xe9\x86\xf3\x0f\x82\x61\x96\xa1\x66\x5a\x26\x98"
"\x65\xa0\x19\x97\x49\x05\xb2\xff\x20\x8c\x11\x03\x03\x08\x41\x30"
"\x38\xe2\x3f\x90\x05\xf8\x0f\x34\x10\x11\x30\x4b\xf0\x32\x03\x15"
"\x01\xee\x0f\x2e\xd3\x06\x33\x33\x50\x21\xf0\xfe\xe0\x32\x7f\x30"
"\x33\x03\x15\x82\xef\x0f\x2e\xb3\x07\x33\x33\x50\x11\xf8\xfe\xe0"
"\x32\x6d\x30\x33\x03\x15\x81\x1b\xb8\x4c\x1a\xcc\xcc\x40\x45\x00"
"\xb9\x4c\x19\xcc\xcc\x70\xc3\x20\xff\x01\x18\xcc\x32\xc0\xcc\xcc"
"\x04\xc3\x0d\x83\xf9\x07\x66\xa0\x84\x88\x80\xe1\x86\x3d\x0f\x02"
"\x31\x98\x6e\x08\xd0\x3f\x18\x66\x19\x64\x26\x66\x82\x61\x03\x62"
"\x05\x85\xfe\x0f\x06\x60\x96\x60\x66\xf0\xe8\xff\x00\x06\x86\x0d"
"\x88\x15\x14\x82\x01\xf0\x49\xb0\xf3\x80\xa0\x20\x85\x4b\xd6\x3f"
"\xb8\x0b\x14\xbe\x80\xfd\x03\xbc\x40\xe0\x0b\xda\x3f\xb8\x0b\x04"
"\x1e\x36\x20\x5a\x50\x08\x06\x20\x83\x04\x87\x04\x3c\x4b\x30\x33"
"\x03\x1d\x01\x0c\x12\x31\xc3\x06\x32\xc3\x06\x2f\x33\xd0\x11\x90"
"\x41\xcc\x20\x32\x43\x06\x2f\x33\xd0\x11\xa0\x41\xcc\x68\x32\x83"
"\x06\x2f\x33\xd0\x11\xd8\x20\x11\x33\x2a\x48\xc8\x0c\x1b\xbc\xcc"
"\x40\x47\x42\x82\x44\xcc\x28\x32\x43\x82\xc4\xcb\x64\x20\xe2\x36"
"\x10\x14\xee\x82\xdb\x0f\xf4\x86\xe0\x2e\xe8\x16\x3f\x13\x14\x60"
"\x60\xb8\x21\x10\x03\x30\x98\x65\xa0\x99\x97\x09\x06\x3a\x02\x75"
"\x68\x19\x93\x50\x19\x6a\x66\x06\x3a\x02\x1f\x24\x5a\x46\x0d\x09"
"\x95\xd1\x66\x66\xa0\x43\x10\x43\xa2\x65\xc4\x90\x50\x19\x65\x66"
"\x86\x1b\xf6\x40\xfc\x03\x31\x18\x6e\x18\x64\x50\x00\x83\x59\x06"
"\x9b\xc1\x19\x61\xd8\x80\x38\x43\x21\x07\x85\x01\x98\x25\xa8\xbd"
"\x59\x86\x9b\xa9\xbd\x60\xd8\x80\x38\x43\x21\x05\x85\x01\x98\x25"
"\xa8\xbd\x59\x86\x9c\xa9\xbd\x80\xc8\x50\x10\x64\xb8\x21\xa8\x41"
"\x01\x0c\x66\x19\x7a\x46\x67\x02\x22\x43\x41\x10\x05\x05\x11\x01"
"\xc3\x0d\x87\x20\x06\x37\x20\x31\xdc\x10\x0c\x64\x30\xdd\x90\x83"
"\x42\x30\xcc\x32\xf4\xcc\xce\x04\xc3\x0d\xa5\x70\x83\x02\x18\xcc"
"\x32\xc4\x0d\xcf\x04\x99\x00\x75\x49\x08\x1a\x0a\x52\xc8\x40\xc4"
"\x70\x83\x2a\xf4\xa0\x00\x06\xb3\x0c\x71\xe3\x33\xc1\xb0\x01\x51"
"\x87\x82\x19\x0a\x03\x30\x4b\x50\x7b\x2e\x09\xc4\x0e\x0a\x14\xa4"
"\x90\x81\x08\x0c\xc4\x50\xb8\x01\x0c\x8c\x0d\x18\x6e\x80\x85\x10"
"\x14\xc0\x60\x96\x21\x6e\x7e\x26\x70\x49\x50\xc0\x50\xa0\x20\x85"
"\x0c\x44\x60\x10\x83\xc2\x0d\x60\x60\x6c\xc0\x70\x83\x2d\x98\xa0"
"\x00\x06\xb3\x0c\x71\x03\x36\x81\x4b\x02\x54\x86\x02\x05\x29\x64"
"\x20\x02\x03\x19\x14\x6e\x00\x03\x63\x03\x86\x1b\x78\x61\x05\x05"
"\x30\x98\x65\x88\x9b\xb0\x09\x5c\x12\x2c\x37\x14\x28\x48\x21\x03"
"\x11\x18\xec\xa0\x70\x03\x18\x18\x1b\x30\xdc\x20\x0e\x30\x28\x80"
"\xc1\x2c\x43\xdc\x88\x4d\xe0\x92\xc0\x95\xa0\x40\x41\x0a\x19\x88"
"\xc0\x20\x05\x85\x1b\xb8\xc0\xd8\xe1\x06\x74\xa8\x41\x01\x0c\x66"
"\x19\xe2\x66\x6c\x02\x97\x04\x31\x48\x41\x81\x82\x14\x32\x10\x81"
"\x41\x0b\x0a\x37\x70\x81\xb1\xc3\x0d\xee\xa0\x83\x02\x18\xcc\x32"
"\xc4\x0d\xd9\x04\x2e\x09\x68\xd0\x82\x02\x05\x29\x64\x20\x02\x83"
"\x18\x14\x2e\xe0\x02\x63\x67\x09\xe2\x66\xb8\x81\x1e\x76\x50\x10"
"\x83\x59\x06\xb3\x39\x9b\x60\xd8\x80\xf8\x45\x21\x14\x85\x01\x98"
"\x25\xa8\x3d\xad\x07\x11\x01\x3a\x0f\x22\x02\x86\x1b\x66\x3e\x08"
"\xc8\xe0\x68\x3e\x10\x62\xb8\x21\x20\xc8\x60\xba\xe1\x15\x85\x60"
"\x98\x65\x50\x1b\xb4\x09\x86\x1b\xf6\xa1\x15\x05\x30\x98\x65\x88"
"\x9b\xb4\x09\x94\x1f\x44\x04\xcc\x12\xac\xcd\xb0\x01\x71\x8e\x42"
"\x2e\x0a\x03\x30\x4b\x50\x7b\x03\x15\x81\x59\x12\x69\xd3\x06\x6f"
"\x33\x50\x21\xa8\x25\x91\x36\x7d\xf0\x36\x03\x15\x02\x5b\x12\x69"
"\x93\x07\x6f\x33\x50\x11\xb0\x25\x91\x36\x6d\xf0\x36\x03\x15\x01"
"\x7f\xa4\x4d\x1a\xbc\xcd\x40\x45\xe0\x1e\x69\x53\x06\x6f\x33\xdc"
"\x30\xe4\xa2\x00\x06\xb3\x0c\x6c\xf3\x36\xc1\x70\xc3\xd0\x8a\x82"
"\x19\x28\x21\x22\x60\xb8\x41\xec\x83\x40\x0c\xa6\x1b\x82\x57\x14"
"\x86\x59\x06\xb7\x69\x9b\x60\xd8\x80\x90\x47\x81\x1c\x85\x01\x98"
"\x25\x78\x1b\x3c\xc8\x51\x80\x81\x61\x03\x42\x1e\x85\x60\x00\x7c"
"\x12\x7a\x3e\x20\x28\x48\xe1\x12\x59\x14\xee\x02\x85\x2f\x98\x45"
"\x01\x2f\x10\xf8\x02\x5a\x14\xee\x02\x81\x87\x0d\x08\x7a\x14\x82"
"\x01\xc8\x20\xc1\x21\x01\xcf\x12\xbc\xcd\x40\x47\xe0\x9b\x44\xdb"
"\xb0\x81\xdb\xb0\xc1\xda\x0c\x74\x04\x64\xd0\x36\x88\xdb\x90\xc1"
"\xda\x0c\x74\x04\x68\xd0\x36\x9a\xdb\xa0\xc1\xda\x0c\x74\x04\xe4"
"\x49\xb4\x0d\x6e\x12\x6e\xc3\x06\x6b\x33\xd0\x91\xc8\x26\xd1\x36"
"\x8a\xdb\xc8\x26\xb1\x36\x19\x88\xc0\xed\x1c\x85\x13\x38\x21\xb8"
"\x0b\xb8\x45\x8f\x1d\x05\x18\x18\x6e\x08\xc2\x00\x0c\x66\x19\xe0"
"\x66\x6d\x82\xe1\x86\x85\x1e\x05\x30\x98\x65\x88\x9b\xda\x0b\x06"
"\xba\x04\x04\x6e\xd8\x93\x40\x1b\xf6\x24\x76\x86\x2d\x78\x06\x2c"
"\x7c\x86\x26\x7e\x06\x25\xc0\x86\x1f\xc2\x06\x1e\xc4\x86\x1c\xc6"
"\x06\x17\xc8\x66\xa0\x2b\xb0\xe0\x46\x4f\xd0\x06\x36\x76\x06\x36"
"\xc8\x06\x36\xc6\x06\x36\xc4\x06\x36\xc2\x06\x36\xc0\x06\x36\x7e"
"\x06\x36\x7c\x06\x36\x78\x66\xb8\x21\x50\x47\xc1\x0c\x54\x10\x11"
"\x30\xdc\xf0\xf7\x41\x20\x06\xd3\x0d\x01\x3b\x0a\xc3\x2c\xc3\xdc"
"\xc8\x4d\x30\x6c\x40\xbc\xa4\x10\x92\xc2\x00\xcc\x12\xd4\x1e\x16"
"\x21\x29\xc0\xc0\xb0\x01\xf1\x92\x42\x30\x00\x3e\x09\x7a\x1f\x10"
"\x14\xa4\x40\x2b\x29\x84\x71\x01\x3c\x0a\x77\x81\xc0\x17\xc4\xa3"
"\x80\x17\x08\x7c\x81\x3c\x0a\x77\x81\xc0\xc3\x06\x84\x4c\x0a\xc1"
"\x00\x64\x90\xe0\x92\x80\x95\x11\x11\x30\xdc\xe0\xfa\x41\x20\x06"
"\xb3\x0c\x75\x43\x37\xc1\xb0\x01\xd1\x93\xc2\x4b\x0a\x03\x30\x4b"
"\xe0\x37\x38\xb9\xa4\x00\x03\xc3\x06\x44\x4f\x0a\xc1\x00\xf8\x24"
"\xa0\x7e\x30\x50\x90\xc2\x21\xfd\x28\xdc\x05\x09\x5f\xe0\x8f\x02"
"\x5e\x20\xf0\x05\xff\x28\xdc\x05\x02\x0f\x1b\x10\x3f\x29\x04\x03"
"\x90\x41\x82\xe1\x06\x24\x00\x83\x59\x06\xbb\x79\x9d\x40\x17\x11"
"\x01\xc3\x0d\xbb\x1f\x04\x64\x70\xbc\x1f\x08\x31\xdc\x10\xf4\x07"
"\x19\x4c\x37\xdc\xa4\x10\x0c\xb3\x0c\x7f\x73\x37\xc1\x2c\x83\xdf"
"\xe0\x4d\x7e\x90\x59\x0a\x61\x8c\x18\x18\x40\x08\x82\xc1\x11\x96"
"\x82\x88\x80\xa5\xa0\x81\x88\x80\x59\x82\xbc\x19\xa8\x08\xf0\x94"
"\xc0\x9b\x36\xe8\x9b\x81\x0a\x81\x4f\x09\xbc\xf9\x83\xbe\x19\xa8"
"\x10\xfc\x94\xc0\x9b\x3d\xe8\x9b\x81\x8a\xc0\x4f\x09\xbc\x69\x83"
"\xbe\x19\xa8\x08\xdc\x00\x6f\xd2\xa0\x6f\x06\x2a\x02\x08\x6f\xca"
"\xa0\x6f\x86\x1b\x06\xb1\x14\xc0\x60\x96\x41\x6f\xfa\x26\x18\x6e"
"\x18\x6c\x52\x30\x03\x25\x44\x04\x0c\x37\xac\x7f\x10\x88\xc1\x74"
"\x43\x80\x93\xc2\x30\xcb\xc0\x37\x7b\x13\x0c\x1b\x10\x7b\x29\xb4"
"\xa5\x30\x00\xb3\x04\x7d\x83\x47\x5b\x0a\x30\x30\x6c\x40\xec\xa5"
"\x10\x0c\x80\x4f\x82\xf9\x07\x04\x05\x29\x5c\xb2\x93\xc2\x5d\xa0"
"\xf0\x05\x3c\x29\xe0\x05\x02\x5f\xd0\x93\xc2\x5d\x20\xf0\xb0\x01"
"\xd1\x97\x42\x30\x00\x19\x24\x38\x24\xe0\x59\x82\xbe\x19\xe8\x08"
"\xe0\x95\xd8\x1b\x36\xe0\x1b\x36\xc8\x9b\x81\x8e\x80\x0c\xf6\x06"
"\xe1\x1b\x32\xc8\x9b\x81\x8e\x00\x0d\xf6\x46\xe3\x1b\x34\xc8\x9b"
"\x81\x8e\xc0\x5e\x89\xbd\x51\x57\x82\x6f\xd8\x20\x6f\x06\x3a\x12"
"\x72\x25\xf6\x46\xe1\x1b\x72\x25\xf2\x26\x03\x11\xb7\xc1\xa5\x70"
"\x17\x9c\xa4\xa0\x37\x04\x77\x41\xb7\xf8\xd9\xa5\x00\x03\xc3\x0d"
"\x81\x18\x80\xc1\x2c\x83\xdf\xe4\x4d\x30\xd0\x11\xf0\x2b\x71\x37"
"\x28\x4b\xd0\x0d\xd6\x37\x03\x1d\x02\xc8\x12\x77\x03\xb2\x04\xdd"
"\x20\x7d\x33\xdc\xa0\x07\x31\x29\x88\xc1\x70\xc3\x10\x9a\x02\x18"
"\xcc\x32\x80\x8e\xe8\x08\xc3\x06\x84\x6d\x0a\xa8\x29\x0c\xc0\x2c"
"\xc1\xed\xcd\x32\x84\x4e\xed\x05\xc3\x06\x84\x6d\x0a\x78\x29\x0c"
"\xc0\x2c\xc1\xed\xcd\x32\x8c\x4e\xed\x05\x34\x9b\x82\x20\xc3\x0d"
"\x01\x69\x0a\x60\x30\xcb\x70\x3a\xa4\x13\xd0\x6c\x0a\x82\xe8\x1f"
"\x88\x08\x18\x6e\x38\x04\x31\xb8\x01\x89\xe1\x86\x60\x20\x83\xe9"
"\x06\xd4\x14\x82\x61\x96\xe1\x74\x4a\x27\x18\x6e\x20\x05\xd3\x14"
"\xc0\x60\x96\x61\x77\x4c\x27\xc8\x04\xa8\x4b\x42\xd0\x50\x90\x42"
"\x06\x22\x86\x1b\x52\x81\x35\x05\x30\x98\x65\xd8\x1d\xd4\x09\x86"
"\x0d\x08\xf2\x14\x6a\x53\x18\x80\x59\x82\xdb\x73\x49\x20\x54\x53"
"\xa0\x20\x85\x0c\x44\x60\x10\x9b\xc2\x0d\x60\x60\x6c\xc0\x70\xc3"
"\x2b\xc0\xa5\x00\x06\xb3\x0c\xbb\x93\x3a\x81\x4b\x82\xf2\x9a\x02"
"\x05\x29\x64\x20\x02\x03\xd0\x14\x6e\x00\x03\x63\x03\x86\x1b\x6a"
"\xa1\x2e\x05\x30\x98\x65\xd8\x1d\xd5\x09\x5c\x12\x20\xda\x14\x28"
"\x48\x21\x03\x11\x18\x84\xa6\x70\x03\x18\x18\x1b\x30\xdc\xb0\x0b"
"\x7a\x29\x80\xc1\x2c\xc3\xee\xac\x4e\xe0\x92\x60\xf5\xa6\x40\x41"
"\x0a\x19\x88\xc0\x40\x35\x85\x1b\xc0\xc0\xd8\x80\xe1\x86\x70\xf8"
"\x4b\x01\x0c\x66\x19\x76\x87\x75\x02\x97\x04\x8e\x2e\x05\x0a\x52"
"\xc8\x40\x04\x06\x78\x29\xdc\xc0\x05\xc6\x0e\x37\x9c\x03\x69\x0a"
"\x60\x30\xcb\xb0\x3b\xad\x13\xb8\x24\x88\x01\x5e\x0a\x14\xa4\x90"
"\x81\x08\x0c\xf8\x52\xb8\x81\x0b\x8c\x1d\x6e\x68\x87\xd4\x14\xc0"
"\x60\x96\x61\x77\x5c\x27\x70\x49\x40\x03\xbe\x14\x28\x48\x21\x03"
"\x11\x18\x80\xa6\x70\x01\x17\x18\x3b\x4b\xb0\x3b\xc3\x0d\xf3\xa0"
"\x9a\x82\x18\xcc\x32\xc0\x4e\xec\x04\xc3\x06\x84\x8b\x0a\xf0\x29"
"\x0c\xc0\x2c\xc1\xed\x29\x3d\x88\x08\x50\x79\x10\x11\x30\xdc\x20"
"\x8a\x42\x40\x06\x37\x8a\x82\x10\xc3\x0d\x01\x41\x06\xd3\x0d\xfe"
"\x29\x04\xc3\x2c\x03\xed\xc8\x4e\x30\xdc\xa0\x0f\xfc\x29\x80\xc1"
"\x2c\xc3\xee\xcc\x4e\x40\x2e\x2a\x84\xa1\xfc\x20\x22\x60\x96\xa0"
"\x76\x86\x0d\x88\x1b\x15\x52\x54\x18\x80\x59\x82\xdb\x1b\xa8\x08"
"\x4c\x98\x98\x9d\x36\xc8\x9d\x81\x0a\x41\x85\x89\xd9\xe9\x83\xdc"
"\x19\xa8\x10\x58\x98\x98\x9d\x3c\xc8\x9d\x81\x8a\x80\x85\x89\xd9"
"\x69\x83\xdc\x19\xa8\x08\xf8\x63\x76\xd2\x20\x77\x06\x2a\x02\x67"
"\x76\xca\x20\x77\x86\x1b\x86\x14\x15\xc0\x60\x96\xc1\x76\x72\x27"
"\x18\x6e\x18\xfa\x53\x30\x03\x25\x44\x04\x0c\x37\xc8\xa2\x10\x88"
"\xc1\x74\x43\xf0\x9f\xc2\x30\xcb\x80\x3b\xb7\x13\x0c\x1b\x10\x62"
"\x2a\xd0\xa8\x30\x00\xb3\x04\xb9\x83\x07\x8d\x0a\x30\x30\x6c\x40"
"\x88\xa9\x10\x0c\x80\x4f\x42\x2b\x0a\x04\x05\x29\x5c\x22\xa2\xc2"
"\x5d\xa0\xf0\x05\x23\x2a\xe0\x05\x02\x5f\x40\xa2\xc2\x5d\x20\xf0"
"\xb0\x01\x41\xa6\x42\x30\x00\x19\x24\x38\x24\xe0\x59\x82\xdc\x19"
"\xe8\x08\xfc\x98\xb8\x1d\x36\xc0\x1d\x36\xa8\x9d\x81\x8e\x80\x0c"
"\x6e\x07\xc1\x1d\x32\xa8\x9d\x81\x8e\x00\x0d\x6e\x47\xc3\x1d\x34"
"\xa8\x9d\x81\x8e\x80\x94\x89\xdb\xc1\x63\x02\x77\xd8\xa0\x76\x06"
"\x3a\x12\x39\x26\x6e\x47\xc1\x1d\x39\x26\x6a\x27\x03\x11\xb8\xdd"
"\xa8\x70\x02\x27\x04\x77\x01\xb7\xe8\xf1\xa8\x00\x03\xc3\x0d\x41"
"\x18\x80\xc1\x2c\x83\xee\xd4\x4e\x30\xdc\xb0\x90\xa9\x00\x06\xb3"
"\x0c\xbb\x53\x7b\xc1\x40\x97\x80\xe8\x0e\x2b\x13\xb2\xc3\xca\x44"
"\xe9\xb8\x85\xe9\x88\x05\xea\xd8\x44\xea\xa8\x84\xea\xf8\xc3\xea"
"\xc8\x03\xeb\x98\x43\xeb\xe8\x82\xeb\x0c\x37\xc4\x8d\x98\x0a\x61"
"\x30\xdc\xd0\x36\x66\x13\x06\xd3\x0d\x81\x8e\x0a\x42\xd2\x8d\x88"
"\xe9\x86\x80\x4c\x05\xe1\x8c\x40\x2e\xb8\x0b\x18\x6e\xf8\x19\xff"
"\x14\xc4\x60\x96\x81\x77\x7a\x27\x18\x36\x20\x44\x55\x20\x53\x61"
"\x00\x66\x09\x6e\x8f\xfe\x54\x10\x64\xb8\x21\x80\x53\x01\x0c\x66"
"\x19\xc0\xc7\x77\x02\xfa\x53\x41\x10\x1d\x1b\x11\x01\xc3\x0d\xed"
"\x22\x88\xc1\x0d\xee\x12\xc3\x0d\xc1\x40\x06\xd3\x0d\x74\x2a\x04"
"\xc3\x2c\x03\xf8\xfc\x4e\x30\xdc\x80\x36\x72\x2a\x80\xc1\x2c\x43"
"\xed\x85\x4f\x30\x6c\x40\xac\xaa\xc0\xa7\xc2\x00\xcc\x12\xdc\x5e"
"\x2e\x09\x28\x55\x05\x41\x32\x00\xea\x92\x10\xd4\xcb\xb0\x01\x11"
"\x10\x01\x30\xdc\xd0\x36\x78\x2a\x80\xc1\x2c\x43\xed\x89\x4f\x70"
"\x90\x9e\x0a\x98\x41\x02\x7a\x55\x41\x90\x0c\x80\xba\x24\x04\x7a"
"\x2a\xb8\x24\x04\xfc\x32\x6c\x40\x04\x45\x00\x0c\x37\xd0\x4d\x8f"
"\x0a\x60\x30\xcb\x50\x7b\xe3\x13\xdc\xa5\xa6\x02\x66\x90\x80\x6c"
"\x55\x10\x24\x03\xa0\x2e\x09\x01\xa8\x0a\x2e\x09\xc1\xc8\x0c\x1b"
"\x10\x41\x11\x00\xc3\x0d\x7b\x33\xa6\x02\x18\xcc\x32\xd4\x1e\xf9"
"\x04\xe7\xb1\xa9\x80\x19\x24\xa0\x5e\x15\x04\xc9\x00\xa8\x4b\x42"
"\x60\xaa\x82\x4b\x42\xa0\x32\xc3\x06\x44\x50\x04\xc0\x70\x83\xe8"
"\xa4\xa9\x00\x06\xb3\x0c\xb5\x57\x3e\xc1\x95\x81\x9d\x0a\x98\x41"
"\x02\x22\x57\x41\x90\x0c\x80\xba\x24\x04\xb0\x2a\xb8\x24\x04\x31"
"\x33\x6c\x40\x04\x45\x00\x0c\x37\xa4\xce\x9b\x0a\x60\x30\xcb\x50"
"\x7b\xe6\x13\x1c\x1b\x94\xa9\x80\x19\x24\xa0\x75\x15\x04\xc9\x00"
"\xa8\x4b\x42\x80\xa6\x82\x4b\x42\x80\x33\xc3\x06\x44\x50\x04\xc0"
"\x70\x03\xec\xd4\xa9\x00\x06\xb3\x0c\xb5\x77\x3e\xc1\xcd\x81\x9a"
"\x0a\x98\x41\x02\x92\x57\x41\x90\x0c\x80\xba\x24\x04\x6d\x2a\xb8"
"\x24\x04\x3f\x33\x6c\x40\x04\x45\x00\x0c\x37\xdc\xce\x9e\x0a\x60"
"\x30\xcb\x50\x7b\xe8\x13\x9c\x1e\xbc\xa9\x80\x19\x24\xa0\x7c\x15"
"\x04\xc9\x00\xa8\x4b\x42\x20\xa7\x82\x4b\x42\x60\x36\xc3\x06\x44"
"\x50\x04\xc0\x2c\x41\xed\x0d\x37\xc4\xa5\xc0\xa7\x82\x19\xa8\x5a"
"\x0a\x22\x02\x86\x1b\xe8\x52\x08\xc4\x60\xba\x21\x08\x57\x61\x98"
"\x65\x50\x1f\xf6\x09\xb0\x2e\x85\x7a\x15\x60\x60\xd8\x80\x20\x59"
"\x21\x18\x00\x9f\x84\xb7\x14\x08\x0a\x52\xb8\xb3\x14\xc8\x55\xb8"
"\x0b\xd0\x52\xe0\x0b\xca\x55\xc0\x0b\x04\xbe\xc0\x5c\x85\xbb\x40"
"\xe0\x61\x03\xc2\x64\x85\x60\x00\x32\x48\x70\x48\xc0\xba\x88\x08"
"\x18\x6e\x10\x4d\x21\x10\x83\x59\x86\xf5\x61\x9f\x00\x45\x53\x60"
"\x55\x01\x06\x86\x0d\x88\x98\x15\x82\x01\xf0\x49\xe0\x4b\x61\xa0"
"\x20\x85\x43\xe2\x55\xb8\x0b\x12\xbe\x40\x5e\x05\xbc\x40\xe0\x0b"
"\xe6\x55\xb8\x0b\x04\x1e\x36\x20\x66\x56\x08\x06\x20\x83\x04\x87"
"\x04\xac\x8b\x88\x80\xe1\x86\xd7\x14\x02\x31\x98\x65\x68\x1f\xf6"
"\x09\x06\x3a\x02\x7e\x25\xd2\x87\x0c\xd4\x47\x59\x9f\x81\x8e\x00"
"\x66\x89\xf4\xb1\x03\xf5\xe1\xd6\x67\xa0\x23\x81\x71\x22\x7d\x60"
"\x9c\x50\x1f\x65\x7d\x06\x3a\x12\x19\x27\xd2\xc7\x0c\xd4\xc7\x0c"
"\xd6\x67\xd8\x80\x10\x5b\x81\x66\x85\x01\xa0\xb1\x15\xc2\x18\x6e"
"\x08\x66\x56\x10\x83\x59\x02\x33\xc2\xda\x14\x4c\x56\x80\x81\x61"
"\x03\x82\x6c\x85\x60\x00\x8e\x11\x59\xe1\x2e\x68\xf8\x82\x91\x15"
"\xf0\x02\x81\x2f\x20\x59\xe1\x2e\x10\x78\xd8\x80\x20\x5b\x21\x18"
"\x00\x62\x5b\x21\x8c\xe1\x86\x80\x67\x05\x31\x98\x65\x70\x9f\xf7"
"\x09\x86\x0d\x88\xb6\x15\x5e\x56\x18\x80\x59\x82\xda\x53\x41\x44"
"\x80\x2a\x22\x02\x86\x1b\xc2\x53\x08\xc8\xe0\xc4\x53\x10\x62\xb8"
"\x21\x20\xc8\x60\xba\xa1\x67\x85\x60\x98\x65\x88\x1f\xf8\x09\x86"
"\x1b\x90\x9f\x15\xc0\x60\x96\x01\x7f\xe4\x27\x18\x36\x20\xe8\x56"
"\x30\x5b\x61\x00\x66\x09\x6a\x6f\xa0\x22\x68\x03\xfb\x01\x75\x02"
"\x7e\x06\x2a\x84\x3f\xb0\x1f\x52\x27\xe0\x67\xa0\x42\xd8\x03\xfb"
"\x31\x75\x02\x7e\x06\x2a\x82\x36\xb0\x1f\x53\x27\xe0\x67\xa0\x22"
"\x48\x03\xfb\x41\x03\xf8\x19\xa8\x08\xca\xc0\x7e\x3c\xf8\x19\x6e"
"\x18\xcc\x56\x00\x83\x59\x86\xf9\xb1\x9f\x60\xb8\x61\xd0\x59\xc1"
"\x0c\x94\x10\x11\x30\xdc\xf0\x9e\x42\x20\x06\xd3\x0d\x01\xcf\x0a"
"\xc3\x2c\x43\xfd\xd0\x4f\x30\x6c\x40\xfc\xad\x10\xb7\xc2\x00\xcc"
"\x12\xd8\x0f\x1e\x71\x2b\xc0\xc0\xb0\x01\xf1\xb7\x42\x30\x00\x3e"
"\x09\xea\x29\x10\x14\xa4\x70\xc9\xcf\x0a\x77\x81\xc2\x17\x80\xad"
"\x80\x17\x08\x7c\x41\xd8\x0a\x77\x81\xc0\xc3\x06\x44\xe8\x0a\xc1"
"\x00\x64\x90\xe0\x90\x80\x67\x09\xec\x67\xa0\x23\xc0\x77\x82\x7e"
"\xd8\xa0\x7e\xd8\x40\x7e\x06\x3a\x02\x32\xa0\x1f\xa4\x7e\xc8\x40"
"\x7e\x06\x3a\x02\x34\xa0\x1f\xad\x7e\xd0\x40\x7e\x06\x3a\x02\x7f"
"\x27\xe8\x47\xde\x89\xfa\x61\x03\xf9\x19\xe8\x48\xd8\x9d\xa0\x1f"
"\xa5\x7e\xd8\x9d\x90\x9f\x0c\x44\xdc\x46\xb7\xc2\x5d\xb0\xb2\x82"
"\xde\x10\xdc\x05\xdd\xe2\xa7\xb7\x02\x0c\x0c\x37\x04\x68\x00\x06"
"\xb3\x0c\xf7\x23\x3f\xc1\x70\x03\x23\xba\x02\x18\xcc\x32\xe0\x4f"
"\xed\x05\x03\x15\x02\x72\x3f\x28\x4f\xc0\xcf\x40\x45\x80\xdd\x0f"
"\x3a\xc0\xcf\x40\x45\xc0\xdd\x8f\x2f\xc0\xcf\x70\x83\x90\xb7\x82"
"\x19\xe8\x20\x22\x60\xb8\xc1\x45\x85\x40\x0c\xa6\x1b\x82\xbd\x15"
"\x86\x59\x06\xfd\xc9\x9f\x60\xd8\x80\xf0\x5d\x01\x76\x85\x01\x98"
"\x25\xa8\x3d\x34\x60\x57\x80\x81\x61\x03\xc2\x77\x85\x60\x00\x7c"
"\x12\x52\x54\x20\x28\x48\xe1\x10\xbf\x15\xee\x82\x84\x2f\xf8\x5b"
"\x01\x2f\x10\xf8\x02\xd0\x15\xee\x02\x81\x87\x0d\x08\xf0\x15\x82"
"\x01\xc8\x20\xc1\x21\x01\xeb\x22\x22\x60\xb8\x81\x47\x85\x40\x0c"
"\x66\x19\xf8\x67\x7f\x82\x61\x03\x62\x7d\x85\xde\x15\x06\x60\x96"
"\xa0\x84\x70\xe2\x5d\x01\x06\x86\x0d\x88\xf5\x15\x82\x01\xf0\x49"
"\xb0\x51\x61\xa0\x20\x85\x43\x56\x57\xb8\x0b\x12\xbe\x80\x75\x05"
"\xbc\x40\xe0\x0b\x5a\x57\xb8\x0b\x04\x1e\x36\x20\xda\x57\x08\x06"
"\x20\x83\x04\xc3\x0d\x48\x00\x06\xb3\x0c\xfd\x63\x43\x81\x2e\x22"
"\x02\x86\x1b\xd2\x54\x08\xc8\xe0\xd4\x54\x10\x62\xb8\x21\x60\x05"
"\x32\x98\x6e\x28\x5f\x21\x18\x66\x19\x4c\xc8\x7f\x82\x59\x86\x12"
"\xfa\x1f\x54\x18\x31\x30\x80\x10\x04\x83\xc3\x7d\x05\x58\x68\x5f"
"\x41\x03\x11\x01\xb3\x04\x20\x34\x50\x11\xc8\x3e\xf1\x3f\x6d\x40"
"\x42\x03\x15\x82\xed\x13\xff\xf3\x07\x24\x34\x50\x21\xe0\x3e\xf1"
"\x3f\x7b\x40\x42\x03\x15\x01\xee\x13\xff\xd3\x06\x24\x34\x50\x11"
"\xb0\xc1\xff\xa4\x01\x09\x0d\x54\x04\xde\xff\x94\x01\x09\x0d\x37"
"\x0c\xef\x2b\x80\xc1\x2c\x43\x08\x91\x50\x30\xdc\x30\x8c\xaf\x60"
"\x06\x4a\x88\x08\x18\x6e\xc0\x53\x21\x10\x83\xe9\x86\xa0\x7c\x85"
"\x61\x96\x61\x84\x44\x28\x18\x36\x20\x50\x58\xd0\x5f\x61\x00\x66"
"\x09\x48\x08\x0f\xfd\x15\x60\x60\xd8\x80\x40\x61\x21\x18\x00\x9f"
"\x84\x39\x15\x08\x0a\x52\xb8\x04\x7d\x85\xbb\x40\xe1\x0b\xd2\x57"
"\xc0\x0b\x04\xbe\x40\x7d\x85\xbb\x40\xe0\x61\x03\x42\x85\x85\x60"
"\x00\x32\x48\x70\x48\xc0\xb3\x04\x24\x34\xd0\x11\xa8\x60\x21\x42"
"\x6c\x30\x42\x6c\x00\x42\x03\x1d\x01\x19\x88\x10\x32\x42\x64\x00"
"\x42\x03\x1d\x01\x1a\x88\x90\x36\x42\x68\x00\x42\x03\x1d\x01\x0c"
"\x16\x22\x44\x82\xc5\x08\xb1\x01\x08\x0d\x74\x24\xfe\x4f\x88\x90"
"\x32\x42\xfe\x4f\x80\x50\x06\x22\x6e\xeb\x5f\xe1\x2e\xa0\x5d\x41"
"\x6f\x08\xee\x82\x6e\xf1\x1b\x61\x01\x06\x86\x1b\x02\x31\x00\x83"
"\x59\x86\x12\x02\xa1\x60\xa0\x23\xc0\x05\xff\x91\x87\xfd\xb1\x48"
"\x68\xa0\x23\x50\x07\xff\x21\x89\xfd\xb1\x48\x68\xa0\x23\xd0\xc1"
"\xc2\x7f\xcc\xb0\xd8\x1f\x8e\x84\x06\x3a\x04\x1f\x2c\xfc\xc7\x07"
"\x8b\xfd\x61\x48\x68\xb8\x61\x0f\xc0\x57\x10\x83\xe1\x86\x01\x86"
"\x05\x30\x98\x65\x38\xa1\x14\x12\x86\x0d\x88\x32\x16\x6e\x58\x18"
"\x80\x59\x82\xda\x9b\x65\x40\x21\x33\x0a\x86\x0d\x88\x32\x16\x4e"
"\x58\x18\x80\x59\x82\xda\x9b\x65\x50\x21\x33\x0a\x48\x8c\x05\x41"
"\x86\x1b\x82\x19\x16\xc0\x60\x96\xc1\x85\x56\x28\x20\x31\x16\x04"
"\x51\x50\x10\x11\x30\xdc\x70\x08\x62\x70\x03\x12\xc3\x0d\xc1\x40"
"\x06\xd3\x0d\x37\x2c\x04\xc3\x2c\x83\x0b\xb1\x50\x30\xdc\x50\x0a"
"\x35\x2c\x80\xc1\x2c\x83\x18\xb5\x50\x90\x09\x50\x97\x84\xa0\xa1"
"\x20\x85\x0c\x44\x0c\x37\xa8\xc2\x0e\x0b\x60\x30\xcb\x20\x46\x2f"
"\x14\x0c\x1b\x10\x73\x2c\x90\xb1\x30\x00\xb3\x04\xb5\xe7\x92\x40"
"\xe4\xb0\x40\x41\x0a\x19\x88\xc0\x00\x8c\x85\x1b\xc0\xc0\xd8\x80"
"\xe1\x06\x58\xf8\x5f\x01\x0c\x66\x19\xc4\x08\x86\x02\x97\x04\xc5"
"\x87\x05\x0a\x52\xc8\x40\x04\x06\x2f\x2c\xdc\x00\x06\xc6\x06\x0c"
"\x37\xd8\x02\x09\x0b\x60\x30\xcb\x20\x46\x31\x14\xb8\x24\x40\x63"
"\x2c\x50\x90\x42\x06\x22\x30\x80\x61\xe1\x06\x30\x30\x36\x60\xb8"
"\x81\x17\x52\x58\x00\x83\x59\x06\x31\x92\xa1\xc0\x25\xc1\x62\x63"
"\x81\x82\x14\x32\x10\x81\x41\x0e\x0b\x37\x80\x81\xb1\x01\xc3\x0d"
"\xe2\xe0\xc2\x02\x18\xcc\x32\x88\xd1\x0c\x05\x2e\x09\xdc\x08\x0b"
"\x14\xa4\x90\x81\x08\x0c\x4e\x58\xb8\x81\x0b\x8c\x1d\x6e\x40\x87"
"\x19\x16\xc0\x60\x96\x41\x8c\x68\x28\x70\x49\x10\x83\x13\x16\x28"
"\x48\x21\x03\x11\x18\xac\xb0\x70\x03\x17\x18\x3b\xdc\xe0\x0e\x38"
"\x2c\x80\xc1\x2c\x83\x18\xd5\x50\xe0\x92\x80\x06\x2b\x2c\x50\x90"
"\x42\x06\x22\x30\x78\x61\xe1\x02\x2e\x30\x76\x96\x40\x8c\x86\x1b"
"\xe8\x21\x87\x05\x31\x98\x65\xb8\x21\x1c\x0a\x86\x0d\x88\x5e\x16"
"\xfe\x58\x18\x80\x59\x82\xda\xd3\x7a\x10\x11\xa0\xf3\x20\x22\x60"
"\xb8\x21\x66\x85\x80\x0c\x4e\x66\x05\x21\x86\x1b\x02\x82\x0c\xa6"
"\x1b\x5a\x59\x08\x86\x59\x86\x1d\xca\xa1\x60\xb8\x61\x1f\x56\x59"
"\x00\x83\x59\x06\x31\xd2\xa1\x40\xf9\x41\x44\xc0\x2c\x01\x0f\x0d"
"\x1b\x10\xe5\x2c\xdc\xb2\x30\x00\xb3\x04\xb5\x37\x50\x11\x88\x65"
"\xa1\x43\x6d\x00\x46\x03\x15\x82\x59\x16\x3a\xd4\x07\x60\x34\x50"
"\x21\xa0\x65\xa1\x43\x79\x00\x46\x03\x15\x01\x5a\x16\x3a\xd4\x06"
"\x60\x34\x50\x11\xf0\x87\x0e\xa5\x01\x18\x0d\x54\x04\xee\xa1\x43"
"\x65\x00\x46\xc3\x0d\xc3\x2d\x0b\x60\x30\xcb\xd0\x43\x60\x14\x0c"
"\x37\x0c\xab\x2c\x98\x81\x12\x22\x02\x86\x1b\xc0\x56\x08\xc4\x60"
"\xba\x21\x68\x65\x61\x98\x65\xf8\x21\x1f\x0a\x86\x0d\x08\x78\x16"
"\xc4\x59\x18\x80\x59\x02\x30\xc2\x43\x9c\x05\x18\x18\x36\x20\xe0"
"\x59\x08\x06\xc0\x27\x61\x67\x05\x82\x82\x14\x2e\x81\x65\xe1\x2e"
"\x50\xf8\x82\x58\x16\xf0\x02\x81\x2f\x90\x65\xe1\x2e\x10\x78\xd8"
"\x80\x90\x67\x21\x18\x80\x0c\x12\x1c\x12\xf0\x2c\x01\x18\x0d\x74"
"\x04\xba\x59\xf8\x10\x1b\xfc\x10\x1b\xf0\xd0\x40\x47\x40\x06\x3e"
"\x84\xfc\x10\x19\xf0\xd0\x40\x47\x80\x06\x3e\xa4\xfd\x10\x1a\xf0"
"\xd0\x40\x47\x00\x9e\x85\x0f\xd1\x66\xf1\x43\x6c\xc0\x43\x03\x1d"
"\x89\x6b\x16\x3e\xa4\xfc\x90\x6b\x16\x3c\x94\x81\x08\xdc\xca\x59"
"\x38\x81\x13\x82\xbb\x80\x5b\xf4\xd4\x59\x80\x81\xe1\x86\x20\x0c"
"\xc0\x60\x96\x21\x8c\x78\x28\x18\x6e\x58\xe4\x59\x00\x83\x59\x06"
"\x31\x32\xa3\x60\xa0\x4b\x40\xc2\x08\x3d\x8b\x1c\x42\xcf\x82\x85"
"\xd8\xa2\x85\xc0\xe2\x85\x68\x02\x86\x50\x22\x86\xf8\x41\x86\xe0"
"\x61\x86\xc8\x81\x86\x70\xa1\x86\x06\xba\x02\x2b\x8c\xf4\x24\x87"
"\x60\x83\x85\x60\xa3\x86\x60\x83\x86\x60\x63\x86\x60\x43\x86\x60"
"\x23\x86\x60\x03\x86\x60\xe3\x85\x60\xa3\x85\x06\xba\x02\x2d\x8c"
"\xd8\x24\x87\x68\x83\x85\x68\xa3\x86\x68\x83\x86\x68\x63\x86\x68"
"\x43\x86\x68\x23\x86\x68\x03\x86\x68\xe3\x85\x68\xa3\x85\x86\x1b"
"\x84\x74\x16\xcc\x40\x07\x11\x01\xc3\x0d\x7e\x2b\x04\x62\x30\xdd"
"\x10\xac\xb3\x30\xcc\x32\x90\xd1\x18\x05\xc3\x06\x84\x4b\x0b\x20"
"\x2d\x0c\xc0\x2c\x41\xed\xa1\x01\xd2\x02\x0c\x0c\x1b\x10\x2e\x2d"
"\x04\x03\xe0\x93\x90\xb7\x02\x41\x41\x0a\x87\xb8\xb3\x70\x17\x24"
"\x7c\xc1\x3b\x0b\x78\x81\xc0\x17\xc0\xb3\x70\x17\x08\x3c\x6c\x40"
"\xc0\xb4\x10\x0c\x40\x06\x09\x0e\x09\x58\x17\x11\x01\xc3\x0d\xac"
"\x2b\x04\x62\x30\xcb\x50\x46\x71\x14\xe0\xc4\xd2\x02\x0c\x0c\x1b"
"\x10\x3b\x2d\x04\x03\xe0\x93\x60\xba\xc2\x40\x41\x0a\x87\xec\xb3"
"\x70\x17\x24\x7c\x01\x3f\x0b\x78\x81\xc0\x17\xf4\xb3\x70\x17\x08"
"\x3c\x6c\x40\xf4\xb4\x10\x0c\x40\x06\x09\x86\x1b\x90\x00\x0c\x66"
"\x19\xcc\xc8\x8f\x82\x81\x96\x85\x7e\xca\x88\x7e\xc2\x88\x7e\x4e"
"\x88\x7e\x52\xc8\x84\xd8\x67\xa0\x25\xc0\x9f\x32\xc2\x9f\x30\xc2"
"\x9f\x13\xc2\x9f\x14\x52\x21\xf6\x19\x68\x49\xe8\xa8\x8c\xe8\x28"
"\x8c\xe8\xe8\x84\xe8\x28\x85\x5c\x88\x7d\x06\x5a\x12\x1e\x2a\x23"
"\x1e\x0a\x23\x1e\x3a\x21\x1e\x4a\x21\x19\x62\x9f\x81\x96\xc0\x29"
"\x23\x5e\x08\x23\x1b\x39\x21\x1b\x49\x21\x1c\x62\x9f\x81\x96\x00"
"\x0c\xca\x88\x17\xc2\xc8\x46\x4e\xc8\x46\x52\x08\x87\xd8\x67\xa0"
"\x25\x80\xd3\xa2\x8c\xc4\x21\x8c\x6c\xe4\x84\x6c\x24\x85\xf8\xb4"
"\x60\x9f\x81\x16\x81\x15\xca\x88\x16\xc2\x88\x4e\x8b\x13\xa2\xd3"
"\x22\x85\xe8\xb4\x60\x9f\x81\x16\xc1\x6d\xca\xc8\x6d\xc2\xc8\x6d"
"\x4e\xc8\x6d\x52\xc8\x4e\x0b\xf6\x19\x68\x49\xdc\xa0\x8c\xdc\xb4"
"\x08\x23\x37\x2d\x4e\xc8\x4d\x8b\x14\x72\xd3\x82\x7d\x86\x1b\x08"
"\x9e\x16\xc0\x60\x96\xe1\x8c\xd0\x68\x99\x65\x88\x23\x39\x0a\x66"
"\x19\xd2\x48\x8e\x82\xe1\x06\xa3\xa7\x05\x34\x98\x65\x88\x23\x35"
"\x0a\x74\x11\x11\xa0\x88\x88\x80\xe1\x06\xf3\x15\x02\x32\xb8\xf3"
"\x15\x84\x18\x6e\x08\x08\x32\x98\x6e\x10\x6b\x21\x18\x66\x19\xe2"
"\x68\x8d\x82\xe1\x86\x88\xac\x05\x30\x98\x65\x98\x23\x36\x0a\x06"
"\x2a\x82\x36\x80\x23\x55\x2d\xd6\x68\xa0\x42\xf8\x03\x38\x72\xd5"
"\x62\x8d\x06\x2a\x84\x3d\x80\x23\x58\x2d\xd6\x68\xa0\x22\x68\x03"
"\x38\x82\xd5\x62\x8d\x06\x2a\x82\x34\x80\x23\x32\x58\xa3\x81\x8a"
"\xa0\x0c\xe0\x08\x0d\xd6\x68\xb8\x61\x58\x6b\x01\x0c\x66\x19\xda"
"\x08\x8e\x82\xe1\x86\xe1\xa7\x05\x33\x50\x42\x44\xc0\x70\x03\xfd"
"\x0a\x81\x18\x4c\x37\x04\x61\x2d\x0c\xb3\x0c\x6f\xe4\x46\xc1\xb0"
"\x01\x41\xda\x82\x5d\x0b\x03\x30\x4b\x00\x47\x78\xd8\xb5\x00\x03"
"\xc3\x06\x04\x69\x0b\xc1\x00\xf8\x24\xbc\xaf\x40\x50\x90\xc2\x25"
"\x64\x2d\xdc\x05\x0a\x5f\x50\xd6\x02\x5e\x20\xf0\x05\x66\x2d\xdc"
"\x05\x02\x0f\x1b\x10\xa6\x2d\x04\x03\x90\x41\x82\x43\x02\x9e\x25"
"\x80\xa3\x81\x8e\x40\x64\x0b\x37\x62\x83\x37\x62\x03\x36\x1a\xe8"
"\x08\xc8\xc0\x8d\x90\x37\x22\x03\x36\x1a\xe8\x08\xd0\xc0\x8d\xb4"
"\x37\x42\x03\x36\x1a\xe8\x08\x50\xb6\x70\x23\x7e\x2d\xde\x88\x0d"
"\xd8\x68\xa0\x23\xb1\xd7\xc2\x8d\x94\x37\xb2\xd7\x82\x8d\x32\x10"
"\x71\x5b\x5e\x0b\x77\x01\x4c\x0b\x7a\x43\x70\x17\x74\x8b\xdf\x5f"
"\x0b\x30\x30\xdc\x10\xa0\x01\x18\xcc\x32\xc8\x11\x1b\x05\x03\x25"
"\x81\xce\x16\x64\xa4\xaf\xc5\x19\xe9\x6c\xa1\x46\x3a\x5b\xa4\xd1"
"\x40\x49\x82\x12\x64\xa4\x0b\x67\xa4\x0b\x6a\xa4\x0b\x69\x34\x50"
"\x22\xb0\x10\x19\xf9\xc2\x19\xf9\x82\x1a\xf9\x42\x1a\x0d\x94\x08"
"\x6e\x41\x46\xe2\x70\x46\xe2\xa0\x46\xe2\x90\x46\x03\x25\x09\x4a"
"\x91\x11\x3b\x9c\x11\x3b\xa8\x11\x3b\xa4\xd1\x40\x49\x42\x56\x64"
"\x04\x0f\x67\x04\x0f\x6a\x04\x0f\x69\x34\x6c\x40\x84\xb7\x60\x0c"
"\xc0\x2c\x81\x1c\x0d\x94\x24\xe4\x80\x46\xe4\x70\x46\x4a\x1c\x91"
"\x03\x1c\x0d\x94\x08\xe8\x80\x46\xe8\x70\x46\x4a\x1c\xa1\x03\x1c"
"\x0d\x94\x08\xec\x80\x46\xec\x70\x46\x4a\x1c\xb1\x03\x1c\x0d\x94"
"\x24\xf6\x80\x46\xf6\x70\x46\x4a\x1c\xd9\x03\x1c\x0d\x94\x24\xfa"
"\x80\x46\xfa\x70\x46\x4a\x1c\xe9\x03\x1c\x0d\x94\x04\xf4\x80\x46"
"\xf4\x70\x46\x70\x5b\xc4\x91\x1b\xc0\xd1\x40\x89\x80\xb6\x05\x1a"
"\xa1\x6d\x71\x46\x68\x5b\xc4\x91\x07\x47\xc3\x0d\x47\x59\x0b\x62"
"\x30\xdc\x30\xd4\xb6\x00\x06\xb3\x0c\x74\x64\x47\xc2\x70\xc3\x1e"
"\x9c\xb5\x20\x06\xb3\x0c\x75\x74\x47\xc1\x2c\x43\x1d\xd5\x9e\x30"
"\x6c\x40\xac\xb7\xd0\xda\xc2\x00\xcc\x12\xdc\xde\x2c\xc3\x1d\xd5"
"\x9e\x30\x50\x91\x50\x76\x84\x0f\x73\x34\x50\x21\x50\x76\xc4\x0f"
"\x73\x34\x50\x21\x50\x76\x04\x12\x73\x34\x50\x91\x50\x76\xa4\x12"
"\x73\x34\x50\x91\x50\x76\xe4\x12\x73\x34\x50\x21\x48\x76\xa4\xb7"
"\xc5\x1c\x91\x7b\x0b\x82\x0c\x37\x04\xbf\x2d\x80\xc1\x2c\x03\x1f"
"\xe1\x51\x40\xee\x2d\x08\xa2\x89\x88\x80\xe1\x86\x42\x10\x83\x1b"
"\x8c\x18\x6e\x08\x06\x32\x98\x6e\x18\x6f\x21\x18\x66\x19\xf8\x28"
"\x8f\x82\xe1\x06\x27\xbc\x05\x30\x98\x65\x60\x25\x3d\x0a\x32\x01"
"\xea\x92\x10\x2c\x1a\x89\x08\xb8\x20\xbc\x05\x1d\x6e\x98\x46\x5b"
"\x20\x83\x59\x06\x55\xda\xa3\xe0\x06\xb9\x16\x74\x96\xa0\x8f\x86"
"\x0d\x08\x10\x17\xe2\x5b\x18\x80\x59\x82\xdb\x1b\xa8\x10\x74\xb7"
"\xd8\xa3\x3e\xe8\xa3\x81\x0a\x81\x77\x8b\x3d\xca\x83\x3e\x1a\xa8"
"\x10\x7c\xb7\xd8\xa3\x3d\xe8\x23\x97\x04\x64\xa0\x20\x85\x0c\x44"
"\xa0\xa1\xde\xc2\x09\x9c\x10\xdc\x05\xc7\x62\xf2\xde\xc2\x06\xb8"
"\x24\x3c\x01\x05\x29\x64\x20\x02\x89\xf8\x16\x4e\xe0\x84\xe0\x2e"
"\x38\x16\xa1\xfa\x16\x36\xc0\x25\xc1\x0a\x28\x48\x21\x03\x11\x48"
"\xe0\xb7\x70\x02\x27\x04\x77\xc1\xb1\x78\xed\xb7\xb0\x01\x2e\x09"
"\x5d\x40\x41\x0a\x19\x88\x40\xe2\xbf\x85\x13\x38\x21\xb8\x0b\x8e"
"\x45\xaf\xc4\x05\x18\xb8\xce\xc4\x05\x18\x6e\x08\xc2\x00\x0c\x66"
"\x19\x54\xa9\x8f\x82\xe1\x86\x94\xf0\x6d\x41\x0c\x66\x19\xfe\x08"
"\x94\x82\x61\x03\x42\xcc\x05\x12\x17\x06\x60\x96\xe0\xf6\x54\x25"
"\x44\x04\x28\x4a\x88\x08\x18\x6e\xb0\x65\x21\x20\x83\xbb\x65\x41"
"\x88\xe1\x86\x80\x20\x83\xe9\x06\x19\x17\x82\x61\x96\x61\x94\x42"
"\x29\x18\x6e\x80\x09\x18\x17\xc0\x60\x96\x81\x95\x44\x29\x20\x31"
"\x17\xc2\x50\x99\x10\x11\x30\x4b\x40\x4a\xc3\x06\xc4\x9a\x0b\x3d"
"\x2e\x0c\xc0\x2c\xc1\xed\x0d\x54\x04\x6e\x5c\x88\x52\x1b\xa0\xd2"
"\x40\x85\x20\xc7\x85\x28\xf5\x01\x2a\x0d\x54\x08\x74\x5c\x88\x52"
"\x1e\xa0\xd2\x40\x45\x40\xc7\x85\x28\xb5\x01\x2a\x0d\x54\x04\x68"
"\x22\x4a\x69\x80\x4a\x03\x15\x81\x23\x4a\x65\x80\x4a\xc3\x0d\x43"
"\x8f\x0b\x60\x30\xcb\x50\x4a\xa8\x14\x0c\x37\x0c\x31\x2e\x98\x81"
"\x12\x22\x02\x86\x1b\xcc\x59\x08\xc4\x60\xba\x21\x98\x71\x61\x98"
"\x65\x38\x25\x53\x0a\x86\x0d\x08\x3b\x17\xd0\x5c\x18\x80\x59\x02"
"\x54\xc2\x03\xcd\x05\x18\x18\x36\x20\xec\x5c\x08\x06\xc0\x27\x21"
"\x9c\x05\x82\x82\x14\x2e\xb1\x71\xe1\x2e\x50\xf8\x82\x1b\x17\xf0"
"\x02\x81\x2f\xc0\x71\xe1\x2e\x10\x78\xd8\x80\xc0\x73\x21\x18\x80"
"\x0c\x12\x1c\x12\xf0\x2c\x01\x2a\x0d\x74\x04\xe6\x5c\x98\x12\x1b"
"\x9c\x12\x1b\x90\xd2\x40\x47\x40\x06\xa6\x84\x9c\x12\x19\x90\xd2"
"\x40\x47\x80\x06\xa6\xa4\x9d\x12\x1a\x90\xd2\x40\x47\xc0\xce\x85"
"\x29\x81\x73\x71\x4a\x6c\x40\x4a\x03\x1d\x89\x2e\x17\xa6\xa4\x9c"
"\x92\x2e\x17\xa4\x94\x81\x08\xdc\xd6\x5c\x38\x81\x13\x82\xbb\x80"
"\x5b\xf4\xe0\x5c\x80\x81\xe1\x86\x20\x0c\xc0\x60\x96\x21\x95\x48"
"\x29\x18\x6e\x58\xf0\x5c\x00\x83\x59\x06\x56\xaa\xbd\x60\xa0\x42"
"\xc0\xdf\x42\x8f\xc0\xa1\x8f\x06\x2a\x04\x7b\x2e\xf4\x08\x1c\xfa"
"\x68\xa0\x42\xc0\xe7\x42\x8f\xc8\xa1\x8f\x86\x1b\x66\xa1\xcf\x05"
"\x30\x98\x65\x60\xa5\x55\x0a\x06\x2a\x84\x69\x95\x0c\x55\x1a\xa8"
"\x10\x9e\x55\x32\x54\x69\xa0\x42\x88\x56\x09\xa4\x0b\x55\x72\x49"
"\xc8\x85\x81\x82\x14\x32\x10\x81\xc6\x9e\x0b\x27\x70\x42\x70\x17"
"\x1c\x8b\x09\xa8\x0b\x30\x70\x48\xa8\x0b\x30\xdc\x10\xfc\x02\x18"
"\xcc\x32\xb0\xd2\x2a\x05\x03\x2d\x02\x1a\xa4\x12\x4d\x17\xa1\x44"
"\xd3\x45\x1e\x81\x81\x2a\x21\xab\x34\xd0\x22\xb8\x58\x2a\xb9\x58"
"\x28\x91\x47\x1e\x91\xc7\x2a\x91\x87\x2a\x0d\xb4\x08\x70\x93\x4a"
"\x70\x13\x4a\xe4\x91\x47\xe4\xb1\x4a\xe4\xa1\x4a\x03\x2d\x89\xca"
"\xa5\x92\xca\x85\x12\x79\xe4\x11\x79\xac\x12\x79\xa8\xd2\x40\x4b"
"\x62\x76\xa9\x64\x76\xa1\x44\x1e\x79\x44\x1e\xab\x44\x1e\xaa\x34"
"\xcc\x95\x04\xb4\x84\x0e\xad\x94\x0e\xae\xa4\x0e\xaf\xb4\x0e\xb0"
"\xc4\x0e\xb1\xd4\x0e\xb2\xe4\x0e\xb3\xf4\x0e\xb3\x04\x0f\xb3\x14"
"\x0f\xb3\x34\xdc\x30\x14\x60\x30\x4b\x50\x4b\xc3\x0d\x84\x11\x06"
"\xb3\x04\xb5\x34\xdc\x50\x1c\x62\x30\x4b\x50\x4b\xc3\x0d\x06\x32"
"\x06\xb3\x04\xb5\x34\xdc\x70\x24\x64\x30\x4b\x50\x4b\xc3\x0d\x88"
"\x52\x06\xb3\x04\xb5\x34\x6c\x40\xa0\xbb\x30\xea\xc2\x00\xcc\x12"
"\xd4\xd2\xb0\x01\x81\xee\xc2\xa8\x0b\x03\x30\x4b\x50\x4b\x03\x45"
"\x0b\x4b\x17\xb4\xc4\xd2\xc5\x2c\x99\x75\x21\x4b\x66\x5d\xc4\x92"
"\x59\x17\xb0\x64\xd6\xc5\x2b\x99\x75\xe1\x4a\x66\x5d\xb4\xd2\x40"
"\xd1\xe2\xd2\x05\x2d\xb9\x74\x31\x4b\x84\x2c\x19\xb1\x84\xc0\x92"
"\xf2\x4a\x8c\x2b\x39\xad\x94\x41\x8a\xe1\x86\x05\xcd\x05\x31\x98"
"\x65\xb0\x25\x5c\x0a\x66\x19\x6e\xa9\xf6\x88\x61\x03\x82\xdd\x05"
"\x57\x17\x06\x60\x96\xe0\xf6\x66\x19\x72\xa9\xf6\x08\x4a\x77\x41"
"\x90\xe1\x86\x40\xd7\x05\x30\x98\x65\xf8\x25\x5d\x0a\x28\xdd\x05"
"\x41\xf4\x11\x11\x30\xdc\x20\x09\x62\x70\xc3\x14\xc3\x0d\xc1\x40"
"\x06\xd3\x0d\xbe\x2e\x04\xc3\x2c\xc3\x2f\xed\x52\x30\xdc\x40\xf1"
"\xba\x00\x06\xb3\x0c\xb5\xc7\x4b\x01\xc9\xbb\x20\x48\x06\x40\x5d"
"\x12\x82\x6c\xd8\x80\x08\x9c\x00\x18\x6e\xc0\xc2\x5d\x00\x83\x59"
"\x86\xda\xeb\xa5\x40\x33\x11\x01\x18\xa0\xb9\x00\x02\x28\xa8\xb8"
"\x00\x02\x27\x80\xbb\xa0\xc3\x0d\x42\xb8\x0b\x64\x30\xcb\x30\x7b"
"\xbe\x14\x1c\xc1\xe2\x82\xce\x12\x80\xd3\xb0\x01\xf1\xef\x02\xbc"
"\x0b\x03\x30\x4b\x70\x7b\x03\x15\x82\x6a\x17\xbe\xb4\x06\xe0\x34"
"\x50\x21\xe8\x76\xe1\x4b\x6b\x00\x4e\xe4\xef\x82\x20\x19\x00\x75"
"\x49\x08\x08\x97\x84\xc0\x0c\x86\x0d\x88\xa0\xdd\x85\x00\x20\x91"
"\x17\x04\xc9\x00\xa8\x4b\x42\x80\xb8\x24\x04\xee\x2e\xb8\x24\x04"
"\x6b\x30\x6c\x40\x04\xf2\x2e\x04\x00\x9d\xbc\x20\x48\x06\x40\x5d"
"\x12\x82\xc6\x25\x21\x90\x77\xc1\x25\x21\x80\x83\x61\x03\x22\xb8"
"\x77\x21\x00\x88\xe5\x05\x41\x32\x00\xea\x92\x10\x48\x2e\x09\x81"
"\xbd\x0b\x2e\x09\x41\x1d\x0c\x1b\x10\x01\xbf\x0b\x01\x80\xd5\xbe"
"\x0b\x30\x70\x15\xbf\x0b\x30\xdc\x10\x60\x60\x30\xcb\x30\x7b\xe0"
"\x14\x0c\x37\xa0\xb6\x30\xeb\x82\x19\x68\x68\x0b\x22\x02\x86\x1b"
"\x56\x5b\x08\xc4\x60\xba\x21\xc0\x77\x61\x98\x65\x10\xa7\x71\x0a"
"\x90\xb5\x05\x96\x17\x60\x60\xd8\x80\xd8\x79\x21\x18\x00\x9f\x04"
"\xd3\x16\x08\x0a\x52\x38\xbf\x16\xf6\x5d\xb8\x0b\xfe\x5a\xe0\x0b"
"\xf8\x5d\xc0\x0b\x04\xbe\xa0\xdf\x85\xbb\x40\xe0\x61\x03\xa2\xe7"
"\x85\x60\x00\x32\x48\x70\x48\xc0\xba\x88\x08\x18\x6e\xc8\x6d\x21"
"\x10\x83\x59\x06\x72\x1a\xa7\x60\xa0\x22\x80\xd9\x22\x9c\x14\x71"
"\x1a\xa8\x08\xc8\xb6\x08\x27\x4e\x9c\x06\x2a\x12\x32\x2f\xc2\x49"
"\x11\xa7\x61\x03\x62\xed\x85\x9e\x17\x06\x80\xd8\x5e\x08\x63\xb8"
"\x21\xe0\x79\x41\x0c\x66\x09\xe2\x09\x7d\x5b\x40\x77\x01\x06\x86"
"\x0d\x88\xb6\x17\x82\x01\xb8\x65\xe5\x85\xbb\x80\xe1\x0b\x58\x5e"
"\xc0\x0b\x04\xbe\xa0\xe5\x85\xbb\x40\xe0\x61\x03\xa2\xed\x85\x60"
"\x00\xa8\xee\x85\x30\x86\x1b\x82\xb2\x17\xc4\x60\x96\x01\xa6\xca"
"\x29\x50\x41\x44\x80\x2a\x22\x02\x86\x1b\xd4\x5b\x08\xc8\xe0\xd6"
"\x5b\x10\x62\xb8\x21\x20\xc8\x60\xba\xc1\xec\x85\x60\x98\x65\x80"
"\x29\x73\x0a\x86\x1b\x10\xb4\x17\xc0\x60\x96\xc1\x9d\xce\x29\x18"
"\xa8\x08\xda\x60\x9d\x64\xbd\x30\xa7\x81\x0a\xe1\x0f\xd6\xc9\xd6"
"\x0b\x73\x1a\xa8\x10\xf6\x60\x9d\x70\xbd\x30\xa7\x81\x8a\xa0\x0d"
"\xd6\x09\xd7\x0b\x73\x1a\xa8\x08\xd2\x60\x9d\xd0\xc0\x9c\x06\x2a"
"\x82\x32\x58\x27\xcf\x9c\x86\x1b\x86\xb7\x17\xc0\x60\x96\x01\x9d"
"\xd6\x29\x18\x6e\x18\xc6\x5e\x30\x03\x25\x44\x04\x0c\x37\xe0\xb7"
"\x10\x88\xc1\x74\x43\x50\xf6\xc2\x30\xcb\xa0\x4e\xe9\x14\x0c\x1b"
"\x10\xa8\x2f\xe8\xbd\x30\x00\xb3\x04\xeb\x84\x87\xde\x0b\x30\x30"
"\x6c\x40\xa0\xbe\x10\x0c\x80\x4f\xc2\x7c\x0b\x04\x05\x29\x5c\x82"
"\xf6\xc2\x5d\xa0\xf0\x05\x69\x2f\xe0\x05\x02\x5f\xa0\xf6\xc2\x5d"
"\x20\xf0\xb0\x01\xa1\xfa\x42\x30\x00\x19\x24\x38\x24\xe0\x59\x82"
"\x75\x1a\xe8\x08\x54\xbe\x48\x27\x36\x50\x27\x36\x38\xa7\x81\x8e"
"\x80\x0c\xd2\x09\x51\x27\x32\x38\xa7\x81\x8e\x00\x0d\xd2\x49\x53"
"\x27\x34\x38\xa7\x81\x8e\x00\xe6\x8b\x74\x22\xf9\x42\x9d\xd8\xe0"
"\x9c\x06\x3a\x12\x7f\x2f\xd2\x49\x51\x27\x7f\x2f\xce\x29\x03\x11"
"\xb7\xf5\xbd\x70\x17\xd0\xbc\xa0\x37\x04\x77\x41\xb7\xf8\x8d\xbe"
"\x00\x03\xc3\x0d\x01\x1a\x80\xc1\x2c\x03\x3b\x9d\x53\x30\xdc\xc0"
"\xac\xbe\x00\x06\xb3\x0c\xed\x14\x4f\xc1\x70\xc3\xf2\xf7\x82\x19"
"\x28\x23\x22\x60\xb8\x81\xc6\x85\x40\x0c\xa6\x1b\x82\xd0\x17\x86"
"\x59\x86\x77\x82\xa9\x40\xef\x40\x44\xc0\x70\xc3\x8d\x0b\x81\x18"
"\xcc\x32\xbc\x13\x4c\x05\x03\x15\x02\xe1\x4e\x4a\x3b\x0d\x54\x04"
"\xe8\xe0\x4e\x66\xd0\x4e\x03\x15\x81\x3d\xb8\x93\x19\xb4\xd3\x40"
"\x85\xc0\xf6\x85\x3b\x69\xed\x84\x02\xef\x0b\x30\x30\x6c\x40\xa8"
"\xbf\x10\x0c\x80\x4f\x42\x8d\x0b\x05\x05\x29\x9c\xa1\xfa\xc2\x5d"
"\x70\xf0\x05\xab\x2f\xe0\x05\x02\x5f\xc0\xfa\xc2\x5d\x20\xf0\xb0"
"\x01\xc1\xfe\x42\x30\x00\x19\x24\x38\x24\x60\x5d\x44\x04\x0c\x37"
"\xa0\xb9\x10\x88\xc1\x2c\x03\x3c\xf1\x53\x80\x0f\xfa\x0b\x30\x30"
"\x6c\x40\xdc\xbf\x10\x0c\x80\x4f\x82\x98\x0b\x03\x05\x29\x1c\x72"
"\xfb\xc2\x5d\x90\xf0\x05\xb8\x2f\xe0\x05\x02\x5f\x90\xfb\xc2\x5d"
"\x20\xf0\xb0\x01\x91\xff\x42\x30\x00\x19\x24\x18\x6e\x40\x02\x30"
"\x98\x65\x88\xa7\x93\x0a\x06\x3a\x16\x9d\x80\x27\x9d\x60\x27\xb6"
"\x18\xa7\x81\x8e\xc0\x27\xe0\xc9\x27\xd8\x09\x2e\xc6\x69\xa0\x23"
"\xf1\x0b\x78\xf2\x0b\x76\xa2\x8b\x71\x1a\xe8\x08\x18\x78\x12\x07"
"\x76\xd2\x8b\x71\x1a\xe8\x08\x3c\x78\x12\x07\x76\xd2\x8b\x71\x1a"
"\xe8\x08\xcc\xbf\x80\x27\x74\x60\x27\xf9\x2f\xc6\x69\xa0\x43\xf0"
"\x03\x78\xc2\x05\x76\x52\xff\x62\x9c\x06\x3a\x12\x35\x80\x27\xf1"
"\x2f\xd8\x49\xfc\x8b\x71\x1a\x6e\x18\xec\x5f\x00\x83\x59\x06\x79"
"\x9a\xa7\x64\x96\x81\x9f\xfa\x29\x98\x65\xa0\xa7\x7e\x0a\x86\x1b"
"\x8a\xfb\x17\xd0\x60\x96\x81\x9f\xea\x29\xd0\x44\x44\x80\x1e\x22"
"\x02\x86\x1b\x40\x5d\x08\xc8\xe0\x42\x5d\x10\x62\xb8\x21\x20\xc8"
"\x60\xba\x81\xff\x85\x60\x98\x65\xe0\x27\x7b\x0a\x86\x1b\x1e\xff"
"\x17\xc0\x60\x96\xc1\x9f\xee\x29\x18\xa8\x08\xda\x60\x9f\xfc\xbf"
"\xb0\xa7\x81\x0a\xe1\x0f\xf6\x49\x04\x0d\x7b\x1a\xa8\x10\xf6\x60"
"\x9f\x48\xd0\xb0\xa7\x81\x8a\xa0\x0d\xf6\x89\x04\x0d\x7b\x1a\xa8"
"\x08\xd2\x60\x9f\xc4\xc0\x9e\x06\x2a\x82\x32\xd8\x27\x33\xb0\xa7"
"\xe1\x86\xa1\x04\x07\x30\x98\x65\xc0\xa7\x7d\x0a\x86\x1b\x86\xfc"
"\x17\xcc\x40\x09\x11\x01\xc3\x0d\xae\x2e\x04\x62\x30\xdd\x10\xec"
"\xbf\x30\xcc\x32\xe8\x53\x3e\x05\xc3\x06\x84\x0f\x0e\x30\x38\x0c"
"\xc0\x2c\xc1\x3e\xe1\x01\x83\x03\x0c\x0c\x1b\x10\x3e\x38\x04\x03"
"\xe0\x93\x90\xea\x02\x41\x41\x0a\x97\xf8\xbf\x70\x17\x28\x7c\xc1"
"\xff\x0b\x78\x81\xc0\x17\x80\xe0\x70\x17\x08\x3c\x6c\x40\x80\xe1"
"\x10\x0c\x40\x06\x09\x0e\x09\x78\x96\x60\x9f\x06\x3a\x02\x3b\x34"
"\xf2\x89\x0d\xf4\x89\x0d\xee\x69\xa0\x23\x20\x83\x7c\x42\xf4\x89"
"\x0c\xee\x69\xa0\x23\x40\x83\x7c\xd2\xf4\x09\x0d\xee\x69\xa0\x23"
"\xe0\x43\x23\x9f\xe0\xd0\xd0\x27\x36\xb8\xa7\x81\x8e\x44\x0d\x8d"
"\x7c\x52\xf4\x49\x0d\x8d\x7b\xca\x40\xc4\x6d\x33\x38\xdc\x05\xea"
"\x2f\xe8\x0d\xc1\x5d\xd0\x2d\x7e\x39\x38\xc0\xc0\x70\x43\x80\x06"
"\x60\x30\xcb\xd0\x4f\xf7\x14\x0c\x94\x04\xae\x68\xbc\x93\x1b\x1a"
"\xf2\xe4\x8a\x46\x3d\xb9\xa2\x41\x4f\x03\x25\x09\x49\xbc\x93\x2e"
"\xc8\x93\x2e\xd4\x93\x2e\xd0\xd3\x40\x89\xc0\x13\xef\xe4\x0b\xf2"
"\xe4\x0b\xf5\xe4\x0b\xf4\x34\x50\x92\x98\xc9\x3b\xa1\x83\x3c\xa1"
"\x43\x3d\xa1\x03\x3d\x0d\x1b\x10\x79\x38\x10\x03\x30\x4b\xd0\x4f"
"\x03\x25\x09\x38\xcc\x13\x38\xc8\x93\xc1\x4f\xe0\xb0\x4f\x03\x25"
"\x02\x39\xcc\x13\x39\xc8\x93\xc1\x4f\xe4\xb0\x4f\x03\x25\x89\x3b"
"\xcc\x93\x3b\xc8\x93\xc1\x4f\xee\xb0\x4f\x03\x25\x81\x3a\xcc\x93"
"\x3a\xc8\x93\xc3\x4f\x66\xb0\x4f\x03\x25\x02\x2d\x1a\xf3\x44\x8b"
"\x86\x3c\xd1\xa2\xc1\x4f\xd6\x3e\x0d\x37\x14\xfb\x2f\x88\xc1\x70"
"\xc3\xb0\x86\x03\x18\xcc\x32\xfc\x13\x48\x09\xc3\x0d\x77\xd0\xff"
"\x82\x18\xcc\x32\xc0\x54\x48\x05\xb3\x0c\x30\x35\x53\xc2\x2c\x43"
"\x48\xcd\x94\x30\x50\x91\x40\x20\x05\x0f\xfe\x34\x50\x21\x40\x20"
"\x45\x0f\xfe\x34\x50\x91\x40\x20\xe5\x0f\xfe\x34\x50\x21\x38\x20"
"\x25\x8e\x86\x3f\x91\x28\x0e\x82\x0c\x37\x04\x73\x38\x80\xc1\x2c"
"\x03\x4c\x89\x54\x40\xa2\x38\x08\xa2\x87\x88\x80\xe1\x86\x42\x10"
"\x83\x1b\x8c\x18\x6e\x08\x06\x32\x98\x6e\xb8\xc3\x21\x18\x66\x19"
"\x60\x6a\xa4\x82\xe1\x06\xa6\x0e\x07\x30\x98\x65\x98\x29\x92\x0a"
"\x32\x01\xea\x92\x10\x2c\xfa\x88\x08\xb8\xa0\x0e\x07\x1d\x6e\x88"
"\x6e\x70\x20\x83\x59\x86\x98\x2a\xa9\xe0\x06\x13\x1c\x74\x96\xc0"
"\xa4\x06\x2a\x04\x91\x34\x4a\xaa\x0f\x4c\x6a\xa0\x42\x20\x49\xa3"
"\xa4\xf2\xc0\xa4\x06\x2a\x04\x93\x34\x4a\x6a\x0f\x4c\xca\x25\x01"
"\x19\x28\x48\x21\x03\x11\x68\xf8\xe1\x70\x02\x27\x04\x77\xc1\xb1"
"\x98\x8c\xe2\xb0\x01\x2e\x09\x4f\x40\x41\x0a\x19\x88\x40\xa2\x14"
"\x87\x13\x38\x21\xb8\x0b\x8e\x45\x28\x15\x87\x0d\x70\x49\xb0\x02"
"\x0a\x52\xc8\x40\x04\x12\xac\x38\x9c\xc0\x09\xc1\x5d\x70\x2c\x5e"
"\xaf\x38\x6c\x80\x4b\x42\x17\x50\x90\x42\x06\x22\x90\x98\xc5\xe1"
"\x04\x4e\x08\xee\x82\x63\xd1\xcb\xc5\x01\x06\xae\xd3\xc5\x01\x86"
"\x1b\x82\x30\x00\x83\x59\x86\x98\x32\xa9\x60\xb8\x21\x24\xe4\x70"
"\x10\x83\x59\x06\x98\x42\xa9\x40\x45\x42\x44\x80\x82\x84\x88\x80"
"\xe1\x06\xb5\x17\x02\x32\xb8\xb5\x17\x84\x18\x6e\x08\x08\x32\x98"
"\x6e\x30\xc7\x21\x18\x66\x19\x60\x2a\xa5\x82\xe1\x06\x94\x20\xc7"
"\x01\x0c\x66\x19\x66\x4a\xa5\x02\x4d\x09\x11\x01\xb3\x04\x2b\x35"
"\x50\x11\xd0\xa6\xa1\x52\x6d\xf0\x52\x03\x15\x02\x6e\x1a\x2a\xd5"
"\x07\x2f\x35\x50\x21\xe8\xa6\xa1\x52\x79\xf0\x52\x03\x15\x81\x6e"
"\x1a\x2a\xd5\x06\x2f\x35\x50\x11\xd8\x88\x4a\xa5\xc1\x4b\x0d\x54"
"\x04\x28\xa2\x52\x65\xf0\x52\xc3\x0d\x03\x3c\x0e\x60\x30\xcb\xc0"
"\x52\x2f\x15\x0c\x37\x0c\xe4\x38\x98\x81\x12\x22\x02\x86\x1b\xf2"
"\x5e\x08\xc4\x60\xba\x21\x30\xc7\x61\x98\x65\x70\xa9\x96\x0a\x86"
"\x0d\x88\x94\x1c\xf6\x71\x18\x80\x59\x82\x97\xc2\x63\x1f\x07\x18"
"\x18\x36\x20\x52\x72\x08\x06\xc0\x27\x81\xee\x05\x82\x82\x14\x2e"
"\x49\xc7\xe1\x2e\x50\xf8\x02\x75\x1c\xf0\x02\x81\x2f\x58\xc7\xe1"
"\x2e\x10\x78\xd8\x80\x58\xc9\x21\x18\x80\x0c\x12\x1c\x12\xf0\x2c"
"\xc1\x4b\x0d\x74\x04\x2c\x6a\xb4\x14\x1b\xb8\x14\x1b\xac\xd4\x40"
"\x47\x40\x06\x2d\x85\xb8\x14\x19\xac\xd4\x40\x47\x80\x06\x2d\xa5"
"\xb9\x14\x1a\xac\xd4\x40\x47\x20\xa3\x46\x4b\x99\xa8\xe1\x52\x6c"
"\xb0\x52\x03\x1d\x09\x88\x1a\x2d\xa5\xb8\x14\x88\x1a\x2b\x95\x81"
"\x08\xdc\xfc\x71\x38\x81\x13\x82\xbb\x80\x5b\xf4\x46\x72\x80\x81"
"\xe1\x86\x20\x0c\xc0\x60\x96\x61\xa6\x56\x2a\x18\xa8\x0a\x44\xd4"
"\x20\x27\x31\x35\xca\x49\x4c\x0d\x77\x12\x53\xa3\x9d\x44\xd4\xf0"
"\x27\x11\x35\xfe\x09\x4c\x0d\x91\x02\x53\x23\xa4\x44\xd4\x38\x29"
"\x31\x35\x50\x6a\xa0\x2a\xb1\x1f\x72\xb2\x9f\x72\xb2\x1f\x77\xb2"
"\x9f\x76\xc2\x13\x7f\x52\x8d\x7f\xd2\x0b\x91\xd2\x8b\x90\xb2\x9f"
"\x93\xb2\x1f\x94\x1a\xa8\x12\x78\xd4\x20\x27\x1e\x35\xca\x89\x47"
"\x0d\x77\x52\x99\x76\x92\x13\x7f\x72\x8d\x7f\xf2\x0b\x91\xf2\x8b"
"\x90\x82\x97\x93\x82\x17\x94\x1a\x36\x20\xc4\x72\x18\x06\x60\x96"
"\x60\xa6\x06\x2a\x04\xb1\x34\x48\x4a\x1c\x4c\x6a\xa0\x42\x00\x53"
"\x83\xa4\xc4\xc1\xa4\x06\x2a\x04\x31\x35\x48\xca\x1c\x4c\x6a\xb8"
"\x81\x16\x64\x72\x00\x83\x59\x86\x99\x92\xa9\x60\xa0\x42\x98\x64"
"\xca\x88\xa9\x81\x0a\xe1\x91\x29\x23\xa6\x06\x2a\x84\x48\xa6\xd4"
"\xd4\x88\x29\x97\x04\x5d\x18\x28\x48\x21\x03\x11\x68\xc0\xe4\x70"
"\x02\x27\x04\x77\xc1\xb1\x98\xd4\xe4\x00\x03\x87\xd8\xe4\x00\xc3"
"\x0d\x01\x38\x80\xc1\x2c\xc3\x4c\xc9\x54\x30\x50\x94\xb8\xc7\x3f"
"\xb9\x07\x48\xf9\xc6\x48\xe9\x50\x4a\x91\x01\x4c\xf9\x86\x4c\xf9"
"\x46\x4c\xe9\xd0\x4b\x0d\x14\x05\xee\xf1\x4f\xee\x01\x52\x7e\x6a"
"\x8c\x94\x9f\x1a\x29\xa5\xaa\x06\x4c\xf9\xa9\x21\x53\x7e\x6a\xc4"
"\x94\x1f\xbc\xd4\x40\x91\x40\x1f\xff\x44\x1f\x20\x45\x1e\x23\x65"
"\x33\x29\x65\x06\x30\x45\x1e\x32\x45\x1e\x31\x65\x33\x2f\x35\x50"
"\x24\x90\xaa\xf1\x4f\xa4\x6a\x80\x14\xa9\x1a\x23\x45\xaa\x46\x4a"
"\x91\xaa\x01\x53\x66\x10\x53\x8e\x4c\xc9\xc1\x4b\x0d\x37\x10\xf3"
"\x38\x88\xc1\x70\x03\x31\x96\x03\x18\xcc\x32\xd0\x94\x4d\x09\xb3"
"\x0c\x35\x55\x7b\xc1\xb0\x01\x81\x97\x83\x4e\x0e\x03\x30\x4b\x70"
"\x7b\xb3\x0c\x37\x55\x7b\x01\xd5\xe5\x20\xc8\x70\x43\x60\x96\x03"
"\x18\xcc\x32\xe8\x14\x4e\x05\x54\x97\x83\x20\x9a\x88\x08\x18\x6e"
"\x40\x04\x31\xb8\x21\x89\xe1\x86\x60\x20\x83\xe9\x06\xb5\x1c\x82"
"\x61\x96\x41\xa7\x72\x2a\x18\x6e\x70\xd0\x72\x00\x83\x59\x86\xda"
"\xdb\xa9\x60\xd8\x80\x08\xcd\x41\x2e\x87\x01\x98\x25\xb8\xbd\x64"
"\x12\xd0\x5f\x0e\x82\x64\x00\xd4\x25\x21\x80\x86\x0d\x88\x80\x08"
"\x80\xe1\x86\xc9\x2d\x07\x30\x98\x65\xa8\x3d\x9e\x0a\x2e\x82\xcb"
"\x01\x33\x48\x40\xa5\x39\x08\x92\x01\x50\x97\x84\x00\x2e\x07\x97"
"\x84\xe0\x1a\x36\x20\x82\x22\x00\x86\x1b\xb4\x99\x1c\xc0\x60\x96"
"\xa1\xf6\x7a\x2a\x38\x0c\x2c\x07\xcc\x20\x01\xb1\xe6\x20\x48\x06"
"\x40\x5d\x12\x02\xbb\x1c\x5c\x12\x02\x6f\xd8\x80\x08\x8a\x00\x18"
"\x6e\x08\x83\x9c\x1c\xc0\x60\x96\xa1\xf6\x7c\x2a\xb8\x4f\x2c\x07"
"\xcc\x20\x01\xcd\xe6\x20\x48\x06\x40\x5d\x12\x02\xbe\x1c\x5c\x12"
"\x82\x32\x18\x36\x20\x82\x22\x00\x86\x1b\xd0\xe0\x27\x07\x30\x98"
"\x65\xa8\xbd\x9f\x0a\xce\x0c\xd8\x72\xc0\x0c\x12\x90\x6e\x0e\x82"
"\x64\x00\xd4\x25\x21\x30\xcd\xc1\x25\x21\x60\x83\x61\x03\x22\x28"
"\x02\x60\xb8\xe1\x0d\xca\x72\x00\x83\x59\x86\xda\x03\xab\xe0\xda"
"\x60\x27\x07\xcc\x20\x01\x85\xe7\x20\x48\x06\x40\x5d\x12\x02\x9f"
"\x1c\x5c\x12\x82\x39\x18\x36\x20\x82\x22\x00\x86\x1b\xec\x60\x2d"
"\x07\x30\x98\x65\xa8\xbd\xb0\x0a\x8e\x0e\xc0\x72\xc0\x0c\x12\x10"
"\x7a\x0e\x82\x64\x00\xd4\x25\x21\x18\xcb\xc1\x25\x21\xd0\x83\x61"
"\x03\x22\x28\x02\x60\xb8\xa1\x0f\xe2\x72\x00\x83\x59\x86\xda\x13"
"\xab\xe0\xf6\xa0\x2c\x07\xcc\x20\x01\xbd\xe7\x20\x48\x06\x40\x5d"
"\x12\x02\xb4\x1c\x5c\x12\x82\x50\x18\x36\x20\x82\x22\x00\x66\x09"
"\x6a\x6f\xb8\xe1\x0c\x07\xb9\x1c\xcc\x40\xc1\x70\x10\x11\x30\xdc"
"\xa0\x86\x43\x20\x06\xd3\x0d\xc1\x6d\x0e\xc3\x2c\x03\x59\xa9\x57"
"\x80\x6b\x38\xac\xe7\x00\x03\xc3\x06\x84\x7e\x0e\xc1\x00\xf8\x24"
"\x94\xe1\x40\x50\x90\xc2\xf5\xe0\xa0\x9b\xc3\x5d\xe0\x83\x03\x5f"
"\xb0\x9b\x03\x5e\x20\xf0\x05\xbc\x39\xdc\x05\x02\x0f\x1b\x10\xfc"
"\x39\x04\x03\x90\x41\x82\xe1\x06\x24\x00\x83\x59\x86\xb2\x6a\xab"
"\x80\x4c\x74\x08\x63\xb8\x21\xb0\xcf\x41\x0c\x66\x19\xd4\xcb\xac"
"\x02\x15\x44\x04\xa8\x23\x22\x60\xb8\x61\x0f\x87\x80\x0c\x8e\x0f"
"\x07\x21\x86\x1b\x02\x82\x0c\xa6\x1b\xee\x73\x08\x86\x59\x06\xf5"
"\x3a\xab\x60\xb8\x01\xc9\xcf\x01\x0c\x66\x19\xd6\x0b\xad\x82\x81"
"\x8a\xa0\x0d\xd8\x8a\x7e\x8d\xb3\x1a\xa8\x10\xfe\x80\xad\xf0\xd7"
"\x38\xab\x81\x0a\x61\x0f\xd8\x4a\x7f\x8d\xb3\x1a\xa8\x08\xda\x80"
"\xad\xf4\xd7\x38\xab\x81\x8a\x20\x0d\xd8\x0a\x0e\xce\x6a\xa0\x22"
"\x28\x03\xb6\x12\x83\xb3\x1a\x6e\x18\x40\x74\x00\x83\x59\x86\xb4"
"\x62\xab\x60\xb8\x61\xa0\xcf\xc1\x0c\x94\x10\x11\x30\xdc\x90\x8a"
"\x43\x20\x06\xd3\x0d\x81\x7d\x0e\xc3\x2c\xc3\x5a\xa9\x55\x30\x6c"
"\x40\xe4\xe8\xb0\xa2\xc3\x00\xcc\x12\xb0\x15\x1e\x2b\x3a\xc0\xc0"
"\xb0\x01\x91\xa3\x43\x30\x00\x3e\x09\xa4\x38\x10\x14\xa4\x70\x49"
"\x7e\x0e\x77\x81\xc2\x17\xe8\xe7\x80\x17\x08\x7c\xc1\x7e\x0e\x77"
"\x81\xc0\xc3\x06\xc4\x8e\x0e\xc1\x00\x64\x90\xe0\x90\x80\x67\x09"
"\xd8\x6a\xa0\x23\x60\x63\x43\xad\xd8\x60\xad\xd8\x00\xad\x06\x3a"
"\x02\x32\x50\x2b\x64\xad\xc8\x00\xad\x06\x3a\x02\x34\x50\x2b\x6d"
"\xad\xd0\x00\xad\x06\x3a\x02\x39\x36\xd4\xca\x8c\x8d\xb5\x62\x03"
"\xb4\x1a\xe8\x48\xc0\xd8\x50\x2b\x65\xad\xc0\xd8\x40\xab\x0c\x44"
"\xdc\xe6\xa2\xc3\x5d\x50\x9e\x83\xde\x10\xdc\x05\xdd\xe2\x47\xa3"
"\x03\x0c\x0c\x37\x04\x68\x00\x06\xb3\x0c\xeb\x85\x56\x81\xda\x81"
"\x88\x80\xe1\x86\x71\x1c\x02\x31\x98\x65\x70\x2b\xbc\x0a\x70\x1c"
"\x87\xf6\x1c\x60\x60\xd8\x80\x90\xd3\x21\x18\x00\x9f\x84\x5e\x1c"
"\x06\x0a\x52\xb8\x39\x90\xd1\xe1\x2e\xa0\x03\xbe\x60\x46\x07\xbc"
"\x40\xe0\x0b\x68\x74\xb8\x0b\x04\x1e\x36\x20\xe8\x74\x08\x06\x20"
"\x83\x04\x87\x04\xac\x8b\x88\x80\xe1\x06\x78\x1c\x02\x31\x98\x65"
"\x78\x2b\xbc\x0a\x10\x1e\x87\x30\x1d\x60\x60\xd8\x80\xf8\xd3\x21"
"\x18\x00\x9f\x04\x75\x1c\x06\x0a\x52\x38\xe4\x47\x87\xbb\x20\xe1"
"\x0b\xc0\x74\xc0\x0b\x04\xbe\x20\x4c\x87\xbb\x40\xe0\x61\x03\x22"
"\x54\x87\x60\x00\x32\x48\x30\xdc\x80\x04\x60\x30\xcb\x00\x57\xa3"
"\x15\xd0\xaa\x0e\x61\x0c\x37\x04\x7b\x3a\x88\xc1\x2c\x03\x5e\xc5"
"\x55\xa0\x82\x88\x00\x75\x44\x04\x0c\x37\x80\xe4\x10\x90\xc1\x85"
"\xe4\x20\xc4\x70\x43\x40\x90\xc1\x74\x03\x9f\x0e\xc1\x30\xcb\x80"
"\x57\x72\x15\x0c\x37\x20\x7e\x3a\x80\xc1\x2c\x83\x5e\xcd\x55\x30"
"\x50\x11\xb4\xc1\x5d\xf9\xb3\x21\x57\x03\x15\xc2\x1f\xdc\x95\x48"
"\x1b\x72\x35\x50\x21\xec\xc1\x5d\x91\xb4\x21\x57\x03\x15\x41\x1b"
"\xdc\x15\x49\x1b\x72\x35\x50\x11\xa4\xc1\x5d\xc1\x81\x5c\x0d\x54"
"\x04\x65\x70\x57\x62\x20\x57\xc3\x0d\x43\xa9\x0e\x60\x30\xcb\x40"
"\x57\x77\x15\x0c\x37\x0c\x79\x3a\x98\x81\x12\x22\x02\x86\x1b\x5c"
"\x72\x08\xc4\x60\xba\x21\xd8\xd3\x61\x98\x65\xb0\xab\xba\x0a\x86"
"\x0d\x08\x5f\x1d\x60\x75\x18\x80\x59\x82\xbb\xc2\x03\x56\x07\x18"
"\x18\x36\x20\x7c\x75\x08\x06\xc0\x27\x21\x25\x07\x82\x82\x14\x2e"
"\xf1\xd3\xe1\x2e\x50\xf8\x82\x3f\x1d\xf0\x02\x81\x2f\x00\xd5\xe1"
"\x2e\x10\x78\xd8\x80\x00\xd7\x21\x18\x80\x0c\x12\x1c\x12\xf0\x2c"
"\xc1\x5d\x0d\x74\x04\x76\x6d\xd4\x15\x1b\xd8\x15\x1b\xcc\xd5\x40"
"\x47\x40\x06\x75\x85\xd8\x15\x19\xcc\xd5\x40\x47\x80\x06\x75\xa5"
"\xd9\x15\x1a\xcc\xd5\x40\x47\xc0\xd7\x46\x5d\xc1\xb5\x61\x57\x6c"
"\x30\x57\x03\x1d\x89\x5a\x1b\x75\xa5\xd8\x95\x5a\x1b\x73\x95\x81"
"\x88\xdb\x66\x75\xb8\x0b\xd4\x74\xd0\x1b\x82\xbb\xa0\x5b\xfc\x72"
"\x75\x80\x81\xe1\x86\x00\x0d\xc0\x60\x96\x21\xaf\xe6\x2a\x18\x28"
"\x09\x5c\xdb\x70\x2b\xd7\x36\xda\xca\xad\x0d\xb8\x72\x6d\x23\xae"
"\x06\x4a\x12\x7a\x70\x2b\xbe\x36\xda\x8a\x1e\xe0\x8a\x1e\xe2\x6a"
"\xa0\x24\xd0\x07\xb7\x52\x8f\xb6\x02\x07\xb8\x02\x87\xb8\x1a\x28"
"\x09\x58\xc2\xad\xf8\xa3\xad\xe4\x01\xae\xe4\x21\xae\x86\x0d\x88"
"\x7c\x1d\x88\x01\x98\x25\xc8\xab\x81\x8a\xc4\xc0\x2b\x7d\xb8\xab"
"\x81\x8a\xc0\xc0\x2b\x30\xb8\xab\x81\x8a\xc0\xc0\x2b\x30\xb8\xab"
"\x81\x8a\xc0\xc1\x2b\x33\xb8\xab\x81\x0a\x81\xb6\x0d\xbc\xb2\xee"
"\x6a\xb8\xa1\xd8\xd3\x41\x0c\x86\x1b\x86\x75\x1d\xc0\x60\x96\x61"
"\xaf\xf8\x4a\x18\x6e\x20\x85\x3e\x1d\xc4\x60\x96\x81\xb5\xfa\x2a"
"\x98\x65\x60\xad\xd7\x12\x66\x19\xfa\xea\xb5\x84\x81\x8a\x04\xe2"
"\x2b\x95\xd0\xab\x81\x8a\x00\xe2\x2b\x7b\xd0\xab\x81\x8a\x00\xe2"
"\x2b\x94\xd0\xab\x81\x0a\xc1\xe1\x2b\xf1\x36\xf4\x8a\x44\x76\x10"
"\x64\xb8\x21\x98\xd7\x01\x0c\x66\x19\x58\xcb\xaf\x02\x12\xd9\x41"
"\x10\x3d\x44\x04\x0c\x37\x14\x82\x18\xdc\x60\xc4\x70\x43\x30\x90"
"\xc1\x74\xc3\xbd\x0e\xc1\x30\xcb\xc0\x5a\x7f\x15\x0c\x37\x30\xf5"
"\x3a\x80\xc1\x2c\xc3\x6b\x81\x56\x90\x09\x50\x97\x84\x60\xd1\x47"
"\x44\xc0\x05\xf5\x3a\xe8\x70\x43\x74\xab\x03\x19\xcc\x32\xb4\x56"
"\x68\x05\x37\x98\xea\xa0\xb3\x04\xa2\x35\x50\x21\x88\xb8\x11\x5a"
"\x7d\x20\x5a\x03\x15\x02\x89\x1b\xa1\x95\x07\xa2\x35\x50\x21\x98"
"\xb8\x11\x5a\x7b\x20\x5a\x2e\x09\xc8\x40\x41\x0a\x19\x88\x40\xc3"
"\x5f\x87\x13\x38\x21\xb8\x0b\x8e\xc5\x64\x64\x87\x0d\x70\x49\x78"
"\x02\x0a\x52\xc8\x40\x04\x12\x25\x3b\x9c\xc0\x09\xc1\x5d\x70\x2c"
"\x42\x29\x3b\x6c\x80\x4b\x82\x15\x50\x90\x42\x06\x22\x90\x60\xd9"
"\xe1\x04\x4e\x08\xee\x82\x63\xf1\x7a\xd9\x61\x03\x5c\x12\xba\x80"
"\x82\x14\x32\x10\x81\xc4\xcc\x0e\x27\x70\x42\x70\x17\x1c\x8b\x5e"
"\xce\x0e\x30\x70\x9d\xce\x0e\x30\xdc\x10\x84\x01\x18\xcc\x32\xb4"
"\x96\x68\x05\xc3\x0d\xf9\x20\xaf\x83\x18\xcc\x32\xb0\x16\x69\x05"
"\xaa\x0f\x22\x02\x14\x1f\x44\x04\x0c\x37\xa8\xe7\x10\x90\xc1\xad"
"\xe7\x20\xc4\x70\x43\x40\x90\xc1\x74\x83\xd9\x0e\xc1\x30\xcb\xc0"
"\x5a\xa5\x15\x0c\x37\x80\x04\xd9\x0e\x60\x30\xcb\xf0\x5a\xa6\x15"
"\x68\x48\x88\x08\x98\x25\x38\xad\x81\x8a\x80\xd6\x0d\xd3\x6a\x83"
"\xd5\x1a\xa8\x10\x70\xdd\x30\xad\x3e\x58\xad\x81\x0a\x41\xd7\x0d"
"\xd3\xca\x83\xd5\x1a\xa8\x08\x74\xdd\x30\xad\x36\x58\xad\x81\x8a"
"\xc0\x44\x4c\x2b\x0d\x56\x6b\xa0\x22\xc0\x0f\xd3\x2a\x83\xd5\x1a"
"\x6e\x18\xe0\x76\x00\x83\x59\x06\xd4\x5a\xad\x60\xb8\x61\x20\xdb"
"\xc1\x0c\x94\x10\x11\x30\xdc\x90\x9f\x43\x20\x06\xd3\x0d\x81\xd9"
"\x0e\xc3\x2c\x83\x6a\xa5\x56\x30\x6c\x40\xa4\xee\xb0\xb7\xc3\x00"
"\xcc\x12\xac\x16\x1e\x7b\x3b\xc0\xc0\xb0\x01\x91\xba\x43\x30\x00"
"\x3e\x09\xf4\x39\x10\x14\xa4\x70\x49\xda\x0e\x77\x81\xc2\x17\xa8"
"\xed\x80\x17\x08\x7c\xc1\xda\x0e\x77\x81\xc0\xc3\x06\xc4\xea\x0e"
"\xc1\x00\x64\x90\xe0\x90\x80\x67\x09\x56\x6b\xa0\x23\x60\x79\x23"
"\xb5\xd8\x40\xb5\xd8\xe0\xb4\x06\x3a\x02\x32\x48\x2d\x44\xb5\xc8"
"\xe0\xb4\x06\x3a\x02\x34\x48\x2d\x4d\xb5\xd0\xe0\xb4\x06\x3a\x02"
"\x99\x37\x52\xcb\xe4\x0d\xd5\x62\x83\xd3\x1a\xe8\x48\x40\xde\x48"
"\x2d\x45\xb5\x40\xde\x38\xad\x0c\x44\xe0\xe6\xb7\xc3\x09\x9c\x10"
"\xdc\x05\xdc\xa2\x37\xba\x03\x0c\x0c\x37\x04\x61\x00\x06\xb3\x0c"
"\xaf\x75\x5a\xc1\x40\x4d\x20\xf2\x86\x5e\x89\xbc\xb1\x57\x60\x6f"
"\xf8\x15\xd8\x1b\x7d\x25\xf2\xc6\x68\x89\xbd\x41\x5a\x03\x35\x81"
"\x9c\xe8\x15\x6b\xec\x15\x5f\xf8\x15\x5f\xf4\x95\x9c\x8c\x96\x9c"
"\x90\xd6\x40\x4d\x40\x2a\x7a\xc5\x1a\x7b\xc5\x17\x7e\xc5\x17\x7d"
"\x45\x2a\xa3\x45\x2a\xa4\x35\x6c\x40\x88\xef\x30\x0c\xc0\x2c\xc1"
"\x6b\x0d\x54\x08\x62\x6e\x80\x96\x38\x88\xd6\x40\x85\x00\xf6\x06"
"\x68\x89\x83\x68\x0d\x54\x08\x62\x6f\x80\x96\x39\x88\xd6\x70\x03"
"\x2d\xc8\xee\x00\x06\xb3\x0c\xaf\xe5\x5a\xc1\x40\x85\x30\xb9\x96"
"\xd1\x5a\x03\x15\xc2\xe3\x5a\x46\x6b\x0d\x54\x08\x91\x6b\xa9\xbd"
"\xd1\x5a\x2e\x09\xba\x30\x50\x90\x42\x06\x22\xd0\x80\xdd\xe1\x04"
"\x4e\x08\xee\x82\x63\x31\xa9\xdd\x01\x06\x0e\xb1\xdd\x01\x86\x1b"
"\x02\x70\x00\x83\x59\x86\xd7\x72\xad\x60\xa0\x28\x80\x0f\xbe\x82"
"\x8f\xbd\x02\x8f\xbf\xb2\x95\xd2\x22\x03\xd6\x02\x0f\xd7\x02\x8f"
"\xd6\xd2\x83\xd5\x1a\x28\x0a\xe0\x83\xaf\xe0\x63\xaf\xc0\xe3\xaf"
"\xd0\xa5\xb4\xc8\x80\xb5\xc0\xc3\xb5\xc0\xa3\xb5\xf4\x60\xb5\x06"
"\x8a\x02\xf8\xe0\x2b\xf8\xd8\x2b\xd0\x37\xfe\x0a\xf4\x8d\xd2\x52"
"\x03\xd6\x02\x7d\xc3\xb5\x40\xdf\x68\x2d\x50\x58\xad\x81\x22\x81"
"\xf4\x0d\xbe\x22\x7d\x63\xaf\x48\xdf\xf8\x2b\xd2\x37\x4a\x8b\xf4"
"\x0d\xd6\x32\x83\xd6\x72\x5c\x4b\x0e\x56\x8b\xee\x77\x08\x63\xb8"
"\x21\x38\xdf\x41\x0c\x86\x1b\x08\xf2\x1d\xc0\x60\x96\x01\xb6\x64"
"\x4b\x98\x65\x88\xad\xf7\x0a\x86\x0d\x88\xfc\x1d\x76\x77\x18\x80"
"\x59\x82\xf7\x9a\x65\x98\xad\xf7\x0a\x86\x1b\x8c\xf2\x1d\xd0\x60"
"\x96\xc1\xb6\x68\x2b\x50\x42\x44\x80\x22\x22\x02\x86\x1b\xdc\x74"
"\x08\xc8\xe0\xde\x74\x10\x62\xb8\x21\x20\xc8\x60\xba\x41\x7d\x87"
"\x60\x98\x65\xb0\xad\xda\x0a\x86\x1b\x14\xf6\x1d\xc0\x60\x96\x41"
"\xbc\x6e\x2b\x18\x36\x20\x42\x78\x98\xdf\x61\x00\x66\x09\xde\x6b"
"\xa0\x22\x68\x83\xdd\xd2\x7d\xa3\xb6\x06\x2a\x84\x3f\xd8\x2d\xdf"
"\x37\x6a\x6b\xa0\x42\xd8\x83\xdd\x02\x7f\xa3\xb6\x06\x2a\x82\x36"
"\xd8\x2d\xf0\x37\x6a\x6b\xa0\x22\x48\x83\xdd\x22\x83\xda\x1a\xa8"
"\x08\xca\x60\xb7\xd0\xa0\xb6\x86\x1b\x86\xf9\x1d\xc0\x60\x96\x01"
"\xb7\x76\x2b\x18\x6e\x18\xce\x77\x30\x03\x25\x44\x04\x0c\x37\xf0"
"\xe9\x10\x88\xc1\x74\x43\x90\xbe\xc3\x30\xcb\xa0\x5b\xb9\x15\x0c"
"\x1b\x10\x2c\x3c\xf8\xef\x30\x00\xb3\x04\xbb\x85\x87\xff\x0e\x30"
"\x30\x6c\x40\xb0\xf0\x10\x0c\x80\x4f\xc2\x9d\x0e\x04\x05\x29\x5c"
"\xc2\xbe\xc3\x5d\xa0\xf0\x05\xed\x3b\xe0\x05\x02\x5f\xe0\xbe\xc3"
"\x5d\x20\xf0\xb0\x01\xe1\xc2\x43\x30\x00\x19\x24\x38\x24\xe0\x59"
"\x82\xdd\x1a\xe8\x08\x64\xf0\xc8\x2d\x36\xd0\x2d\x36\xb8\xad\x81"
"\x8e\x80\x0c\x72\x0b\xd1\x2d\x32\xb8\xad\x81\x8e\x00\x0d\x72\x4b"
"\xd3\x2d\x34\xb8\xad\x81\x8e\x00\x07\x8f\xdc\x62\xc1\x43\xb7\xd8"
"\xe0\xb6\x06\x3a\x12\x13\x3c\x72\x4b\xd1\x2d\x13\x3c\x6e\x2b\x03"
"\x11\xb7\x85\xf0\x70\x17\xe0\xee\xa0\x37\x04\x77\x41\xb7\xf8\x9d"
"\xf0\x00\x03\xc3\x0d\x01\x1a\x80\xc1\x2c\x03\x6f\xdd\x56\x30\xdc"
"\xc0\xbc\xf0\x00\x06\xb3\x0c\xbd\xf5\x5b\x6d\x30\xcb\xe0\x5b\xef"
"\x15\x0c\x1b\x10\x64\x3c\x98\xf0\x30\x00\xb3\x04\xef\x35\xcb\x00"
"\x5e\xef\x15\x0c\x37\x2c\x30\x3c\xa0\xc1\x2c\xc3\x78\x85\x57\xa0"
"\x6f\x20\x22\x40\x1b\x11\x01\xc3\x0d\xb9\x3a\x04\x64\x70\xba\x3a"
"\x08\x31\xdc\x10\x10\x64\x30\xdd\x50\xc3\x43\x30\xcc\x32\x8c\x17"
"\x79\x05\x5a\x07\x22\x02\x34\x0f\x44\x04\x0c\x37\xfc\xea\x10\x90"
"\xc1\x81\xeb\x20\xc4\x70\x43\x40\x90\xc1\x74\xc3\x0e\x0f\xc1\x30"
"\xcb\x30\x5e\xeb\x15\x0c\x1b\x10\x71\x3c\x8c\xf1\x30\x00\xb3\x04"
"\xef\x35\x50\x11\xb4\x01\x7a\xe9\xe1\x11\x5e\x03\x15\xc2\x1f\xa0"
"\x97\x1f\x1e\xe1\x35\x50\x21\xec\x01\x7a\x81\xe2\x11\x5e\x03\x15"
"\x41\x1b\xa0\x17\x28\x1e\xe1\x35\x50\x11\xa4\x01\x7a\xe1\x41\x78"
"\x0d\x54\x04\x65\x80\x5e\x7c\x10\x5e\xc3\x0d\xc3\x18\x0f\x60\x30"
"\xcb\x50\x5e\xe8\x15\x0c\x37\x0c\x37\x3c\x98\x81\x12\x22\x02\x86"
"\x1b\xd8\x75\x08\xc4\x60\xba\x21\xc8\xe1\x61\x98\x65\x38\x2f\xf3"
"\x0a\x86\x0d\x08\x3e\x1e\xdc\x78\x18\x80\x59\x02\xf4\xc2\xc3\x8d"
"\x07\x18\x18\x36\x20\xf8\x78\x08\x06\xc0\x27\xe1\x5c\x07\x82\x82"
"\x14\x2e\xe1\xe1\xe1\x2e\x50\xf8\x82\x1e\x1e\xf0\x02\x81\x2f\xf0"
"\xe1\xe1\x2e\x10\x78\xd8\x80\xf0\xe3\x21\x18\x80\x0c\x12\x1c\x12"
"\xf0\x2c\x01\x7a\x0d\x74\x04\xf2\x78\x98\x17\x1b\x9c\x17\x1b\x90"
"\xd7\x40\x47\x40\x06\xe6\x85\x9c\x17\x19\x90\xd7\x40\x47\x80\x06"
"\xe6\xa5\x9d\x17\x1a\x90\xd7\x40\x47\x80\x8f\x87\x79\xb1\xe3\x71"
"\x5e\x6c\x40\x5e\x03\x1d\x89\x39\x1e\xe6\xa5\x9c\x97\x39\x1e\xe4"
"\x95\x81\x88\xdb\xe2\x78\xb8\x0b\x50\x78\xd0\x1b\x82\xbb\xa0\x5b"
"\xfc\xee\x78\x80\x81\xe1\x86\xa0\x0d\xc0\x60\x96\x21\xbd\xc8\x2b"
"\x18\x6e\x60\xfe\x78\x00\x83\xe1\x86\x5f\x08\xe5\x01\x0c\xa6\x1b"
"\x8a\x3a\x08\x66\x19\xd6\xeb\xbd\x86\x81\x8e\x00\x26\x8f\xb1\x82"
"\xc7\xa3\xac\x60\xf2\x30\xab\x61\x03\xe2\x96\x87\x60\x00\x66\x09"
"\xd6\x6b\xa0\x25\x30\xc9\x23\xbd\x4c\xf2\x38\x2b\x93\x3c\xc4\x4b"
"\x50\x2f\x73\x62\xab\x81\x16\xc1\x48\x2f\x95\x3c\xce\x4a\x25\x0f"
"\xf1\x52\xc9\x43\xbd\x6c\x89\xad\x86\x1b\x56\x76\x08\xca\x60\xb8"
"\x41\x38\xdf\x41\x0c\x2e\x10\x76\x96\x81\xbd\xdc\x2b\x18\x6e\x28"
"\x50\x79\x00\x83\x59\x86\xf6\x7a\xaf\x60\xd8\x80\xe8\xe5\xe1\x95"
"\x87\x01\x98\x25\x78\xaf\x2c\x02\x0c\x1b\x10\xbd\x3c\x04\x03\x30"
"\x4b\xf0\x5e\x03\x65\x01\x58\x1e\xe3\xe5\x12\xbf\x05\x96\x87\x6f"
"\xb9\x44\x6f\x39\xee\x05\x96\x47\x7b\x39\xec\xe5\x06\xe9\x45\x1b"
"\xb0\x05\x96\x47\x6c\x81\xe5\x61\x5b\xb4\x21\x5b\xc3\x0d\xc1\x2a"
"\x0f\x60\x30\x4b\x50\x7b\xc3\x0d\x31\x3b\xf0\xf0\x60\x06\xaa\xb2"
"\x83\x88\x80\xe1\x06\x9a\x1d\x02\x31\x98\x6e\x08\x42\x79\x18\x66"
"\x19\xe2\x6b\xbf\x02\xac\xd9\xa1\x96\x07\x18\x18\x36\x20\xc8\x79"
"\x08\x06\xc0\x27\xe1\x65\x07\x82\x82\x14\xee\x64\x07\x52\x1e\xee"
"\x02\x94\x1d\xf8\x82\x52\x1e\xf0\x02\x81\x2f\x30\xe5\xe1\x2e\x10"
"\x78\xd8\x80\x30\xe7\x21\x18\x80\x0c\x12\x1c\x12\xb0\x2e\x22\x02"
"\x86\x1b\xc4\x76\x08\xc4\x60\x96\x41\xbe\xf6\x2b\x40\xb1\x1d\xd8"
"\x78\x80\x81\x61\x03\x22\x9e\x87\x60\x00\x7c\x12\x78\x76\x18\x28"
"\x48\xe1\x90\x58\x1e\xee\x82\x84\x2f\x90\xe5\x01\x2f\x10\xf8\x82"
"\x59\x1e\xee\x02\x81\x87\x0d\x88\x79\x1e\x82\x01\xc8\x20\xc1\x70"
"\x03\x12\x80\xc1\x2c\xc3\x7c\xa1\x58\x40\xfd\x3c\x84\x31\xdc\x10"
"\xb4\xf3\x20\x06\xb3\x0c\xfb\x45\x5f\x81\x0a\x22\x02\xd4\x11\x11"
"\x30\xdc\x20\xb7\x43\x40\x06\x37\xb7\x83\x10\xc3\x0d\x01\x41\x06"
"\xd3\x0d\xee\x3c\x04\xc3\x2c\xc3\x7e\xd5\x57\x30\xdc\x80\xc0\xf3"
"\x00\x06\xb3\x0c\xfd\x65\x5f\xc1\x40\x45\xd0\x06\xfa\x25\x9e\x47"
"\x7d\x0d\x54\x08\x7f\xa0\x5f\xe6\x79\xd4\xd7\x40\x85\xb0\x07\xfa"
"\x85\x9e\x47\x7d\x0d\x54\x04\x6d\xa0\x5f\xe8\x79\xd4\xd7\x40\x45"
"\x90\x06\xfa\x05\x07\xf5\x35\x50\x11\x94\x81\x7e\x89\x41\x7d\x0d"
"\x37\x0c\xf7\x3c\x80\xc1\x2c\xc3\x7d\xe9\x57\x30\xdc\x30\xac\xf3"
"\x60\x06\x4a\x88\x08\x18\x6e\x00\xdd\x21\x10\x83\xe9\x86\xa0\x9d"
"\x87\x61\x96\x21\xbf\xf0\x2b\x18\x36\x20\x60\x7a\x10\xe9\x61\x00"
"\x66\x09\xf4\x0b\x0f\x91\x1e\x60\x60\xd8\x80\x80\xe9\x21\x18\x00"
"\x9f\x84\xbd\x1d\x08\x0a\x52\xb8\x04\x9e\x87\xbb\x40\xe1\x0b\xe2"
"\x79\xc0\x0b\x04\xbe\x40\x9e\x87\xbb\x40\xe0\x61\x03\x42\xa6\x87"
"\x60\x00\x32\x48\x70\x48\xc0\xb3\x04\xfa\x35\xd0\x11\xe8\xe8\x81"
"\x5f\x6c\x90\x5f\x6c\x60\x5f\x03\x1d\x01\x19\xe0\x17\x92\x5f\x64"
"\x60\x5f\x03\x1d\x01\x1a\xe0\x97\x96\x5f\x68\x60\x5f\x03\x1d\x01"
"\x98\x1e\xf8\x45\xa3\x47\x7e\xb1\x81\x7d\x0d\x74\x24\x2e\x7a\xe0"
"\x97\x92\x5f\x2e\x7a\xd8\x57\x06\x22\x6e\x2b\xe9\xe1\x2e\xe0\xe5"
"\x41\x6f\x08\xee\x82\x6e\xf1\x5b\xe9\x01\x06\x86\x1b\x02\x34\x00"
"\x83\x59\x06\xfe\xb2\xaf\x60\xa0\x24\x90\xd3\x23\xbe\xe4\xf4\x80"
"\x2f\x19\x3d\xe6\x4b\x4e\x0f\xfa\x1a\x28\x49\xe8\x21\xbe\xc0\xf4"
"\x80\x2f\x7a\x98\x2f\x7a\xa0\xaf\x81\x92\x40\x1f\xe2\x4b\xe6\x0d"
"\xf8\x02\x87\xf9\x02\x07\xfa\x1a\x28\x09\x58\x22\xbe\xcc\xde\x80"
"\x2f\x79\x98\x2f\x79\xa0\xaf\x61\x03\x62\xad\x07\x62\x00\x66\x09"
"\xf8\x6b\xa0\x22\x31\xf6\x4b\x1f\xf4\x6b\xa0\x22\x30\xf6\x0b\x0c"
"\xf4\x6b\xa0\x22\x30\xf6\x0b\x0c\xf4\x6b\xa0\x22\x70\xf6\xcb\x0c"
"\xf4\x6b\xa0\x42\xc0\xd3\x63\xbf\x2c\xfd\x1a\x6e\x28\xda\x79\x10"
"\x83\xe1\x86\xa1\xa7\x07\x30\x98\x65\xf0\x2f\x10\x13\x86\x1b\x48"
"\xe1\x9d\x07\x31\x98\x65\xf8\xaf\x10\x0b\x66\x19\xfe\x4b\xcd\x84"
"\x81\x8a\xc0\xf1\x2f\x7a\xe8\xaf\x81\x8a\xc0\xf1\x2f\x93\xe8\xaf"
"\x61\x03\xa2\xae\x87\x9b\x1e\x06\x60\x96\x40\xcd\x66\x19\x42\x4c"
"\xcd\x88\x81\x8a\x84\x02\x31\x97\xe8\xaf\x81\x8a\x80\x02\x31\x7d"
"\xe8\xaf\x81\x8a\x80\x02\x31\x96\xe8\xaf\x81\x0a\x41\x02\x31\x55"
"\x3d\xfa\x8b\xec\x7a\x10\x64\xb8\x21\x38\xeb\x01\x0c\x66\x19\x4c"
"\x4c\xc4\x02\xb2\xeb\x41\x10\x3d\x44\x04\x0c\x37\x14\x82\x18\xdc"
"\x60\xc4\x70\x43\x30\x90\xc1\x74\xc3\x5a\x0f\xc1\x30\xcb\x60\x62"
"\x23\x16\x0c\x37\x30\x69\x3d\x80\xc1\x2c\x83\x8d\x91\x58\x90\x09"
"\x50\x97\x84\x60\xd1\x47\x44\xc0\x05\x69\x3d\xe8\x70\x43\xb4\xd2"
"\x03\x19\xcc\x32\xd0\x58\x89\x05\x37\xe8\xf3\xa0\xb3\x04\x27\x36"
"\x6c\x40\xa0\xf6\x90\xd7\xc3\x00\xcc\x12\xa8\xd9\x40\x85\xa0\xae"
"\x47\x89\xf5\xc1\x89\x0d\x54\x08\xec\x7a\x94\x58\x1e\x9c\xd8\x40"
"\x85\xe0\xae\x47\x89\xed\xc1\x89\xb9\x24\x20\x03\x05\x29\x64\x20"
"\x02\x0d\xb9\x1e\x4e\xe0\x84\xe0\x2e\x38\x16\x93\xbb\x1e\x36\xc0"
"\x25\xe1\x09\x28\x48\x21\x03\x11\x48\xe4\xf5\x70\x02\x27\x04\x77"
"\xc1\xb1\x08\xf5\xf5\xb0\x01\x2e\x09\x56\x40\x41\x0a\x19\x88\x40"
"\x02\xb4\x87\x13\x38\x21\xb8\x0b\x8e\xc5\x6b\xb4\x87\x0d\x70\x49"
"\xe8\x02\x0a\x52\xc8\x40\x04\x12\xa7\x3d\x9c\xc0\x09\xc1\x5d\x70"
"\x2c\x7a\xad\x3d\xc0\xc0\x75\xae\x3d\xc0\x70\x43\x10\x06\x60\x30"
"\xcb\x40\x63\x27\x16\x0c\x37\xec\x83\x59\x0f\x62\x30\xcb\x90\x62"
"\x2a\x16\x0c\x1b\x10\xea\x3d\xb0\xf6\x30\x00\xb3\x04\x6a\xa6\xfc"
"\x20\x22\x40\xf5\x41\x44\xc0\x70\x83\x0f\x0f\x01\x19\xdc\x0f\x0f"
"\x42\x0c\x37\x04\x04\x19\x4c\x37\xe8\xf6\x10\x0c\xb3\x0c\x2d\xb6"
"\x62\xc1\x70\x83\x48\xe0\xf6\x00\x06\xb3\x0c\x37\xc6\x62\x81\x8e"
"\x84\x88\x80\x59\x02\x17\x1b\x36\x20\xe4\x7b\x20\xef\x61\x00\x66"
"\x09\xd4\x6c\xa0\x22\xe0\xdb\x83\xc5\xda\x40\xc6\x06\x2a\x04\xd0"
"\x3d\x58\xac\x0f\x64\x6c\xa0\x42\x10\xdd\x83\xc5\xf2\x40\xc6\x06"
"\x2a\x02\xd1\x3d\x58\xac\x0d\x64\x6c\xa0\x22\x50\x11\x16\x4b\x03"
"\x19\x1b\xa8\x08\xf8\x83\xc5\xca\x40\xc6\x86\x1b\x06\xf2\x1e\xc0"
"\x60\x96\xe1\xc5\x64\x2c\x18\x6e\x18\x70\x7b\x30\x03\x25\x44\x04"
"\x0c\x37\xb4\xf1\x10\x88\xc1\x74\x43\xa0\xdb\xc3\x30\xcb\x10\x63"
"\x30\x16\x0c\x1b\x10\xfd\x3d\xbc\xf7\x30\x00\xb3\x04\x32\x86\xc7"
"\x7b\x0f\x30\x30\x6c\x40\xf4\xf7\x10\x0c\x80\x4f\x02\x1a\x0f\x04"
"\x05\x29\x5c\xd2\xdb\xc3\x5d\xa0\xf0\x05\xbe\x3d\xe0\x05\x02\x5f"
"\xf0\xdb\xc3\x5d\x20\xf0\xb0\x01\xf1\xdf\x43\x30\x00\x19\x24\x38"
"\x24\xe0\x59\x02\x19\x1b\xe8\x08\xe8\xf7\x80\x31\x36\x88\x31\x36"
"\x70\xb1\x81\x8e\x80\x0c\x60\x0c\x89\x31\x32\x70\xb1\x81\x8e\x00"
"\x0d\x60\x4c\x8b\x31\x34\x70\xb1\x81\x8e\x40\x7f\x0f\x18\x73\xdf"
"\x23\xc6\xd8\xc0\xc5\x06\x3a\x12\xf4\x3d\x60\x4c\x89\x31\xf4\x3d"
"\x5c\x2c\x03\x11\xb8\xc9\xf7\x70\x02\x27\x04\x77\x01\xb7\xe8\xdd"
"\xf7\x00\x03\xc3\x0d\x41\x18\x80\xc1\x2c\xc3\x8c\xb9\x58\x30\xdc"
"\xb0\xfc\xf7\x00\x06\xb3\x0c\x36\xa6\x66\xc1\x40\x85\x60\xb2\x07"
"\x89\xf9\xc2\x89\x0d\x54\x08\x24\x7c\x90\x98\x2f\x9c\xd8\x40\x85"
"\x60\xc2\x07\x89\x89\xc3\x89\x0d\x37\xc8\x02\x89\x0f\x60\x30\xcb"
"\x60\x63\x35\x16\x0c\x54\x08\x53\x8d\x19\x34\x36\x50\x21\x3c\x35"
"\x66\xd0\xd8\x40\x85\x10\xd5\x98\x0b\x1f\x34\xe6\x92\x80\x0b\x03"
"\x05\x29\x64\x20\x02\x0d\x11\x1f\x4e\xe0\x84\xe0\x2e\x38\x16\x93"
"\x13\x1f\x60\xe0\x10\x14\x1f\x60\xb8\x21\xf0\x05\x30\x98\x65\xb0"
"\xb1\x1a\x0b\x06\x4a\x04\x34\x98\x31\x31\x3e\x46\x0c\x0c\x68\x0c"
"\xa9\xb1\x81\x92\xc0\x0e\x66\x8c\x37\x46\x8c\x37\x6a\x8c\x37\x68"
"\x6c\xa0\x24\xd0\x83\x19\x03\x8f\x11\x03\x8f\x1a\x03\x0f\x1a\x1b"
"\x6e\x10\x66\x7c\x40\x83\x59\x06\x1c\xbb\xb1\x60\xa0\x22\x20\x6c"
"\xcc\x57\x56\x6c\xa0\x22\x40\x6c\x0c\x5e\x56\x6c\xa0\x42\x60\x6c"
"\xcc\x8d\x8f\x15\x53\x41\x44\xc0\x70\x83\x2f\x0f\x01\x19\xdc\x2f"
"\x0f\x42\x0c\x37\x04\x35\x3e\x90\xc1\x0d\xc1\xce\x32\xe0\x58\x8e"
"\x05\x03\x15\x01\x74\x63\x94\x8d\x0d\x54\x04\xd0\x8d\x61\x36\x36"
"\x50\x21\x40\x37\xc6\xd9\xd8\xb0\x01\x31\xe7\x43\x99\x0f\x03\x30"
"\x4b\xa0\x66\xc3\x0d\xe5\x3c\x20\x62\x30\xcb\xa0\x63\x3d\x16\xe0"
"\x62\xe6\x03\x0c\x0c\x1b\x10\x74\x3e\x04\x03\xe0\x93\xf0\xcb\x83"
"\x42\x41\x0a\xf7\xd0\xf8\x70\x17\x40\x7c\x41\x8d\x0f\x78\x81\xc0"
"\x17\xd8\xf8\x70\x17\x08\x3c\x6c\x40\xd8\xf9\x10\x0c\x40\x06\x09"
"\x0e\x09\x38\x03\x11\xca\x88\x08\x18\x6e\x98\xe7\x21\x10\x83\x59"
"\x86\x1d\xeb\xb1\x00\xb3\x39\x1f\x60\x60\xd8\x80\x10\xf5\x21\x18"
"\x00\x9f\x84\x76\x1e\x06\x0a\x52\xb8\x44\xcc\x87\xbb\x40\xe1\x0b"
"\xc6\x7c\xc0\x0b\x04\xbe\x80\xcc\x87\xbb\x40\xe0\x61\x03\x82\xd4"
"\x87\x60\x00\x32\x48\x70\x48\xc0\x19\x88\xc0\x00\xcf\x87\x1b\xc0"
"\x00\xda\x00\x75\x44\x04\x0c\x37\x8c\xf4\x10\x88\xc1\x2c\x03\x8f"
"\xf5\x58\x80\x69\xd0\xe2\x03\x0c\x0c\x1b\x10\xb2\x3e\x04\x03\xe0"
"\x93\xd0\xcf\xc3\x40\x41\x0a\xb7\xc8\xf9\x70\x17\x30\x7c\xc1\x9c"
"\x0f\x78\x81\xc0\x17\xd0\xf9\x70\x17\x08\x3c\x6c\x40\xd0\xfa\x10"
"\x0c\x40\x06\x09\x0e\x09\x38\x03\x11\x18\xc4\xf9\x70\x03\x18\x40"
"\x1b\xa0\x8e\x88\x80\xe1\x86\x99\x1e\x02\x31\x98\x65\xf0\xb1\x1e"
"\x0b\x06\x4a\x04\x9f\x3e\x72\xcc\x14\x74\xcc\x0c\x76\xcc\xe0\xb1"
"\x81\x92\xc0\x1e\x72\xcc\x15\x74\x4c\x0e\x76\x4c\xe2\xb1\x81\x92"
"\xc0\x1e\x72\x0c\x1c\x74\x8c\x14\x76\x8c\x0c\x78\x6c\xd8\x80\x28"
"\xf7\xe1\xd6\x87\x01\xc8\x21\xc0\x2c\x81\x9a\x61\x1f\xa0\xfa\x00"
"\x03\xc3\x06\x84\xb9\x0f\xc1\x00\xf8\x24\xc4\xf4\x70\x50\x90\xc2"
"\x3d\xa6\x3e\xdc\x05\x10\x5f\x70\xea\x03\x5e\x20\xf0\x05\xa8\x3e"
"\xdc\x05\x02\x0f\x1b\x10\xe8\x3e\x04\x03\x90\x41\x82\x43\x02\xce"
"\x40\x04\x06\xa0\x3e\xdc\x00\x06\xd4\x06\x64\x10\x40\x1f\x11\x01"
"\xc3\x0d\x68\x3d\x04\x64\x70\x69\x3d\x08\x31\xdc\x10\xfc\xfa\x40"
"\x06\x37\x04\x3b\xcb\xf0\x63\x60\x16\x0c\x1b\x10\xfa\x3e\xb0\xfb"
"\x30\x00\xb3\x04\x6a\x36\xdc\xc0\xd6\x43\x21\x06\xb3\x0c\x62\x16"
"\x66\xc1\xb0\x01\xb1\xef\x43\xbb\x0f\x03\x30\x4b\x90\x66\x28\x0b"
"\xb6\x3e\xc0\xc0\xb0\x01\xb1\xef\x43\x30\x00\x3e\x09\x66\x3d\x1c"
"\x14\xa4\x70\xd0\xae\x0f\x77\x41\xc4\x17\xf0\xfa\x80\x17\x08\x7c"
"\x41\xaf\x0f\x77\x81\xc0\xc3\x06\x44\xbf\x0f\xc1\x00\x64\x90\xe0"
"\x90\x80\x33\x10\xa1\x8c\x88\x80\xe1\x06\xbd\x1e\x02\x31\x98\x65"
"\x20\xb3\x31\x0b\x86\x0d\x88\x94\x1f\xf6\x7d\x18\x80\x59\x82\x34"
"\x43\x70\x20\xf3\x01\x06\x86\x0d\x88\x94\x1f\x82\x01\xf0\x49\xa0"
"\xeb\x61\xa0\x20\x85\x4b\xd2\x7d\xb8\x0b\x14\xbe\x40\xdd\x07\xbc"
"\x40\xe0\x0b\xd6\x7d\xb8\x0b\x04\x1e\x36\x20\x56\x7e\x08\x06\x20"
"\x83\x04\x87\x04\x9c\x81\x08\x0c\xfe\x7d\xb8\x01\x0c\xa0\x0d\x50"
"\x47\x44\xc0\x70\x83\x6a\x0f\x81\x18\xcc\x32\x98\x59\x99\x05\xc3"
"\x06\x44\xce\x0f\x2b\x3f\x0c\xc0\x2c\x41\x9a\x21\x3c\xa0\xfc\x00"
"\x03\xc3\x06\x44\xce\x0f\xc1\x00\xf8\x24\x90\xf6\x30\x50\x90\xc2"
"\x2d\xf9\x3e\xdc\x05\x0c\x5f\xa0\xef\x03\x5e\x20\xf0\x05\xfb\x3e"
"\xdc\x05\x02\x0f\x1b\x10\x3b\x3f\x04\x03\x90\x41\x82\x43\x02\xce"
"\x40\x04\x06\xf8\x3e\xdc\x00\x06\xd0\x06\xa8\x23\x22\x60\xb8\x41"
"\xb7\x87\x40\x0c\x66\x19\xd0\xec\xcc\x82\x61\x03\x22\xed\x87\x9d"
"\x1f\x06\x60\x96\x20\xcd\x10\x24\x72\x7e\x80\x81\x61\x03\x22\xed"
"\x87\x60\x00\x7c\x12\x68\x7b\x18\x28\x48\xe1\x96\x94\x1f\xee\x02"
"\x86\x2f\x50\xf9\x01\x2f\x10\xf8\x82\x95\x1f\xee\x02\x81\x87\x0d"
"\x88\xb5\x1f\x82\x01\xc8\x20\xc1\x21\x01\xcf\x12\xa4\xd9\x40\x8b"
"\xc0\x9d\x19\x87\x66\x7c\x50\x66\xa2\x7e\x84\x19\x2f\x8c\xd9\x40"
"\x4b\x80\x06\x67\x86\xa0\x19\x2a\x94\x99\x4b\x84\x19\x39\x8c\xd9"
"\x40\x4b\xa0\x07\x67\xa6\xa1\x99\x2e\x94\x19\x58\x84\x99\x3d\x8c"
"\xd9\x40\x4b\x20\xeb\xc7\x99\x99\xfa\x81\x66\xb2\x7e\x94\x99\xac"
"\x1f\x61\x26\xeb\xc7\x98\x0d\xb4\x24\xa0\x7e\x9c\x99\x82\x66\xa0"
"\x7e\x94\x19\xa8\x1f\x61\x06\xea\xc7\x98\x65\x20\x02\x03\x94\x1f"
"\x6e\x00\x83\x63\x03\x66\x09\xd4\x6c\xa0\x2b\xe0\x89\x1f\xc3\x11"
"\x1c\x33\x97\x19\x33\xa9\x16\x33\xa9\x14\x03\x23\x10\x63\x21\x13"
"\x93\xa1\xff\x02\x23\xff\x72\xd2\x4c\x2e\x7a\x6c\xa0\x2b\x70\x8b"
"\x1f\xc3\x11\x1c\x33\x97\x19\xc3\xa9\x16\xc3\xa9\x14\x03\x23\x10"
"\x63\x21\x13\x93\xa1\xff\x02\x23\xff\x72\xd2\x4c\x2e\x7a\x6c\xa0"
"\x2b\x00\xf7\xe3\xc7\xc0\xfd\xc0\x31\x76\x99\x31\x70\x3f\x5a\x0c"
"\xdc\x8f\x14\x03\x23\x10\x03\xf7\xc3\xc4\xc0\xfd\xf8\x2f\x30\xf2"
"\x2f\x27\xcd\xc0\xfd\xe8\xb1\x81\xae\xc0\x26\x7e\xcc\xd6\x0f\x1c"
"\xb3\xf5\x63\xc6\x6c\xfd\x68\x31\x5b\x3f\x52\xcc\xd6\x0f\x10\xb3"
"\xf5\xc3\xc4\x6c\xfd\xf8\x2f\x5b\x3f\xfc\xcb\x26\xd2\x8c\x2e\x7a"
"\x6c\xa0\x4b\xd0\x89\x1f\xd3\xf5\x03\xc7\x74\xfd\x98\x31\x5d\x3f"
"\x5a\x4c\xd7\x8f\x14\xd3\xf5\x03\xc4\x74\xfd\x30\x31\x5d\x3f\xfe"
"\x4b\xd7\x0f\xff\xd2\x89\x34\xe3\x8b\x1e\x1b\xe8\x12\xdc\xe4\xc7"
"\x7c\x04\xc7\xc4\x65\xc6\x78\xfd\x68\x31\x5e\x3f\x52\x8c\xd7\x0f"
"\x10\xe3\xf5\xc3\xc4\x78\xfd\xf8\x2f\x5e\x3f\xfc\xcb\x4d\xd2\xcc"
"\x4d\x7a\x6c\xa0\x4b\xf0\xf5\xe3\xc7\x7c\xfd\xc0\x31\x5f\x3f\x66"
"\xcc\xd7\x8f\x16\xf3\xf5\x23\xc5\x7c\xfd\x00\x31\x5f\x3f\x4c\xcc"
"\xd7\x8f\xff\xf2\xf5\xc3\xbf\x9c\x34\xf3\xf5\xa3\xc7\x32\x08\x40"
"\xa5\x3f\x84\x31\xdc\x10\xd4\xfd\x20\x06\xc3\x0d\x88\xdc\x0f\x60"
"\x30\xcb\xb0\x66\x6d\x26\xcc\x32\xb0\x99\xc9\x05\xc3\x06\xc4\xe9"
"\x0f\x69\x3f\x0c\xc0\x2c\x81\xc9\xcd\x32\xb8\x99\xc9\x05\xc3\x0d"
"\xca\xdc\x0f\x68\x30\xcb\x10\x67\x6f\x16\x28\x21\x22\x40\x19\x11"
"\x01\xc3\x0d\xfc\x3d\x04\x64\x70\xfd\x3d\x08\x31\xdc\x10\x10\x64"
"\x30\xdd\x80\xf7\x43\x30\xcc\x32\xc4\x19\x9c\x05\xc3\x0d\x8a\xde"
"\x0f\x60\x30\xcb\x90\x67\x72\x16\x0c\x1b\x10\xaf\x3f\x84\xfe\x30"
"\x00\xb3\x04\x26\x37\x50\x11\xb4\x81\x9d\xd9\xfb\x01\x67\x03\x15"
"\xc2\x1f\xd8\x99\xbe\x1f\x70\x36\x50\x21\xec\x81\x9d\xf1\xfb\x01"
"\x67\x03\x15\x41\x1b\xd8\x19\xbf\x1f\x70\x36\x50\x11\xa4\x81\x9d"
"\xb1\x01\x9c\x0d\x54\x04\x65\x60\x67\x70\x00\x67\xc3\x0d\x43\xe8"
"\x0f\x60\x30\xcb\x30\x67\x76\x16\x0c\x37\x0c\x75\x3f\x98\x81\x12"
"\x22\x02\x86\x1b\x54\x7c\x08\xc4\x60\xba\x21\xb8\xfb\x61\x98\x65"
"\xa8\x33\x3a\x0b\x86\x0d\x08\xdd\x1f\x58\x7f\x18\x80\x59\x02\x3b"
"\xc3\x83\xf5\x07\x18\x18\x36\x20\x74\x7f\x08\x06\xc0\x27\xa1\xc4"
"\x07\x82\x82\x14\x2e\xd1\xfb\xe1\x2e\x50\xf8\x82\xbd\x1f\xf0\x02"
"\x81\x2f\xe0\xfb\xe1\x2e\x10\x78\xd8\x80\xe0\xfd\x21\x18\x80\x0c"
"\x12\x1c\x12\xf0\x2c\x81\x9d\x0d\x74\x04\x6e\x7f\xd0\x19\x1b\xd4"
"\x19\x1b\xc8\xd9\x40\x47\x40\x06\x74\x86\xd4\x19\x19\xc8\xd9\x40"
"\x47\x80\x06\x74\xa6\xd5\x19\x1a\xc8\xd9\x40\x47\x40\xf7\x07\x9d"
"\xa1\xfd\x51\x67\x6c\x20\x67\x03\x1d\x89\xd8\x1f\x74\xa6\xd4\x99"
"\xd8\x1f\x72\x96\x81\x88\xdb\x5e\x7f\xb8\x0b\xcc\x7e\xd0\x1b\x82"
"\xbb\xa0\x5b\xfc\x6a\x7f\x80\x81\xe1\x86\x00\x0d\xc0\x60\x96\xe1"
"\xce\xe4\x2c\x18\x6e\x60\x7a\x7f\x00\x83\x59\x06\x3c\x33\xb9\xe0"
"\xde\xc0\xdf\x07\x18\x6e\x08\xfc\x7d\x20\x83\xe1\x06\x38\x20\xff"
"\x21\x0c\x4e\x08\x76\x96\x21\xcf\xf4\x2c\x18\x36\x20\xec\x7f\xc0"
"\xfd\x61\x00\x66\x09\x4c\xee\xe8\x00\xe4\x07\xc5\x20\xfc\x07\x18"
"\x18\x6e\x88\xc8\x7f\x40\x83\x59\x06\x3e\xdb\xb3\x40\x25\x11\x01"
"\xc3\x0d\x6c\x3e\x04\x64\x30\xcb\xc0\x67\x7d\x16\x0c\x1b\x10\xfb"
"\x3f\xb4\xff\x30\x00\xb3\x04\x26\x77\x6d\x3e\x08\x71\x7c\x60\xf2"
"\x83\x9e\x60\xcc\x70\x83\x10\x88\xc1\x2c\x03\xa8\xf9\x59\x30\xdc"
"\x00\x0a\xeb\x3f\x80\xc1\x2c\x83\xc8\xfd\x59\x70\x7e\xa0\xf2\x83"
"\xce\x12\x84\xda\xb0\x01\x11\x82\xc4\xfc\x0f\x03\x30\x4b\x60\x72"
"\x03\x15\x81\xee\x1f\x7f\xf6\x1a\x20\x37\x50\x11\xf0\xfe\xf1\x67"
"\xa7\x01\x72\x03\x15\x01\x1e\xfc\xd9\x68\x80\xdc\x40\x45\xc0\x07"
"\x7f\xf6\x17\x20\x37\xdc\x30\xc4\xff\x00\x06\xb3\x0c\xa2\x26\x6b"
"\xc1\x70\xc3\x20\xff\x03\x1a\xcc\x32\xc4\xda\xa8\x05\x4a\x88\x08"
"\x18\x6e\xd0\xf3\x21\x20\x83\xdb\xf3\x41\x88\xe1\x86\x80\x22\x83"
"\xe9\x06\xfb\x1f\x82\x61\x96\x21\xd6\x48\x2d\x18\xa8\x10\x52\x01"
"\xd5\xe4\xff\x18\xb5\x81\x8a\xe0\x0d\x50\x4d\x1a\xb5\x81\x8a\xe0"
"\x0d\x50\xcd\x1a\xb5\x81\x8a\xe0\x0d\x50\xcd\xfe\x8f\x51\x1b\xa8"
"\x10\xfe\x00\xd5\xf4\xff\x18\xb5\x81\x8a\x20\x0e\x50\x4d\xff\x8f"
"\x51\x1b\xa8\x08\xda\x00\xd5\xbc\x51\x1b\xa8\x08\xd2\x00\xd5\xbc"
"\x51\x1b\x6e\x18\x40\x90\x00\x83\x59\x86\x52\x43\xb5\x60\xb8\x61"
"\xa0\xff\xc1\x0c\x94\x10\x11\x30\xdc\x90\xea\x43\x20\x06\xd3\x0d"
"\x81\xfd\x0f\xc3\x2c\xc3\xa9\x99\x5a\x30\x6c\x40\xe4\x20\xb1\x82"
"\xc4\x00\xcc\x12\xa0\x1a\x1e\x2b\x48\xc0\xc0\xb0\x01\x91\x83\x44"
"\x30\x00\x3e\x09\xa4\x3e\x10\x14\xa4\x70\x49\xfe\x0f\x77\x81\xc2"
"\x17\xe8\xff\x80\x17\x08\x7c\xc1\xfe\x0f\x77\x81\xc0\xc3\x06\xc4"
"\x0e\x12\xc1\x00\x64\x90\xe0\x90\x80\x67\x09\x50\x6d\xa0\x23\x70"
"\x03\x53\x33\x4e\xcd\x0d\x48\x6d\xa0\x23\x70\x03\x53\xc3\x4e\xcd"
"\x0d\x48\x6d\xa0\x23\x80\x43\xc4\xd4\xdc\xe0\xd4\xdc\x80\xd4\x06"
"\x3a\x02\x34\x30\x35\xe6\xd4\xd0\x80\xd4\x06\x3a\x02\x36\x30\x35"
"\xef\xd4\xd8\x80\xd4\x06\x3a\x02\x3b\x44\x4c\x4d\x0d\x91\x53\x83"
"\x03\x52\x1b\xe8\x48\xc8\x10\x31\x35\xe7\xd4\xc8\x10\x21\xb5\x0c"
"\x44\x1c\x18\xc0\x20\x71\x17\x9c\xff\xa0\x37\x04\x77\xc1\xb7\x48"
"\x06\x36\x48\xc0\xc0\x70\x43\x10\x07\x60\x30\xcb\x90\x6a\xa4\x16"
"\x0c\x37\x30\x3e\x48\x80\xc1\x2c\x83\xaa\xc9\x5a\x30\xdc\xe0\xfc"
"\x20\x81\x06\xb3\x0c\xb1\xb6\x6a\x81\x3e\x22\x02\x86\x1b\xce\x7d"
"\x08\xc8\xe0\xd0\x7d\x10\x62\xb8\x21\x78\x07\x32\x98\x6e\x18\x43"
"\x22\x18\x66\x19\x62\x8d\xd5\x82\x81\x0a\x21\x15\x60\x8d\x15\x91"
"\x55\x1b\xa8\x08\xde\x00\xd6\xd8\x60\xd5\x06\x2a\x82\x37\x80\x35"
"\x36\x58\xb5\x81\x8a\xe0\x0d\x60\x0d\x16\x91\x55\x1b\xa8\x10\xfe"
"\x00\xd6\x68\x11\x59\xb5\x81\x8a\x20\x0e\x60\x8d\x16\x91\x55\x1b"
"\xa8\x08\xda\x00\xd6\xe8\x60\xd5\x06\x2a\x82\x34\x80\x35\x3c\x58"
"\xb5\xe1\x86\xa1\x0d\x09\x30\x98\x65\x68\x35\x58\x0b\x86\x1b\x86"
"\x30\x24\xcc\x40\x09\x11\x01\xc3\x0d\xf6\x3e\x04\x62\x30\xdd\x10"
"\x8c\x21\x31\xcc\x32\xbc\x9a\xab\x05\xc3\x06\x84\x29\x12\x78\x48"
"\x0c\xc0\x2c\x01\xac\xe1\x81\x87\x04\x0c\x0c\x1b\x10\xa6\x48\x04"
"\x03\xe0\x93\x10\xef\x03\x41\x41\x0a\x97\x98\x21\x71\x17\x28\x7c"
"\xc1\x19\x12\x78\x81\xc0\x17\xa0\x21\x71\x17\x08\x3c\x6c\x40\xa0"
"\x22\x11\x0c\x40\x06\x09\x0e\x09\x78\x96\x00\xd6\x06\x3a\x02\x37"
"\x70\x35\xe3\xd5\xdc\x80\xd5\x06\x3a\x02\x37\x70\x35\xec\xd5\xdc"
"\x80\xd5\x06\x3a\x02\x95\x44\x5c\xcd\x0d\x5e\xcd\x0d\x58\x6d\xa0"
"\x23\x40\x03\x57\x63\x5e\x0d\x0d\x58\x6d\xa0\x23\x60\x03\x57\xf3"
"\x5e\x8d\x0d\x58\x6d\xa0\x23\x80\x49\xc4\xd5\x48\x12\x79\x35\x38"
"\x60\xb5\x81\x8e\xc4\x1f\x11\x57\x73\x5e\xcd\x1f\x11\x56\xcb\x40"
"\xc4\x81\x41\x1f\x12\x77\x01\x0d\x12\x7a\x43\x70\x17\x7c\x8b\x64"
"\x30\x8a\x04\x0c\x0c\x37\x04\x36\x01\x06\xb3\x0c\xb2\xc6\x6a\xc1"
"\x40\x89\x80\x93\xc8\xa8\xe1\x24\x22\x6a\xe0\xb0\x6a\xe0\xa0\x6a"
"\x03\x25\x01\x5e\x8c\x1a\x5e\x88\x1a\x3e\xac\x1a\x3e\xa8\xda\x40"
"\x49\xc0\x17\xa3\xc6\x17\xa2\x86\x0f\xab\x86\x0f\xaa\x36\x6c\x40"
"\x88\x23\x41\x8b\xc4\x00\xcc\x12\xc8\xda\x40\x89\x60\x0e\xa9\xe6"
"\x93\x48\xa8\x19\xb1\x66\x0e\xb0\x36\x50\x12\xf8\x43\xaa\xf9\x45"
"\xa8\x19\xb1\x46\x06\xb0\x36\x50\x12\xf8\x43\xaa\x89\x46\xa8\x19"
"\xb1\x46\x06\xb0\x36\x50\x12\xf8\x43\xaa\x99\x46\xa8\xb9\x25\x12"
"\x6b\x64\x00\x6b\x03\x25\x82\x59\x22\xa9\x66\x96\x48\xa8\x99\x25"
"\x12\x6b\x14\xac\x0d\x37\x98\x45\x01\x06\x77\x0e\xba\x48\xc0\x2c"
"\xc3\xac\x81\x9c\x30\xdc\x10\xa8\x05\x19\xcc\x32\xd0\x9a\xc8\x05"
"\x03\x15\xc1\xaa\xfc\x1b\x31\x6b\x03\x15\xc1\xa9\xfc\x1b\x33\x6b"
"\x03\x15\xc1\xa8\xfc\x1b\x34\x6b\x03\x15\xc1\x9f\xfc\x1b\x35\x6b"
"\xc3\x0d\x83\x2e\x12\x60\x30\xcb\x50\x6b\xff\x16\x0c\x37\x0c\xbb"
"\x48\xa0\xc1\x2c\x83\xbf\xd9\x5a\xa0\x84\x88\x80\xe1\x86\xb1\x1f"
"\x02\x32\x38\xb2\x1f\x84\x18\x6e\x08\xfa\x81\x0c\xa6\x1b\x7e\x91"
"\x08\x86\x59\x06\x7f\xbb\xb5\x60\xa0\x22\x38\x83\x5d\x83\x6c\x6d"
"\xa0\x22\x38\x83\x5d\xa3\x6c\x6d\xa0\x22\x38\x83\x5d\x33\x4d\xc4"
"\xd6\x06\x2a\x82\x36\xd8\x35\xd4\x44\x6c\x6d\xa0\x22\x48\x83\x5d"
"\x53\x4d\xc4\xd6\x06\x2a\x82\x32\xd8\x35\xce\xd6\x06\x2a\x82\x30"
"\xd8\x35\xce\xd6\x86\x1b\x06\x74\x24\xc0\x60\x96\x01\xd7\x76\x2d"
"\x18\x6e\x18\x78\x91\x30\x03\x25\x44\x04\x0c\x37\xc4\xfd\x10\x88"
"\xc1\x74\x43\xe0\x8b\xc4\x30\xcb\xa0\x6b\xb9\x16\x0c\x1b\x10\x21"
"\x49\xcc\x23\x31\x00\xb3\x04\xbb\x86\xc7\x3c\x12\x30\x30\x6c\x40"
"\x84\x24\x11\x0c\xc0\x1d\xbf\x48\xdc\x05\x08\x5f\x00\x8e\x04\x5e"
"\x20\xf0\x05\xe1\x48\xdc\x05\x02\x0f\x1b\x10\x21\x49\x04\x03\x30"
"\x4b\xb0\x6b\x03\x1d\x81\x19\xdc\x9a\x19\xe4\x9a\xa0\x6b\x03\x1d"
"\x81\x19\xdc\x9a\x19\xe4\x1a\xa4\x6b\x03\x1d\x81\x19\xdc\x1a\x7e"
"\x22\xb9\x66\x06\xba\x36\xd0\x11\x80\xc1\xad\x81\x41\xae\x21\xba"
"\x36\xd0\x11\x90\xc1\xad\x91\x41\xae\x59\xba\x36\xd0\x11\xa0\xc1"
"\xad\xf9\x27\x92\x6b\xf2\x89\xe8\x1a\x5a\x20\x49\xc0\xc0\x70\x43"
"\xc0\x1a\x60\x30\xcb\xc0\x6b\xb7\x16\x0c\x37\x18\xfc\x48\x80\xc1"
"\x2c\x43\xaf\xfd\x5b\x30\xdc\x80\xf4\x23\x81\x06\xb3\x0c\xfe\xe6"
"\x6b\x81\x26\x22\x02\x86\x1b\x4a\x7f\x08\xc8\xe0\x4c\x7f\x10\x62"
"\xb8\x21\x68\x0d\x32\x98\x6e\x08\x49\x22\x18\x66\x19\xfc\xed\xd7"
"\x02\x75\x44\x04\x0c\x37\xa8\xfe\x10\x88\xc1\x2c\x43\xb8\x81\x5b"
"\x30\x6c\x40\xe4\x24\xb1\x92\xc4\x00\xcc\x12\x88\x1b\x42\x2b\x49"
"\xc0\xc0\xb0\x01\x91\x93\x44\x30\x00\x27\xdd\x23\x71\x17\x4c\x7c"
"\x01\x3e\x12\x78\x81\xc0\x17\xe4\x23\x71\x17\x08\x3c\x6c\x40\xe4"
"\x24\x11\x0c\xc0\x2c\x81\xb8\x0d\x54\x04\x70\x00\x6e\x42\xb8\x0d"
"\x54\x04\x70\x00\x6e\x50\xb8\x0d\x54\x2c\x20\x8a\x80\x9b\x8e\x22"
"\xe1\x36\x50\x11\xa8\x29\x02\x6e\x3e\x8a\x84\xdb\x2c\xc3\xb8\x99"
"\x9b\x30\xdc\x30\x8c\x24\x61\x06\x4a\x88\x08\x18\x6e\xc0\xfd\x21"
"\x10\x83\xe9\x86\xa0\x24\x89\x61\x96\xa1\xdc\xc8\x2d\x18\x36\x20"
"\xd0\x92\xd0\x49\x62\x00\x66\x09\xcc\x0d\x0f\x9d\x24\x60\x60\xd8"
"\x80\x40\x4b\x22\x18\x80\x4b\x4c\x92\xb8\x0b\x14\xbe\xe0\x24\x09"
"\xbc\x40\xe0\x0b\x50\x92\xb8\x0b\x04\x1e\x36\x20\xd0\x92\x08\x06"
"\x60\x96\xc0\xdc\x06\x3a\x02\x4c\xdc\x44\x15\x21\x37\xac\xdc\x06"
"\x3a\x02\x30\x10\x37\x30\x20\x37\xa2\xdc\x06\x3a\x02\x30\x10\x37"
"\x30\x20\x37\xa9\xdc\x06\x3a\x02\x4f\xdc\x50\x15\x21\x37\x3e\x45"
"\xca\x6d\xb8\x21\xf8\x49\x02\x0c\x66\x19\xce\x4d\xdd\x82\xe1\x86"
"\x61\x26\x09\x33\x50\x42\x44\xc0\x70\x03\xfa\x0f\x81\x18\x4c\x37"
"\x04\x35\x49\x0c\xb3\x0c\xe9\x86\x6e\xc1\xb0\x01\x81\x97\x84\x5a"
"\x12\x03\x30\x4b\xa0\x6e\x78\xa8\x25\x01\x03\xc3\x06\x04\x5e\x12"
"\xc1\x00\x5c\x62\x93\xc4\x5d\xa0\xf0\x05\x37\x49\xe0\x05\x02\x5f"
"\x80\x93\xc4\x5d\x20\xf0\xb0\x01\x81\x97\x44\x30\x00\xb3\x04\xea"
"\x36\xd0\x11\x80\x81\xb9\x89\x2b\x82\x6e\x60\x90\x6e\x03\x1d\x01"
"\x18\x98\x1b\x18\xa0\x1b\x91\x6e\x03\x1d\x01\x18\x98\x1b\x18\xa0"
"\x9b\x94\x6e\x03\x1d\x0b\xa8\x22\xe6\x06\xaa\x08\xba\xe9\x2a\x92"
"\x6e\xb3\x0c\xeb\xe6\x6e\xc1\x70\x83\x20\x96\x84\x19\xe8\x20\x22"
"\x60\xb8\xe1\xfe\x87\x40\x0c\xa6\x1b\x02\xb2\x24\x86\x59\x86\x76"
"\x63\xb7\x60\xd8\x80\x38\x4d\x22\x2f\x89\x01\x98\x25\x70\x37\x34"
"\xf2\x92\x80\x81\x61\x03\xe2\x34\x89\x60\x00\x0e\x29\x4b\xe2\x2e"
"\x48\xf8\x02\xb3\x24\xf0\x02\x81\x2f\x38\x4b\xe2\x2e\x10\x78\xd8"
"\x80\x38\x4d\x22\x18\x80\x59\x02\x77\x1b\xe8\x08\x3c\x75\x03\x59"
"\x84\xdd\xbc\x76\x1b\xe8\x08\x3c\x75\xf3\xd8\x8d\x68\xb7\x81\x8e"
"\xc0\x53\x37\x8f\xdd\xa4\x76\x1b\xe8\x58\x7c\x15\x51\x37\x5f\x45"
"\xd8\x0d\x5f\x91\x76\x9b\x65\x78\x37\x79\x0b\x86\x1b\x84\xb8\x24"
"\xcc\x40\x07\x11\x01\xc3\x0d\x26\x48\x04\x62\x30\xdd\x10\xcc\x25"
"\x31\xcc\x32\xc4\x1b\xbc\x05\xc3\x06\x84\x6d\x12\xa8\x49\x0c\xc0"
"\x2c\x81\xbc\xa1\x81\x9a\x04\x0c\x0c\x1b\x10\xb6\x49\x04\x03\x70"
"\x08\x5d\x12\x77\x41\xc2\x17\xd4\x25\x81\x17\x08\x7c\x81\x5d\x12"
"\x77\x81\xc0\xc3\x06\x84\x6d\x12\xc1\x00\xcc\x12\xc8\xdb\x40\x47"
"\xe0\xb9\x9b\xcf\x22\xf0\xe6\xc5\xdb\x40\x47\xe0\xb9\x9b\x07\x6f"
"\x44\xbc\x0d\x74\x04\x9e\xbb\x79\xf0\x26\xc5\xdb\x40\xc7\xc2\xaf"
"\x88\xbb\xf1\x2b\x02\x6f\x36\x8b\xc4\xdb\x2c\xc3\xbc\xd9\x5b\x30"
"\xdc\x20\x80\x26\x61\x06\x3a\x88\x08\x18\x6e\xa8\x41\x22\x10\x83"
"\xe9\x86\x40\x34\x89\x61\x96\xa1\xde\xe8\x2d\x18\x36\x20\xca\x93"
"\xb8\x4d\x62\x00\x66\x09\xec\x0d\x8d\xdb\x24\x60\x60\xd8\x80\x28"
"\x4f\x22\x18\x80\x43\x46\x93\xb8\x0b\x12\xbe\x80\x34\x09\xbc\x40"
"\xe0\x0b\x4a\x93\xb8\x0b\x04\x1e\x36\x20\xca\x93\x08\x06\x60\x96"
"\xc0\xde\x06\x3a\x02\x4f\xde\xf8\x16\xa1\x37\xaf\xde\x06\x3a\x02"
"\x4f\xde\x3c\x7a\x23\xea\x6d\xa0\x23\xf0\xe4\xcd\xa3\x37\xa9\xde"
"\x06\x3a\x16\x9d\x45\xe4\x4d\x67\x11\x7a\xa3\x5b\xa4\xde\x66\x19"
"\xee\x4d\xdf\x82\xe1\x06\xe1\x35\x09\x33\xd0\x41\x44\xc0\x70\x03"
"\x19\x12\x81\x18\x4c\x37\x04\xb1\x49\x0c\xb3\x0c\xf9\x86\x6f\xc1"
"\xb0\x01\x41\x9f\x84\x79\x12\x03\x30\x4b\xa0\x6f\x68\x98\x27\x01"
"\x03\xc3\x06\x04\x7d\x12\xc1\x00\x1c\x22\x9b\xc4\x5d\x90\xf0\x05"
"\xb3\x49\xe0\x05\x02\x5f\x40\x9b\xc4\x5d\x20\xf0\xb0\x01\x41\x9f"
"\x44\x30\x00\xb3\x04\xfa\x36\xd0\x11\x78\xf6\xa6\xbb\x08\xbe\x79"
"\xf9\x36\xd0\x11\x78\xf6\xe6\xe1\x1b\x91\x6f\x03\x1d\x81\x67\x6f"
"\x1e\xbe\x49\xf9\x36\xd0\xb1\xe0\x2d\x62\x6f\x78\x8b\xe0\x9b\xec"
"\x22\xf9\x36\xcb\xb0\x6f\xff\x16\x0c\x37\x08\xbe\x49\x98\x81\x0e"
"\x22\x02\x86\x1b\xe6\x90\x08\xc4\x60\xba\x21\x00\x4f\x62\x98\x65"
"\xe8\x37\x7e\x0b\x86\x0d\x88\x11\x25\xea\x93\x18\x80\x59\x82\x7f"
"\x43\xa3\x3e\x09\x18\x18\x36\x20\x46\x94\x08\x06\xe0\x90\xf0\x24"
"\xee\x82\x84\x2f\x10\x4f\x02\x2f\x10\xf8\x82\xf1\x24\xee\x02\x81"
"\x87\x0d\x88\x11\x25\x82\x01\x98\x25\xf8\xb7\x81\x92\x40\x4f\x6c"
"\x4d\x4f\x6a\x8d\x44\x7c\x8d\x44\x7a\x6d\xa0\x24\xf0\x13\x5b\xf3"
"\x93\x5a\x23\x11\x5f\x23\x91\x5e\x1b\x36\x20\x58\x94\xf0\x4f\x62"
"\x00\x66\x09\xfe\x6d\xa0\x26\x40\x11\x5e\xf3\x13\x5a\x23\xfc\x0d"
"\x0c\xf4\x0d\x0c\xf8\xcd\xe8\xb7\x81\x9a\x00\x45\x78\x4d\x54\x68"
"\x8d\xf0\x37\x30\xd0\x37\x30\xe0\x37\xaa\xdf\x06\x6a\x02\x14\xe1"
"\x35\x53\xa1\x35\x10\x46\xfc\xcd\x0c\xf4\x0d\x84\x11\x7e\x33\x83"
"\x7e\xc3\xb2\x08\x51\x02\x02\x86\x1b\x82\x58\x01\x83\x59\x86\x90"
"\xa3\xb5\x60\xb8\x21\x2d\x64\x05\x0c\x66\x19\x44\x2e\xd4\x02\x72"
"\x51\x42\x90\x59\x02\x91\x1b\x28\x11\x54\x12\xf1\x33\x95\x44\x66"
"\x4d\x08\x39\x95\x44\x40\x6e\xa0\x44\x60\x25\x3f\xe3\x95\x59\xe3"
"\x95\x90\x63\x25\x90\x1b\x6e\x10\x82\x32\x18\x6e\x10\xc6\x92\x10"
"\x83\x0b\x84\x9d\x65\x18\xb9\x92\x0b\x08\x47\x89\x30\x86\x1b\x82"
"\x12\x25\xc0\x60\x96\x81\xe4\x4c\x2e\x18\x36\x20\x74\x94\x60\x51"
"\x62\x00\x66\x09\x4c\x2e\x8d\x00\xc3\x06\x84\x8e\x12\xc1\x00\xcc"
"\x12\x98\x1c\xed\x28\x11\xc6\x70\x43\x80\xa2\x04\x18\xcc\x12\xd8"
"\xde\xb0\x01\xd1\xa3\x04\x7e\x12\x03\x30\x4b\x70\x7b\xc3\x0d\xae"
"\x48\xe4\x26\x61\x06\x7a\x8a\x84\x88\x80\xe1\x86\x58\x24\x02\x31"
"\x98\x6e\x08\xfc\x93\x18\x66\x19\x52\x6e\xe6\x02\x94\x45\x42\x46"
"\x09\x18\x18\x36\x20\xc2\x94\x08\x06\xc0\x27\x81\x15\x09\x82\x82"
"\x14\x8e\x14\x89\x10\x25\xee\x82\x52\x24\xf8\x02\x11\x25\xf0\x02"
"\x81\x2f\x18\x51\xe2\x2e\x10\x78\xd8\x80\x18\x53\x22\x18\x80\x0c"
"\x12\x1c\x12\xb0\x2e\x22\x02\x86\x1b\x7e\x91\x08\xc4\x60\x96\x41"
"\xe5\x66\x2e\xc0\x5f\x24\xd2\x93\x80\x81\x61\x03\xc2\x4d\x89\x60"
"\x00\x7c\x12\x72\x91\x18\x28\x48\xe1\x10\x17\x25\xee\x82\x84\x2f"
"\x78\x51\x02\x2f\x10\xf8\x02\x18\x25\xee\x02\x81\x87\x0d\x08\x38"
"\x25\x82\x01\xc8\x20\xc1\x70\x03\x12\x80\xc1\x2c\xc3\xca\xf9\x5c"
"\x40\x7a\x4a\x84\x31\xdc\x10\xa8\x29\x21\x06\xb3\x0c\x33\xc7\x72"
"\x81\x0a\x22\x02\xd4\x11\x11\x30\xdc\xf0\x8e\x44\x40\x06\x07\x8f"
"\x84\x10\xc3\x0d\x01\x41\x06\xd3\x0d\x6b\x4a\x04\xc3\x2c\xc3\xcc"
"\xb5\x5c\x30\xdc\x80\xb4\x29\x01\x06\xb3\x0c\x35\xe7\x72\xc1\x40"
"\x45\xd0\x06\x32\xc7\xcb\x48\xcb\x0d\x54\x08\x7f\x20\x73\xe0\x8c"
"\xb4\xdc\x40\x85\xb0\x07\x32\x27\xce\x48\xcb\x0d\x54\x04\x6d\x20"
"\x73\xe2\x8c\xb4\xdc\x40\x45\x90\x06\x32\x07\x07\x2d\x37\x50\x11"
"\x94\x81\xcc\x89\x41\xcb\x0d\x37\x0c\x74\x4a\x80\xc1\x2c\xc3\xcb"
"\xc9\x5c\x30\xdc\x30\xa0\x29\x61\x06\x4a\x88\x08\x18\x6e\xe8\x47"
"\x22\x10\x83\xe9\x86\x40\x4d\x89\x61\x96\x21\xe6\x60\x2e\x18\x36"
"\x20\x5a\x95\xf8\x53\x62\x00\x66\x09\x64\x0e\x8f\x3f\x25\x60\x60"
"\xd8\x80\x68\x55\x22\x18\x00\x9f\x04\x7c\x24\x08\x0a\x52\xb8\xa4"
"\x4d\x89\xbb\x40\xe1\x0b\xdc\x94\xc0\x0b\x04\xbe\xe0\x4d\x89\xbb"
"\x40\xe0\x61\x03\xe2\x55\x89\x60\x00\x32\x48\x70\x48\xc0\xb3\x04"
"\x32\x37\xd0\x11\xd0\x34\x02\x73\x6c\x10\x73\x6c\xe0\x72\x03\x1d"
"\x01\x19\xc0\x1c\x12\x73\x64\xe0\x72\x03\x1d\x01\x1a\xc0\x9c\x16"
"\x73\x68\xe0\x72\x03\x1d\x81\x4e\x23\x30\xe7\xd2\x48\xcc\xb1\x81"
"\xcb\x0d\x74\x24\x28\x8d\xc0\x9c\x12\x73\x28\x8d\xb8\x5c\x06\x22"
"\x6e\x13\x55\xe2\x2e\xc8\x51\x42\x6f\x08\xee\x82\x6e\xf1\x43\x55"
"\x02\x06\x86\x1b\x02\x34\x00\x83\x59\x06\x9a\x73\xb9\x60\xa0\x24"
"\x60\x6b\x24\xe5\xd8\x1a\x41\x39\x96\x46\x56\x8e\xad\x11\x96\x1b"
"\x28\x49\xe8\x21\xe5\x74\x1a\x41\x39\x7a\x58\x39\x7a\x60\xb9\x61"
"\x03\xc2\x5c\x09\x61\x00\x66\x09\x68\x6e\xa0\x22\x11\x66\xce\x1e"
"\x64\x6e\xa0\x22\x30\x66\xce\x93\xb9\x81\x0a\x41\xad\x91\x99\x73"
"\x64\x6e\xb8\x61\x30\x53\x42\x0c\x86\x1b\x06\x5b\x25\xc0\x60\x96"
"\xc1\xe6\x6e\x4e\x18\x6e\x00\x05\x34\x25\xc4\x60\x96\xe1\xec\x70"
"\x2e\x98\x65\x38\x3b\xb5\x13\x66\x19\x70\x4e\xed\x84\x81\x8a\x84"
"\xb9\x39\x91\xa8\xb9\x81\x0a\x41\xb9\x39\xba\x46\x6a\x8e\xd6\x95"
"\x10\x64\xb8\x21\xe0\x55\x02\x0c\x66\x19\xce\x2e\xe7\x02\x5a\x57"
"\x42\x10\x2d\x44\x04\x0c\x37\x14\x82\x18\xdc\x60\xc4\x70\x43\x30"
"\x90\xc1\x74\x03\xb8\x12\xc1\x30\xcb\x70\x76\x3a\x17\x0c\x37\x28"
"\xbe\x4a\x80\xc1\x2c\x83\xda\xed\x5c\x90\x09\x50\x97\x84\x60\xd1"
"\x46\x44\xc0\x05\xbe\x4a\xe8\x70\xc3\x03\xaa\x04\x19\xcc\x32\xa0"
"\x1d\xcf\x05\x37\xbc\x29\xa1\xb3\x04\x3d\x37\x50\x21\xd0\x36\xc2"
"\x73\x7d\xd0\x73\x03\x15\x82\x6d\x23\x3c\x97\x07\x3d\x37\x50\x21"
"\xe0\x36\xc2\x73\x7b\xd0\x73\x2e\x09\xc8\x40\x41\x0a\x19\x88\x40"
"\xe3\x5c\x89\x13\x38\x21\xb8\x0b\x8e\xc5\x84\x5d\x89\x0d\x70\x49"
"\x78\x02\x0a\x52\xc8\x40\x04\x12\xee\x4a\x9c\xc0\x09\xc1\x5d\x70"
"\x2c\x42\xf2\x4a\x6c\x80\x4b\x82\x15\x50\x90\x42\x06\x22\x90\xa8"
"\x57\xe2\x04\x4e\x08\xee\x82\x63\xf1\xc2\x57\x62\x03\x5c\x12\xba"
"\x80\x82\x14\x32\x10\x81\x04\xbf\x12\x27\x70\x42\x70\x17\x1c\x8b"
"\x9e\xc8\x12\x30\x70\xdd\xc8\x12\x30\xdc\x10\x84\x01\x18\xcc\x32"
"\xa0\x5d\xcf\x05\xc3\x0d\xf3\xb0\xab\x84\x18\xcc\x32\x9c\xdd\xcf"
"\x05\x4a\x0f\x22\x02\x54\x1e\x44\x04\x0c\x37\xcc\x26\x11\x90\xc1"
"\xd1\x26\x21\xc4\x70\x43\x40\x90\xc1\x74\xc3\xcb\x12\xc1\x30\xcb"
"\x70\x76\x60\x17\x0c\x37\xe8\x43\xcb\x12\x60\x30\xcb\xa0\x76\x61"
"\x17\xe8\x3e\x88\x08\x98\x25\x10\xbb\x81\x8a\xc0\xcc\x91\xb0\x6b"
"\x03\xb3\x1b\xa8\x10\xd4\x1c\x09\xbb\x3e\x30\xbb\x81\x0a\x81\xcd"
"\x91\xb0\xcb\x03\xb3\x1b\xa8\x08\xd8\x1c\x09\xbb\x36\x30\xbb\x81"
"\x8a\x40\x3f\xc2\x2e\x0d\xcc\x6e\xa0\x22\x60\x8f\xb0\x2b\x03\xb3"
"\x1b\x6e\x18\x72\x96\x00\x83\x59\x86\xb1\x33\xbb\x60\xb8\x61\x68"
"\x59\xc2\x0c\x94\x10\x11\x30\xdc\x20\x9e\x44\x20\x06\xd3\x0d\xc1"
"\xcb\x12\xc3\x2c\x43\xd9\x91\x5d\x30\x6c\x40\xc8\x2d\x41\xb6\xc4"
"\x00\xcc\x12\x98\x1d\x1e\x64\x4b\xc0\xc0\xb0\x01\x21\xb7\x44\x30"
"\x00\x3e\x09\xbd\x49\x10\x14\xa4\x70\x89\xcc\x12\x77\x81\xc2\x17"
"\xcc\x2c\x81\x17\x08\x7c\x01\xcd\x12\x77\x81\xc0\xc3\x06\x04\xdd"
"\x12\xc1\x00\x64\x90\xe0\x90\x80\x67\x09\xcc\x6e\xa0\x23\xf0\x75"
"\x84\xec\xd8\xa0\xec\xd8\x40\xec\x06\x3a\x02\x32\x20\x3b\xa4\xec"
"\xc8\x40\xec\x06\x3a\x02\x34\x20\x3b\xad\xec\xd0\x40\xec\x06\x3a"
"\x02\x72\x47\xc8\x0e\xd7\x91\xb2\x63\x03\xb1\x1b\xe8\x48\x64\x1d"
"\x21\x3b\xa5\xec\x64\x1d\x11\xbb\x0c\x44\xe0\x76\xb6\xc4\x09\x9c"
"\x10\xdc\x05\xdc\xa2\xc7\xb6\x04\x0c\x0c\x37\x04\x61\x00\x06\xb3"
"\x0c\x6a\x27\x76\xc1\x40\x4d\x40\xeb\x48\xcd\xd1\x3a\x62\x73\xf2"
"\x8e\xe4\x9c\xbc\x23\x38\x47\xeb\x88\xcf\xd1\x3b\xf2\x73\x03\x35"
"\x89\xb8\x23\x35\x27\xee\x88\xcd\x89\x3b\x92\x73\xe2\x8e\xe0\x1c"
"\xb9\x23\x3e\x47\xee\xc8\xcf\x0d\xd4\x24\x7e\x52\x73\xa8\x61\x73"
"\x7c\x91\x73\x7c\x81\x73\x7e\xe2\x73\x7e\xf2\x73\xc3\x06\xc4\xea"
"\x12\xc3\x00\xcc\x12\xa8\xdd\x40\x85\x40\xdf\xc8\xce\x89\x43\xcf"
"\x0d\x54\x08\xf2\x8e\xec\x9c\x38\xf4\xdc\x40\x85\x40\xef\xc8\xce"
"\x99\x43\xcf\x0d\x37\xd0\xc2\xde\x12\x60\x30\xcb\xa0\x76\x69\x17"
"\x0c\x54\x08\x53\xda\x19\x68\x37\x50\x21\x3c\x69\x67\xa0\xdd\x40"
"\x85\x10\xa5\x1d\xbf\x23\x68\xe7\x92\xa0\x0b\x03\x05\x29\x64\x20"
"\x02\x8d\xbc\x25\x4e\xe0\x84\xe0\x2e\x38\x16\x13\xbf\x25\x60\xe0"
"\x90\xbf\x25\x60\xb8\x21\x00\x07\x30\x98\x65\x50\xbb\xb4\x0b\x06"
"\x8a\x02\xf4\xb0\x39\xf4\xb8\x39\x97\x47\x74\xce\xe5\x11\xb0\x33"
"\x83\xb3\x73\x79\x24\xed\x5c\x1e\x41\x3b\x3e\x30\xbb\x81\xa2\x04"
"\xe5\x11\x9b\x43\x79\xe4\xe6\x50\x1e\xd1\x39\x95\x47\xc0\xce\x0c"
"\xce\x0e\xe5\x91\xb4\x43\x79\x04\xed\x54\x1e\x31\xbb\x81\xa2\xc4"
"\x3d\x6c\xce\x3d\x6e\x4e\xe5\x11\x9d\x53\x79\x04\xec\xcc\xe0\xec"
"\xc4\x23\xed\xc4\x03\xed\xc8\xc5\xec\x06\x8a\x04\x9b\x47\x6c\xce"
"\xe6\x91\x9b\xb3\x79\x44\xe7\x6c\x1e\x01\x3b\x9b\x47\xce\xce\x0c"
"\xd0\xce\x49\x3b\x39\x30\xbb\x13\x86\x1d\x6e\x08\x50\x97\x00\x83"
"\x59\x06\xbd\x5b\xbb\x60\xb8\x81\xf0\x59\x42\x0c\x86\x1b\x0e\xd7"
"\x25\xc0\x60\x96\x81\xed\xda\x4e\x98\x65\xf8\x3b\xd0\x0b\x66\x19"
"\xdc\x0e\xf4\x02\x02\x5f\x42\x90\xe1\x86\x20\x76\x09\x30\x98\x65"
"\xf8\xbb\xb7\x0b\x08\x7c\x09\x41\x34\x11\x11\x30\xdc\x20\x04\x64"
"\x30\xcb\xf0\x77\x70\x17\x0c\x37\x2c\xb0\x4b\x80\xc1\x2c\xc3\xde"
"\xc5\x5d\x90\x4b\x02\x3a\x5f\x42\x90\x0c\x80\x0e\x1b\x10\xc1\x10"
"\x00\xc3\x0d\x4f\xed\x12\x60\x30\xcb\x90\x77\x72\x17\xdc\x73\xbb"
"\x04\x66\x90\x80\xd8\x97\x10\x24\x03\xa0\x2e\x09\xc1\xed\x12\xc3"
"\x06\x44\x40\x04\xc0\x70\x43\x95\xb7\x04\x18\xcc\x32\xe4\xdd\xdc"
"\x05\x57\x99\x2e\x81\x19\x24\x20\xf9\x25\x04\xc9\x00\xa8\x4b\x42"
"\xc0\xbb\xc4\xb0\x01\x11\x10\x01\x30\xdc\xb0\xf9\x2d\x01\x06\xb3"
"\x0c\x79\x47\x77\xc1\x6d\xa7\x4b\x60\x06\x09\x08\x7f\x09\x41\x32"
"\x00\xea\x92\x10\x84\x2f\x31\x6c\x40\x04\x44\x00\x0c\x37\x84\xc1"
"\xe8\x12\x60\x30\xcb\x90\x77\x75\x17\x5c\x18\xc0\x2e\x81\x19\x24"
"\x20\xff\x25\x04\xc9\x00\xa8\x4b\x42\xa0\xbe\xc4\xb0\x01\x11\x10"
"\x01\x30\xdc\x70\x06\xa8\x4b\x80\xc1\x2c\x43\xde\xd9\x5d\x70\x67"
"\xe0\xb7\x04\x66\x90\x80\x48\x98\x10\x24\x03\xa0\x2e\x09\x41\xe8"
"\x12\xc3\x06\x44\x40\x04\xc0\x70\x43\x1b\xb4\x2e\x01\x06\xb3\x0c"
"\x79\x77\x77\xc1\xb5\x81\xe8\x12\x98\x41\x02\x52\x61\x42\x90\x0c"
"\x80\xba\x24\x04\xa5\x4b\x0c\x1b\x10\x01\x11\x00\xc3\x0d\x73\x20"
"\xbb\x04\x18\xcc\x32\xe4\x1d\xde\x05\x37\x07\xa6\x4b\x60\x06\x09"
"\x08\x86\x09\x41\x32\x00\xea\x92\x10\xa4\x2e\x31\x6c\x40\x04\x44"
"\x00\xcc\x12\xe4\x1d\xd9\x30\x11\xc6\x2c\x81\xde\x0d\x54\x04\x42"
"\xde\xe1\x83\xda\x0d\x37\x04\x24\x4c\x80\xc1\x2c\xc3\xde\x81\x5e"
"\x90\x7c\x20\x82\x6a\x98\x10\x64\xb8\x21\x10\xc8\x60\x96\xe1\xef"
"\xf8\x2e\x18\x6e\x10\x06\x31\x98\x65\xe8\x3b\xdc\x0b\x06\x2a\x84"
"\xa4\xef\x10\xbe\xa3\x1d\x26\x04\xc9\x00\xa8\x4f\x42\x30\x0c\x1b"
"\x10\x41\x0a\x13\x01\x80\xc4\x09\x13\x10\x40\x3d\x4c\x08\x32\xdc"
"\x20\x04\x64\x30\xcb\xd0\x77\x7e\x17\x10\x19\x13\x61\x0c\x37\x04"
"\x31\x4c\x80\xc1\x2c\x03\xee\x81\x5e\x30\x50\x12\xc0\x60\xc2\x76"
"\x6e\x98\xbc\x9d\x1b\x26\x6e\xe7\x86\xc9\xde\x0d\x1b\x10\x67\x4c"
"\x04\x03\x30\x4b\x00\x7a\x23\x06\x04\x10\x82\x60\x40\xec\x30\xd1"
"\x84\xc6\x44\x18\xc3\x0d\x01\x0e\x13\x62\x30\xcb\x20\x7a\xa3\x17"
"\x0c\x1b\x10\x69\x4c\xac\x30\x31\x00\xb3\x04\xb7\x37\xdc\xa0\xab"
"\x04\x0a\x13\x68\x30\xcb\x60\x7a\xa4\x17\xe8\x20\x22\x40\x69\x95"
"\x10\x11\x30\xdc\xe0\xab\x44\x40\x06\xf7\xab\x84\x10\xc3\x0d\x01"
"\x41\x06\xd3\x0d\x3a\x4c\x04\xc3\x2c\x83\xe9\x95\x5e\x30\xdc\x90"
"\xf0\x30\x01\x06\xb3\x0c\xad\x77\x7a\xc1\xb0\x01\x11\xc7\xc4\x18"
"\x13\x03\x30\x4b\x70\x7b\x03\x15\x41\x1b\xac\x9e\x1e\x26\xa5\x37"
"\x50\x21\xfc\xc1\xea\xf9\x61\x52\x7a\x03\x15\xc2\x1e\xac\x1e\x28"
"\x26\xa5\x37\x50\x11\xb4\xc1\xea\x81\x62\x52\x7a\x03\x15\x41\x1a"
"\xac\x1e\x5f\x23\xa5\x37\x50\x11\x94\xc1\xea\xb1\x35\x52\x7a\xc3"
"\x0d\xc3\x18\x13\x60\x30\xcb\x80\x7a\xab\x17\x0c\x37\x0c\x37\x4c"
"\x98\x81\x12\x22\x02\x86\x1b\xd8\x95\x08\xc4\x60\xba\x21\xc8\x61"
"\x62\x98\x65\x50\xbd\xd4\x0b\x86\x0d\x08\x3e\x26\xdc\x98\x18\x80"
"\x59\x82\xd5\xc3\xc3\x8d\x09\x18\x18\x36\x20\xf8\x98\x08\x06\xc0"
"\x27\xe1\x5c\x09\x82\x82\x14\x2e\xe1\x61\xe2\x2e\x50\xf8\x82\x1e"
"\x26\xf0\x02\x81\x2f\xf0\x61\xe2\x2e\x10\x78\xd8\x80\xf0\x63\x22"
"\x18\x80\x0c\x12\x1c\x12\xf0\x2c\xc1\xea\x0d\x74\x04\xf2\x98\xa4"
"\x1e\x1b\xa8\x1e\x1b\x9c\xde\x40\x47\x40\x06\xa9\x87\xa8\x1e\x19"
"\x9c\xde\x40\x47\x80\x06\xa9\xa7\xa9\x1e\x1a\x9c\xde\x40\x47\x80"
"\x8f\x49\xea\xb1\x63\xa2\x7a\x6c\x70\x7a\x03\x1d\x89\x39\x26\xa9"
"\xa7\xa8\x9e\x39\x26\xa7\x97\x81\x88\xdb\xe2\x98\xb8\x0b\x50\x98"
"\xd0\x1b\x82\xbb\xa0\x5b\xfc\xee\x98\x80\x81\xe1\x86\x00\x0d\xc0"
"\x60\x96\x81\xf5\x4e\x2f\x18\x6e\x60\xfe\x98\x00\x83\x59\x86\xd6"
"\xab\xbd\x60\xa0\x42\x40\x58\x4f\x24\x93\xd2\x1b\x31\x28\x8e\x10"
"\x04\x03\x63\x95\x89\x60\x96\xa0\xf6\x86\x0d\x88\x5a\x26\xe0\x98"
"\x18\x80\x59\x82\xdb\x1b\xa8\x10\x48\x32\x49\x09\xfd\x3d\x58\x62"
"\xa0\x42\xa0\xe5\x23\x25\xfc\xf7\x60\x89\xe1\x06\x30\x1f\x48\x99"
"\x00\x83\x59\x86\xda\x83\xbd\x60\xa0\x42\x98\x60\xcf\x78\xbd\x81"
"\x0a\xe1\x81\x3d\xe3\xf5\x06\x2a\x84\x08\xf6\x5c\x32\x79\xbd\x14"
"\x12\x50\x2e\x13\x82\x64\x00\xd4\x25\x21\x30\x5c\x12\x02\x9f\x1f"
"\x86\x0d\x88\xa0\x08\x80\x3b\x54\x99\x40\x4c\x4e\x99\x80\x81\x43"
"\x50\x99\x80\xe1\x86\x80\xcd\x07\x30\x98\x65\xa8\x3d\xd8\x0b\x06"
"\x2a\x04\xb1\x4c\xe4\x05\x77\x8b\x7a\x19\xa8\x10\xe4\xb8\x90\x17"
"\xde\x2d\xea\x65\xb8\xe1\xc5\x85\x59\x26\xc0\x60\x96\xa1\xf6\x64"
"\x2f\x18\xa8\x10\x26\xd9\x33\x62\x6f\xa0\x42\x78\x64\xcf\x88\xbd"
"\x81\x0a\x21\x92\x3d\xb6\x4c\x62\x2f\x85\x04\x84\xce\x84\x20\x19"
"\x00\x75\x49\x08\x0c\x97\x84\xc0\xd7\x85\x61\x03\x22\x28\x02\xe0"
"\x8e\x5c\x26\x10\x13\x5b\x26\x60\xe0\x90\x5b\x26\x60\xb8\x21\xd8"
"\x71\x01\x0c\x66\x19\x6a\x4f\xf6\x82\x81\x0a\x41\x2e\x93\x5e\xf2"
"\xdb\x01\x9c\x86\x1b\xf0\x3b\x08\x67\x02\x0c\x66\x19\x6a\x8f\xf6"
"\x82\x81\x0a\xa1\xa1\x3d\x62\xf6\x06\x2a\x84\x86\xf6\x4c\x33\x99"
"\x3d\xa2\x67\x42\x90\x0c\x80\xba\x24\x04\x84\x4b\x42\xc0\xe3\xc1"
"\xb0\x01\x11\x8c\x33\x11\x00\x68\x84\x33\x01\x03\x67\x88\x33\x01"
"\xc3\x0d\x41\x88\x07\x60\x30\xcb\x50\x7b\xb4\x17\x0c\x74\x1e\x0b"
"\x5e\x26\xbc\x84\x97\x89\xbe\xe0\x65\x22\x2a\x78\x99\xb0\x0b\x5e"
"\x26\xee\x82\x97\xc9\x9b\xe0\x65\xd2\x26\x78\x99\xc4\x0b\x5e\x26"
"\x39\x85\x97\xc9\x2e\xe1\x65\xf2\x3b\x78\x99\xac\x06\x5e\x26\xb5"
"\x81\x97\x09\x4a\xe0\x65\x22\x0a\x78\x99\xb8\x03\x5e\x26\xec\x80"
"\x97\x09\x1d\xe1\x65\x62\x47\x78\x99\x80\x0e\x5e\x26\xa2\x83\x97"
"\x89\x4d\xe1\x65\x42\x53\x78\x99\xa4\x12\x5e\x26\xb6\x84\x97\x09"
"\x2e\xe1\x65\xa2\x3b\x78\x99\x98\x06\x5e\x26\xa4\x81\x97\x89\x1e"
"\xe0\x65\xd2\x07\x78\x99\xfc\x01\x5e\x26\xac\x87\x97\x49\xeb\xf9"
"\xa1\xf0\x5e\x78\x99\x88\x01\x5e\x26\x20\x82\x97\x09\x7f\xe0\x65"
"\x02\x23\x78\x99\xb0\x08\x5e\x26\x29\x82\x97\x89\x88\xe0\x65\xb2"
"\x23\x78\x99\x98\x0c\x5e\x26\x28\x83\x97\x49\xcd\xe0\x65\x22\x37"
"\x78\x99\xc0\x0d\x5e\x26\x36\x83\x97\xc9\xcd\xe0\x65\xd2\x33\x78"
"\x99\xe0\x0c\x5e\x26\x66\x83\x97\x89\xda\xe0\x65\x12\x3f\x78\x99"
"\xb8\x0f\x5e\x26\x63\x84\x97\x09\x0a\xe1\x65\xe2\x42\x78\x99\xdc"
"\x10\x5e\x26\x3b\x84\x97\x49\x79\xe0\x65\xe2\x1e\x78\x99\x88\x07"
"\x5e\x26\x23\x82\x97\x49\x88\xe0\x65\x92\x3f\x78\x99\xdc\x0f\x5e"
"\x26\x26\x84\x97\xc9\x2a\xe0\x65\xa2\x0a\x78\x99\xa4\x02\x5e\x26"
"\xa8\x80\x97\xc9\x29\xe0\x65\x62\x0a\x78\x99\x94\x02\x5e\x26\xa4"
"\x80\x97\x09\xec\xe1\x65\xf2\x7a\x78\x99\xf4\x06\x5e\x26\xbc\x81"
"\x97\xc9\x6e\xe0\x65\xa2\x1b\x78\x99\xe4\x06\x5e\x26\xb8\x81\x97"
"\xc9\x6d\xe0\x65\x62\x1b\x78\x99\xd0\x06\x5e\x26\xb3\x81\x97\x89"
"\x6c\xe0\x65\x12\x1b\x78\x99\xc0\x06\x5e\x26\xaf\x81\x97\x89\x6b"
"\xe0\x65\xd2\x1a\x78\x99\xc8\x1e\x5e\x26\xb1\x87\x97\x09\xfa\xe0"
"\x65\x72\x3e\x78\x99\x98\x0f\x5e\x26\xe5\x83\x97\x09\xf9\xe0\x65"
"\x32\x3e\x78\x99\x88\x0f\x5e\x26\xe1\x83\x97\x09\xed\xe1\x65\x32"
"\x7b\x78\x99\x88\x15\x5e\x26\x61\x85\x97\x09\x58\xe1\x65\xf2\x53"
"\x78\x99\xf8\x14\x5e\x26\x3d\x85\x97\x09\x4f\xe1\x65\xb2\x53\xf4"
"\xcf\x44\x18\xb3\x04\xb6\x37\x50\x11\x08\xb5\xa7\x5a\x26\x37\x50"
"\xb1\x18\xb5\xa7\x5a\x26\x97\x41\x8a\xe1\x86\xe1\x9d\x09\x30\x98"
"\x65\x10\x6e\x2f\x18\x31\x20\x80\x10\x04\x03\x02\x9f\x89\xde\x80"
"\x18\x00\x00\x00\x84\x05\x00\x00\x5b\x86\x20\xb0\x83\x2d\x83\x10"
"\xd8\xc1\x96\x61\x08\xec\x60\xcb\x00\x05\x76\xb0\x65\x28\x83\xc0"
"\x0e\xb6\x0c\x6b\x10\xd8\xc1\x96\xa1\x0d\x82\x3b\xd8\x32\xc4\x41"
"\x60\x07\x5b\x86\x39\x08\xee\x60\xcb\x90\x07\x81\x1d\x6c\x19\xf6"
"\x20\xb8\x83\x2d\x03\x28\x04\x76\xb0\x65\x10\x85\xe0\x0e\xb6\x0c"
"\xa6\x10\xd8\xc1\x96\x41\x16\x02\x3b\xd8\x32\xd0\x42\x70\x07\x5b"
"\x06\x5c\x08\xec\x60\xcb\xa0\x0b\xc1\x1d\x6c\x19\xc0\x21\xb0\x83"
"\x2d\x83\x38\x04\x77\xb0\x65\x38\x87\xc0\x0e\xb6\x0c\xe9\x10\xdc"
"\xc1\x96\xa1\x1d\x02\x3b\xd8\x32\xc4\x43\x60\x07\x5b\x06\x79\x08"
"\xec\x60\xcb\x00\x12\x81\x1d\x6c\x19\x44\x22\xb8\x83\x2d\xc3\x48"
"\x04\x76\xb0\x65\x50\x89\xc0\x0e\xb6\x0c\x2d\x11\xd8\xc1\x96\x21"
"\x26\xa4\x6c\xcb\x50\x13\x52\xb6\x65\xb0\x89\xc0\x0e\xb6\x0c\x37"
"\x11\xd8\xc1\x96\xc1\x2e\x82\x3b\xd8\x32\xdc\x45\x70\x07\x5b\x06"
"\xbf\x90\xb4\x2d\x43\x6d\x04\x77\xb0\x65\xd0\x0d\x69\xdb\x32\xa4"
"\x47\x70\x07\x5b\x06\xf7\x90\xb8\x2d\x43\x7c\x04\x77\xb0\x65\xa8"
"\x8f\xc0\x0e\xb6\x0c\xf8\x11\xd8\xc1\x96\x61\x3f\x02\x3b\xd8\x32"
"\x94\x48\x60\x07\x5b\x86\x13\x09\xee\x60\xcb\xe0\x22\x81\x1d\x6c"
"\x19\x6a\x24\xb0\x83\x2d\x03\x8f\x04\x76\xb0\x65\xe8\x91\xc0\x0e"
"\xb6\x0c\x76\x12\xd8\xc1\x96\x21\x4f\x02\x3b\xd8\x32\xec\x49\x70"
"\x07\x5b\x06\x51\x09\xec\x60\xcb\x20\x2b\x52\xb7\x65\xa0\x97\xc0"
"\x0e\xb6\x0c\xf7\x12\xd8\xc1\x96\x21\x5f\x82\x3b\xd8\x32\x80\x4c"
"\x60\x07\x5b\x06\x98\x91\xba\x2d\x03\xcd\x04\x76\xb0\x65\xd0\x99"
"\x80\x0f\xb6\x0c\x3f\x13\xd8\xc1\x96\x21\x6c\x02\x3e\xd8\x32\x9c"
"\x4d\x60\x07\x5b\x06\xba\x09\xec\x60\xcb\x70\x37\x01\x1f\x6c\x19"
"\xf4\x26\xb8\x83\x2d\x03\xdf\x48\xde\x96\xe1\x6f\x02\x3e\xd8\x32"
"\x8c\x4e\x70\x07\x5b\x86\xd2\x91\xbc\x2d\x03\xea\x04\x7c\xb0\x65"
"\x60\x9d\xe0\x0e\xb6\x0c\xae\x23\x79\x5b\x86\xd8\x09\xf8\x60\xcb"
"\x50\x3b\xc1\x1d\x6c\x19\x6e\x47\xf2\xb6\x0c\xba\x13\xf0\xc1\x96"
"\xc1\x77\x82\x3b\xd8\x32\x80\x8f\xe4\x6d\x19\xc6\x27\xe0\x83\x2d"
"\xc3\xf9\x04\x77\xb0\x65\x48\x1f\xc9\xdb\x32\xb0\x4f\xc0\x07\x5b"
"\x06\xf8\x09\xee\x60\xcb\x20\x3f\x92\xb7\x65\xa8\x9f\x80\x0f\xb6"
"\x0c\xf9\x13\xdc\xc1\x96\x21\x84\x02\x3b\xd8\x32\x8c\x50\x70\x07"
"\x5b\x06\x15\x0a\xec\x60\xcb\x10\x43\x81\x1d\x6c\x19\x70\x28\xb0"
"\x83\x2d\x43\x0e\x05\x76\xb0\x65\x90\xa3\xc0\x0e\xb6\x0c\x75\x14"
"\xd8\xc1\x96\xe1\x8e\x82\x3b\xd8\x32\xf8\x51\x60\x07\x5b\x06\x57"
"\x92\xba\x2d\x83\x2e\x05\x76\xb0\x65\x08\xa7\xc0\x0e\xb6\x0c\xe6"
"\x14\xd8\xc1\x96\xa1\x9d\x02\x3b\xd8\x32\x94\x54\x60\x07\x5b\x06"
"\x94\x0a\xec\x60\xcb\xa0\x52\xc1\x1d\x6c\x19\x62\x2a\xb0\x83\x2d"
"\x43\x58\x49\xdd\x96\xa1\xac\x02\x3e\xd8\x32\xa0\x55\xc0\x07\x5b"
"\x06\xbe\x0a\xee\x60\xcb\x40\x5a\xc1\x1d\x6c\x19\x58\x2b\xb8\x83"
"\x2d\x03\x6d\x05\x77\xb0\x65\xe8\x2d\xe9\xdb\x32\x84\x57\x60\x07"
"\x5b\x06\xf6\x0a\xee\x60\xcb\x50\x5f\x12\x18\x6c\x19\xfa\x2b\xb0"
"\x83\x2d\x83\x88\x05\x76\xb0\x65\x20\xb1\x80\x0f\xb6\x0c\x34\x16"
"\xdc\xc1\x96\xe1\xc6\xa4\x6f\xcb\x80\x63\x81\x1d\x6c\x19\x76\x2c"
"\xb8\x83\x2d\x03\x98\x49\xdf\x96\x41\xcc\x82\x3b\xd8\x32\x9c\x99"
"\xf4\x6d\x19\xd2\x2c\xb8\x83\x2d\x83\x9b\x49\xdf\x96\x01\xce\x82"
"\x3b\xd8\x32\xd4\x99\xf4\x6d\x19\xee\x2c\xb8\x83\x2d\x03\x9f\x49"
"\xdf\x96\xc1\xcf\x82\x3b\xd8\x32\x8c\x9a\xf4\x6d\x19\x4a\x2d\xb8"
"\x83\x2d\x43\xab\x05\x77\xb0\x65\x80\x35\x29\x0c\xb6\x0c\xb2\x16"
"\xdc\xc1\x96\xe1\xd6\xa4\x30\xd8\x32\xe4\x5a\x70\x07\x5b\x06\x5f"
"\x93\xc2\x60\xcb\x00\x6e\xc1\x1d\x6c\x19\xca\x4d\x0a\x83\x2d\xc3"
"\xb9\x05\x77\xb0\x65\x60\x37\x29\x0c\xb6\x0c\xee\x16\xdc\xc1\x96"
"\x61\xde\xa4\x30\xd8\x32\xd4\x5b\x70\x07\x5b\x06\x7d\x93\xc2\x60"
"\xcb\xc0\x6f\xc1\x1d\x6c\x19\x44\x2e\xe0\x83\x2d\x43\xc9\x05\x7c"
"\xb0\x65\xa0\xb9\xc0\x0e\xb6\x0c\x3a\x17\xf0\xc1\x96\xc1\xe7\x82"
"\x3b\xd8\x32\x88\x5d\xc0\x07\x5b\x06\xb3\x0b\xee\x60\xcb\xa0\x76"
"\x01\x1f\x6c\x19\xdc\x2e\xb8\x83\x2d\x83\xdc\x05\x7c\xb0\x65\xb0"
"\xbb\xe0\x0e\xb6\x0c\x7b\x27\x79\x5b\x06\xd1\x0b\xec\x60\xcb\x40"
"\x7a\xc1\x1d\x6c\x19\x56\x2f\xb0\x83\x2d\x83\xec\x05\x76\xb0\x65"
"\xa0\xbd\xe0\x0e\xb6\x0c\xbb\x17\xd8\xc1\x96\xe1\xf7\x02\x3b\xd8"
"\x32\xe0\x5f\x60\x07\x5b\x86\xfd\x0b\xec\x60\xcb\xd0\x7f\xc1\x1d"
"\x6c\x19\x48\x30\x08\xec\x60\xcb\x40\x83\x81\xd4\x6d\x19\x72\x30"
"\x08\xec\x60\xcb\xb0\x86\x41\xc0\x07\x5b\x06\x37\x0c\x02\x3e\xd8"
"\x32\x8c\x62\x10\xdc\xc1\x96\x41\x15\x83\xe0\x0e\xb6\x0c\xb1\x18"
"\x04\x77\xb0\x65\xc0\xc5\x20\xb8\x83\x2d\x03\x38\x06\xd2\xb7\x65"
"\xd8\xc7\x20\xb0\x83\x2d\x83\x3f\x06\x81\x1d\x6c\x19\x40\x32\x08"
"\xee\x60\xcb\x70\x92\x41\x60\x07\x5b\x06\x9b\x0c\xa4\x6e\xcb\x20"
"\x96\x41\x70\x07\x5b\x06\xb5\x0c\x24\x31\xd8\x32\xd4\x65\x10\xd8"
"\xc1\x96\x81\x2f\x83\xc0\x0e\xb6\x0c\xa1\x19\x04\x76\xb0\x65\x40"
"\xcd\x20\xb0\x83\x2d\x43\x6a\x06\x81\x1d\x6c\x19\xc4\x33\x08\xec"
"\x60\xcb\x50\x9e\x41\x60\x07\x5b\x86\xf3\x0c\x82\x3b\xd8\x32\xb8"
"\x67\x10\xd8\xc1\x96\xc1\x3f\x03\xa9\xdb\x32\x88\x68\x10\xf0\xc1"
"\x96\xa1\x44\x83\x80\x0f\xb6\x0c\x39\x1a\x04\x77\xb0\x65\x08\xd3"
"\x20\xb8\x83\x2d\x43\x9a\x06\xc1\x1d\x6c\x19\xe2\x34\x08\xee\x60"
"\xcb\xa0\xa7\x81\xf4\x6d\x19\xfc\x34\x08\xec\x60\xcb\x90\xaa\x41"
"\x70\x07\x5b\x06\x59\x0d\xa4\x31\xd8\x32\xe8\x6a\x10\xd8\xc1\x96"
"\xe1\x57\x83\xc0\x0e\xb6\x0c\xe1\x1a\x04\x7c\xb0\x65\x78\xd7\x20"
"\xb0\x83\x2d\x83\xbc\x06\x01\x1f\x6c\x19\xea\x35\x08\xee\x60\xcb"
"\x70\xaf\x81\xe4\x6d\x19\xf4\x35\x08\xf8\x60\xcb\xe0\xaf\x41\x70"
"\x07\x5b\x06\x90\x0d\x24\x6f\xcb\x30\xb2\x41\xc0\x07\x5b\x86\x93"
"\x0d\x82\x3b\xd8\x32\xa4\x6c\x20\x79\x5b\x06\x96\x0d\x02\x3e\xd8"
"\x32\xc0\x6c\x10\xdc\xc1\x96\x41\x66\x03\xc9\xdb\x32\xd4\x6c\x10"
"\xf0\xc1\x96\x21\x67\x83\xe0\x0e\xb6\x0c\x3b\x1b\x48\xde\x96\xc1"
"\x67\x83\x80\x0f\xb6\x0c\x62\x1b\x04\x77\xb0\x65\x20\xdb\x40\xf2"
"\xb6\x0c\x67\x1b\x04\x7c\xb0\x65\x58\xdb\x20\xb8\x83\x2d\x43\xdb"
"\x06\x92\xb7\x65\x80\xdb\x20\xe0\x83\x2d\x03\xdd\x06\xc1\x1d\x6c"
"\x19\xf4\x36\x08\xee\x60\xcb\xc0\xb7\x81\x44\x06\x5b\x06\xd0\x0d"
"\x82\x3b\xd8\x32\x88\x6e\x20\x91\xc1\x96\xc1\x74\x83\xe0\x0e\xb6"
"\x0c\xa8\x1b\x48\x64\xb0\x65\x60\xdd\x20\xb8\x83\x2d\x83\xeb\x06"
"\x12\x19\x6c\x19\x64\x37\x08\xee\x60\xcb\x40\xbb\x81\x44\x06\x5b"
"\x06\xdc\x0d\x82\x3b\xd8\x32\xe8\x6e\x20\x91\xc1\x96\xc1\x77\x83"
"\xe0\x0e\xb6\x0c\xe0\x1b\x48\x64\xb0\x65\x20\xdf\x20\xb8\x83\x2d"
"\x03\xfb\x06\x81\x1d\x6c\x19\xdc\x37\x08\xee\x60\xcb\x50\xbf\x41"
"\x60\x07\x5b\x06\xfe\x0d\x02\x3b\xd8\x32\xf8\x6f\x10\xdc\xc1\x96"
"\xa1\x84\x83\xc0\x0e\xb6\x0c\x2c\x1c\x04\x76\xb0\x65\x98\xe1\x20"
"\xb0\x83\x2d\x03\x0d\x07\x81\x1d\x6c\x19\x6e\x38\x08\xec\x60\xcb"
"\x20\xc6\x41\x60\x07\x5b\x86\x38\x0e\x02\x3b\xd8\x32\xd0\x71\x10"
"\xd8\xc1\x96\xc1\x8e\x83\xe0\x0e\xb6\x0c\x7d\x1c\x04\x76\xb0\x65"
"\x68\xe5\x40\xea\xb6\x0c\xb8\x1c\x04\x76\xb0\x65\xf8\xe5\x20\xb0"
"\x83\x2d\x43\x38\x07\xc1\x1d\x6c\x19\xd0\x39\x08\xec\x60\xcb\xf0"
"\xce\x41\x60\x07\x5b\x86\x78\x0e\x82\x3b\xd8\x32\xe0\x73\x10\xd8"
"\xc1\x96\xa1\xa7\x83\xc0\x0e\xb6\x0c\x60\x1d\x04\x76\xb0\x65\x10"
"\xeb\x20\xb8\x83\x2d\x43\x5a\x07\x81\x1d\x6c\x19\xf2\x3a\x90\xba"
"\x2d\x83\x5e\x07\x81\x1d\x6c\x19\x42\x3b\x08\xec\x60\xcb\xe0\xda"
"\x41\x60\x07\x5b\x86\xd8\x0e\x02\x3b\xd8\x32\xe8\x76\x10\xf0\xc1"
"\x96\xa1\xb7\x83\x80\x0f\xb6\x0c\xee\x1d\x04\x76\xb0\x65\xa0\xef"
"\x20\xb8\x83\x2d\xc3\x7e\x07\xc1\x1d\x6c\x19\x44\x3c\x08\xee\x60"
"\xcb\x90\xe2\x41\x70\x07\x5b\x86\x18\x0f\xa4\x6f\xcb\x40\xe3\x41"
"\x60\x07\x5b\x86\x30\x0f\x02\x3b\xd8\x32\xc0\x79\x10\xd8\xc1\x96"
"\x61\xce\x83\xc0\x0e\xb6\x0c\x75\x1e\x04\x77\xb0\x65\xe0\xf3\x20"
"\xb0\x83\x2d\xc3\xaa\x07\x52\xb7\x65\xa8\xf5\x20\xb8\x83\x2d\x43"
"\xaf\x07\x52\x19\x6c\x19\xea\x3d\x08\xec\x60\xcb\x80\xef\x41\x60"
"\x07\x5b\x06\x7d\x0f\x82\x3b\xd8\x32\xec\x7b\x10\xd8\xc1\x96\x41"
"\xe4\x83\xc0\x0e\xb6\x0c\x29\x1f\x04\x76\xb0\x65\x58\xf9\x20\xb8"
"\x83\x2d\x03\xcb\x07\x81\x1d\x6c\x19\x66\x3e\x08\xec\x60\xcb\xe0"
"\xf6\x41\x60\x07\x5b\x86\xbe\x0f\x02\x3b\xd8\x32\x80\x7e\x10\xd8"
"\xc1\x96\x41\xf4\x83\xe0\x0e\xb6\x0c\xa9\x1f\x04\x76\xb0\x65\xc8"
"\xfd\x40\xea\xb6\x0c\xbf\x1f\x04\x76\xb0\x65\x68\xff\x20\xb0\x83"
"\x2d\x43\xfd\x07\x01\x1f\x6c\x19\xf0\x3f\x08\xf8\x60\xcb\x90\x82"
"\x42\x60\x07\x5b\x86\x17\x14\x82\x3b\xd8\x32\xd8\xa0\x10\xdc\xc1"
"\x96\xa1\x07\x85\xe0\x0e\xb6\x0c\x64\x28\x04\x77\xb0\x65\x60\x43"
"\x41\xfa\xb6\x0c\x6f\x28\x04\x76\xb0\x65\xe0\x43\x21\xb0\x83\x2d"
"\xc3\x2a\x0a\x81\x1d\x6c\x19\x5c\x51\x08\xec\x60\xcb\x00\x8b\x42"
"\x70\x07\x5b\x86\x5b\x14\x02\x3b\xd8\x32\x98\xa3\x20\x75\x5b\x06"
"\x79\x14\x82\x3b\xd8\x32\xe8\xa3\x20\x99\xc1\x96\x61\x2d\x85\xc0"
"\x0e\xb6\x0c\x6f\x29\x04\x76\xb0\x65\xf0\x4b\x21\xb0\x83\x2d\x83"
"\x68\x0a\x81\x1d\x6c\x19\x48\x53\x08\xec\x60\xcb\xc0\x9a\x42\x60"
"\x07\x5b\x06\xdb\x14\x02\x3b\xd8\x32\xe8\xa6\x10\xd8\xc1\x96\x41"
"\x3c\x85\xc0\x0e\xb6\x0c\xe9\x29\x04\x76\xb0\x65\x68\x4f\x21\xe0"
"\x83\x2d\x03\x7c\x0a\x01\x1f\x6c\x19\xfe\x53\x08\xec\x60\xcb\x50"
"\xa2\x42\xc0\x07\x5b\x86\x14\x15\x82\x3b\xd8\x32\xb4\xa8\x10\xf0"
"\xc1\x96\x21\x46\x85\xe0\x0e\xb6\x0c\x35\x2a\x04\x7c\xb0\x65\xc8"
"\x51\x21\xb8\x83\x2d\x43\x8f\x0a\x01\x1f\x6c\x19\xc2\x54\x08\xee"
"\x60\xcb\x60\xa6\x82\xe4\x6d\x19\xda\x54\x08\xec\x60\xcb\xf0\xa6"
"\x42\x70\x07\x5b\x06\x3b\x15\x02\x3b\xd8\x32\xf4\xa9\x10\xd8\xc1"
"\x96\xe1\x4f\x85\xe0\x0e\xb6\x0c\xa6\x2a\x04\x76\xb0\x65\x60\x55"
"\x21\xb0\x83\x2d\x83\xab\x0a\xc1\x1d\x6c\x19\x6a\x55\x08\xec\x60"
"\xcb\xb0\xab\x42\x60\x07\x5b\x06\x5f\x15\x02\x3b\xd8\x32\x94\xab"
"\x10\xd8\xc1\x96\xc1\x5c\x85\xc0\x0e\xb6\x0c\xe9\x2a\x04\x76\xb0"
"\x65\xa0\x57\x21\xb0\x83\x2d\x83\xbd\x0a\x81\x1d\x6c\x19\x4a\x56"
"\x08\xec\x60\xcb\x80\xb2\x42\x60\x07\x5b\x06\x95\x15\x82\x3b\xd8"
"\x32\xc4\xac\x10\xd8\xc1\x96\x21\x6c\x05\xa9\xdb\x32\xac\xad\x10"
"\xd8\xc1\x96\xc1\x6d\x85\xc0\x0e\xb6\x0c\x70\x2b\x04\x77\xb0\x65"
"\x88\x5b\x21\xb0\x83\x2d\x03\xde\x0a\x81\x1d\x6c\x19\xfc\x56\x08"
"\xec\x60\xcb\x10\xba\x42\x60\x07\x5b\x86\xd1\x15\x82\x3b\xd8\x32"
"\xa8\xae\x10\xd8\xc1\x96\xa1\x76\x85\xc0\x0e\xb6\x0c\xe6\x2b\x04"
"\x76\xb0\x65\x48\x5f\x21\xb0\x83\x2d\xc3\xfa\x0a\xc1\x1d\x6c\x19"
"\xe4\x57\x08\xec\x60\xcb\x20\xc2\x82\xd4\x6d\x19\x52\x58\x08\xec"
"\x60\xcb\xc0\xc2\x42\x60\x07\x5b\x86\x17\x16\x02\x3e\xd8\x32\xc8"
"\xb0\x10\xf0\xc1\x96\xa1\x87\x85\xe0\x0e\xb6\x0c\x60\x2c\x48\xdf"
"\x96\x21\x8c\x85\xc0\x0e\xb6\x0c\x64\x2c\x04\x77\xb0\x65\x48\x63"
"\x41\xfa\xb6\x0c\x6b\x2c\x04\x77\xb0\x65\x80\x63\x41\xfa\xb6\x0c"
"\x72\x2c\x04\x77\xb0\x65\xb8\x63\x41\xfa\xb6\x0c\x79\x2c\x04\x77"
"\xb0\x65\xf0\x63\x41\xfa\xb6\x0c\xa0\x2c\x04\x77\xb0\x65\x28\x65"
"\x41\xfa\xb6\x0c\xa7\x2c\x04\x77\xb0\x65\x60\x65\x41\xfa\xb6\x0c"
"\xae\x2c\x04\x77\xb0\x65\xa8\x65\x21\xb0\x83\x2d\x83\x38\x0b\x81"
"\x1d\x6c\x19\xe2\x59\x08\xec\x60\xcb\x40\xcf\x42\x60\x07\x5b\x06"
"\x7b\x16\x82\x3b\xd8\x32\xf4\xb3\x10\xd8\xc1\x96\x81\xa5\x05\xa9"
"\xdb\x32\xd8\xb4\x10\xd8\xc1\x96\x21\xa7\x85\xc0\x0e\xb6\x0c\x3b"
"\x2d\x04\x77\xb0\x65\xe0\x69\x21\xb0\x83\x2d\xc3\x58\x0b\x81\x1d"
"\x6c\x19\xd2\x5a\x08\xec\x60\xcb\xc0\xd6\x42\x60\x07\x5b\x06\xb7"
"\x16\x82\x3b\xd8\x32\xd4\xb5\x10\xd8\xc1\x96\x01\xb4\x85\xc0\x0e"
"\xb6\x0c\xb1\x2d\x04\x76\xb0\x65\xa0\x6d\x21\xb0\x83\x2d\x83\x6d"
"\x0b\xc1\x1d\x6c\x19\x7a\x5b\x08\xec\x60\xcb\xd0\xde\x82\xd4\x6d"
"\x19\xe6\x5b\x08\xec\x60\xcb\x60\xdf\x42\x60\x07\x5b\x86\xfc\x16"
"\x02\x3e\xd8\x32\xf0\xb7\x10\xf0\xc1\x96\xe1\xc4\x85\xe0\x0e\xb6"
"\x0c\x2a\x2e\x48\xdf\x96\x61\xc5\x85\xc0\x0e\xb6\x0c\x2e\x2e\x04"
"\x77\xb0\x65\x98\x71\x41\xfa\xb6\x0c\x35\x2e\x04\x77\xb0\x65\xd0"
"\x71\x41\xfa\xb6\x0c\x3c\x2e\x04\x77\xb0\x65\x08\x73\x41\xfa\xb6"
"\x0c\x63\x2e\x04\x77\xb0\x65\x40\x73\x41\xfa\xb6\x0c\x6a\x2e\x04"
"\x77\xb0\x65\x78\x73\x41\xfa\xb6\x0c\x71\x2e\x04\x77\xb0\x65\xb0"
"\x73\x41\xfa\xb6\x0c\x78\x2e\x04\x77\xb0\x65\xf8\x73\x21\xb0\x83"
"\x2d\x83\xaa\x0b\x81\x1d\x6c\x19\x5a\x5d\x08\xec\x60\xcb\xc0\xeb"
"\x42\x60\x07\x5b\x86\x5f\x17\x02\x3b\xd8\x32\x84\xbb\x10\xdc\xc1"
"\x96\x01\xdd\x85\xc0\x0e\xb6\x0c\xf7\x2e\x48\xdd\x96\x81\xe4\x85"
"\xc0\x0e\xb6\x0c\x26\x2f\x04\x7c\xb0\x65\x48\x79\x21\xe0\x83\x2d"
"\x83\xcc\x0b\x81\x1d\x6c\x19\x6a\x5e\x08\xf8\x60\xcb\x80\xf3\x42"
"\x70\x07\x5b\x06\x9d\x17\x24\x6f\xcb\xd0\xf3\x42\xc0\x07\x5b\x86"
"\xb0\x17\x82\x3b\xd8\x32\x8c\xbd\x20\x79\x5b\x06\xb3\x17\x02\x3e"
"\xd8\x32\xa8\xbd\x10\xdc\xc1\x96\x81\xed\x05\xc9\xdb\x32\xbc\xbd"
"\x10\xf0\xc1\x96\x61\xee\x85\xe0\x0e\xb6\x0c\x75\x2f\x48\xde\x96"
"\x01\xef\x85\x80\x0f\xb6\x0c\x7c\x2f\x04\x77\xb0\x65\xf0\x7b\x41"
"\xf2\xb6\x0c\xa1\x2f\x04\x7c\xb0\x65\x28\x7d\x21\xb8\x83\x2d\xc3"
"\xe9\x0b\x92\xb7\x65\x50\x7d\x21\xe0\x83\x2d\x83\xeb\x0b\xc1\x1d"
"\x6c\x19\x60\x5f\x90\xbc\x2d\xc3\xec\x0b\x01\x1f\x6c\x19\x6e\x5f"
"\x08\xee\x60\xcb\xf0\xfb\x42\x60\x07\x5b\x86\xf0\x17\x82\x3b\xd8"
"\x32\xa0\xbf\x10\xd8\xc1\x96\xe1\xfd\x85\xc0\x0e\xb6\x0c\xf1\x2f"
"\x04\x77\xb0\x65\xc0\x7f\x21\xb0\x83\x2d\x83\x08\x0e\x81\x1d\x6c"
"\x19\x46\x70\x08\xec\x60\xcb\x70\x82\x43\x60\x07\x5b\x06\x17\x1c"
"\x02\x3b\xd8\x32\xbc\xe0\x10\xd8\xc1\x96\x41\x06\x87\xc0\x0e\xb6"
"\x0c\x3d\x38\x04\x76\xb0\x65\x60\xc3\x21\xb0\x83\x2d\xc3\x1b\x0e"
"\x81\x1d\x6c\x19\xe2\x70\x08\xee\x60\xcb\x80\x87\x43\x60\x07\x5b"
"\x06\x54\x1c\xa4\x6e\xcb\x30\x8b\x43\x60\x07\x5b\x06\x5b\x1c\x02"
"\x3b\xd8\x32\xe0\xe2\x10\xdc\xc1\x96\xe1\x17\x87\xc0\x0e\xb6\x0c"
"\xe5\x38\x04\x76\xb0\x65\x40\xc7\x21\xb0\x83\x2d\x83\x3a\x0e\xc1"
"\x1d\x6c\x19\xe2\x71\x08\xec\x60\xcb\xc0\x92\x43\x60\x07\x5b\x86"
"\x97\x1c\x02\x3b\xd8\x32\xc4\xe4\x10\xdc\xc1\x96\x01\x27\x87\xc0"
"\x0e\xb6\x0c\x68\x39\x48\xdd\x96\x01\x2e\x87\xc0\x0e\xb6\x0c\x73"
"\x39\x04\x76\xb0\x65\xb0\xcb\x21\xe0\x83\x2d\x43\x5e\x0e\x01\x1f"
"\x6c\x19\x48\x73\x08\xee\x60\xcb\x70\x9a\x83\xf4\x6d\x19\x50\x73"
"\x08\xec\x60\xcb\xb0\x9a\x43\x70\x07\x5b\x06\xd8\x1c\xa4\x6f\xcb"
"\x20\x9b\x43\x70\x07\x5b\x86\xdb\x1c\xa4\x6f\xcb\x90\x9b\x43\x70"
"\x07\x5b\x06\xdf\x1c\xa4\x6f\xcb\x00\x9e\x43\x70\x07\x5b\x86\xf2"
"\x1c\xa4\x6f\xcb\x70\x9e\x43\x70\x07\x5b\x06\xf6\x1c\xa4\x6f\xcb"
"\xe0\x9e\x43\x70\x07\x5b\x86\xf9\x1c\xa4\x6f\xcb\x50\x9f\x43\x70"
"\x07\x5b\x06\xfe\x1c\x02\x3b\xd8\x32\xa4\xe8\x10\xd8\xc1\x96\x01"
"\x47\x87\xc0\x0e\xb6\x0c\x3b\x3a\x04\x76\xb0\x65\xe8\xd1\x21\xb8"
"\x83\x2d\x03\x99\x0e\x81\x1d\x6c\x19\xe6\x74\x90\xba\x2d\x83\x9f"
"\x0e\x81\x1d\x6c\x19\x42\x75\x08\xec\x60\xcb\x30\xaa\x43\x70\x07"
"\x5b\x06\x55\x1d\x02\x3b\xd8\x32\xc4\xea\x10\xd8\xc1\x96\x61\x56"
"\x87\xe0\x0e\xb6\x0c\xba\x3a\x04\x76\xb0\x65\x20\xd9\x21\xb0\x83"
"\x2d\xc3\xc9\x0e\x81\x1d\x6c\x19\x52\x76\x08\xee\x60\xcb\x00\xb3"
"\x43\x60\x07\x5b\x06\xb0\x1d\xa4\x6e\xcb\x70\xb6\x43\x60\x07\x5b"
"\x06\xbb\x1d\x02\x3b\xd8\x32\xfc\xed\x10\xf0\xc1\x96\x41\x74\x87"
"\x80\x0f\xb6\x0c\xb3\x3b\x04\x76\xb0\x65\xc8\xdd\x21\xb8\x83\x2d"
"\x03\xf8\x0e\xc1\x1d\x6c\x19\xce\x77\x08\xee\x60\xcb\xe0\xbe\x43"
"\x70\x07\x5b\x06\xfb\x1d\xa4\x6f\xcb\x90\xbf\x43\x60\x07\x5b\x06"
"\x12\x1e\x02\x3b\xd8\x32\x9c\xf0\x10\xd8\xc1\x96\xc1\x86\x87\xc0"
"\x0e\xb6\x0c\x39\x3c\x04\x76\xb0\x65\xd8\xe1\x21\xb8\x83\x2d\x83"
"\x18\x0f\x81\x1d\x6c\x19\xe2\x78\x90\xba\x2d\x43\x1f\x0f\xc1\x1d"
"\x6c\x19\x4a\x79\x90\xce\x60\xcb\x80\xcb\x43\x60\x07\x5b\x06\x5d"
"\x1e\x02\x3b\xd8\x32\x88\xf3\x10\xd8\xc1\x96\xa1\x9c\x87\x80\x0f"
"\xb6\x0c\xe8\x3c\x04\x7c\xb0\x65\x88\xe7\x21\xe0\x83\x2d\x03\x3d"
"\x0f\xc1\x1d\x6c\x19\xfe\x79\x08\xec\x60\xcb\x30\xd2\x43\xc0\x07"
"\x5b\x86\x93\x1e\x82\x3b\xd8\x32\xa0\xf4\x10\xf0\xc1\x96\xa1\xa5"
"\x87\xe0\x0e\xb6\x0c\x2e\x3d\x04\x7c\xb0\x65\x98\xe9\x21\xb8\x83"
"\x2d\x03\x4d\x0f\x01\x1f\x6c\x19\x72\x7a\x08\xee\x60\xcb\xd0\xd3"
"\x83\x84\x06\x5b\x06\xb2\x1e\x02\x3b\xd8\x32\x98\xf5\x10\xdc\xc1"
"\x96\xa1\xad\x87\xc0\x0e\xb6\x0c\x76\x3d\x04\x76\xb0\x65\xb8\xeb"
"\x21\xb0\x83\x2d\xc3\x5e\x0f\x81\x1d\x6c\x19\x44\x7b\x08\xec\x60"
"\xcb\x30\xda\x43\x60\x07\x5b\x06\xde\x1e\x02\x3b\xd8\x32\xfc\xf6"
"\x10\xd8\xc1\x96\x21\xbc\x87\xe0\x0e\xb6\x0c\xe8\x3d\x04\x76\xb0"
"\x65\xc0\xef\x41\xea\xb6\x0c\x28\x3e\x04\x76\xb0\x65\x50\xf1\x21"
"\xb8\x83\x2d\x43\x8c\x0f\x81\x1d\x6c\x19\x70\x7c\x08\xec\x60\xcb"
"\xa0\xe3\x43\x70\x07\x5b\x86\x30\x1f\x02\x3b\xd8\x32\xa4\xfa\x10"
"\xd8\xc1\x96\x81\xd5\x87\xc0\x0e\xb6\x0c\xae\x3e\x04\x77\xb0\x65"
"\xa8\xf5\x21\xb0\x83\x2d\x43\xb9\x0f\x52\xb7\x65\x50\xf7\x21\xb0"
"\x83\x2d\x03\xbf\x0f\x01\x1f\x6c\x19\xfe\x7d\x08\xf8\x60\xcb\x40"
"\xf3\x43\x70\x07\x5b\x86\x9d\x1f\x82\x3b\xd8\x32\x88\xfd\x10\xdc"
"\xc1\x96\x21\xed\x87\xe0\x0e\xb6\x0c\x71\x3f\x48\xdf\x96\x81\xf5"
"\x87\xc0\x0e\xb6\x0c\xaf\x3f\x04\x76\xb0\x65\x88\xfd\x21\xb8\x83"
"\x2d\x03\xee\x0f\x81\x1d\x6c\x19\xce\x7f\x90\xba\x2d\xc3\xfa\x0f"
"\x81\x1d\x6c\x19\xec\x7f\x08\xee\x60\xcb\xe0\xff\x83\x94\x06\x5b"
"\x86\x13\x24\x02\x3b\xd8\x32\xa8\x20\x11\xf0\xc1\x96\xa1\x05\x89"
"\x80\x0f\xb6\x0c\x36\x48\x04\x76\xb0\x65\xc8\x41\x22\xe0\x83\x2d"
"\x03\x0f\x12\xc1\x1d\x6c\x19\x7c\x90\x90\xbc\x2d\x43\x18\x12\x01"
"\x1f\x6c\x19\xca\x90\x08\xee\x60\xcb\x70\x86\x84\xe4\x6d\x19\xd4"
"\x90\x08\xf8\x60\xcb\xe0\x86\x44\x70\x07\x5b\x06\x38\x24\x24\x6f"
"\xcb\x30\x87\x44\xc0\x07\x5b\x86\x3b\x24\x82\x3b\xd8\x32\xe4\x21"
"\x21\x79\x5b\x06\x3e\x24\x02\x3e\xd8\x32\x80\x22\x11\xdc\xc1\x96"
"\x41\x14\x09\xc9\xdb\x32\x94\x22\x11\xf0\xc1\x96\x21\x15\x89\xe0"
"\x0e\xb6\x0c\xab\x48\x48\xde\x96\xc1\x15\x89\x80\x0f\xb6\x0c\xb2"
"\x48\x04\x77\xb0\x65\xa0\x45\x42\xf2\xb6\x0c\xb7\x48\x04\x7c\xb0"
"\x65\xd8\x45\x22\xb8\x83\x2d\xc3\x38\x12\x81\x1d\x6c\x19\xca\x91"
"\x08\xee\x60\xcb\xc0\x8e\x44\x60\x07\x5b\x06\x78\x24\x02\x3b\xd8"
"\x32\xa4\x24\x11\xd8\xc1\x96\x81\x25\x89\xc0\x0e\xb6\x0c\x2e\x49"
"\x04\x77\xb0\x65\xa8\x49\x22\xb0\x83\x2d\x43\x59\x12\x52\xb7\x65"
"\x50\x4b\x22\xb0\x83\x2d\x03\x5b\x12\xc1\x1d\x6c\x19\xe6\x92\x08"
"\xec\x60\xcb\xa0\x97\x44\x60\x07\x5b\x06\xbe\x24\x82\x3b\xd8\x32"
"\x8c\x26\x11\xd8\xc1\x96\xe1\x34\x89\xc0\x0e\xb6\x0c\xe0\x49\x04"
"\x76\xb0\x65\x18\x4f\x22\xb0\x83\x2d\x43\x79\x12\xc1\x1d\x6c\x19"
"\xd8\x93\x08\xec\x60\xcb\xc0\x9f\x84\xd4\x6d\x19\x42\x94\x08\xec"
"\x60\xcb\x30\xa3\x44\xc0\x07\x5b\x06\x1b\x25\x02\x3e\xd8\x32\xac"
"\x29\x11\xdc\xc1\x96\x41\x4e\x89\xe0\x0e\xb6\x0c\x79\x4a\x04\x77"
"\xb0\x65\x00\x55\x22\xb8\x83\x2d\x03\xaa\x12\xd2\xb7\x65\x18\x57"
"\x22\xb0\x83\x2d\x83\xb9\x12\x81\x1d\x6c\x19\xd0\x95\x08\xee\x60"
"\xcb\xf0\xae\x44\x60\x07\x5b\x06\x7f\x25\xa4\x6e\xcb\x20\xb2\x44"
"\x60\x07\x5b\x86\x96\x25\x82\x3b\xd8\x32\xd4\x2c\x21\xa9\xc1\x96"
"\x41\x67\x89\xc0\x0e\xb6\x0c\x3f\x4b\x04\x76\xb0\x65\x68\x5b\x22"
"\xb0\x83\x2d\x03\xdf\x12\x81\x1d\x6c\x19\xfe\x96\x08\xec\x60\xcb"
"\x10\xba\x44\x70\x07\x5b\x06\xd4\x25\x02\x3b\xd8\x32\xe0\x2e\x21"
"\x75\x5b\x06\xde\x25\x02\x3b\xd8\x32\xbc\x2f\x11\xd8\xc1\x96\xc1"
"\x7f\x89\xc0\x0e\xb6\x0c\x21\x4c\x04\x76\xb0\x65\x18\x61\x22\xb8"
"\x83\x2d\x83\x0a\x13\x81\x1d\x6c\x19\x74\x98\x90\xba\x2d\x03\x18"
"\x13\x81\x1d\x6c\x19\xd4\x98\x08\xec\x60\xcb\xd0\xc6\x44\x60\x07"
"\x5b\x06\x3c\x26\x02\x3b\xd8\x32\xe8\x31\x11\xdc\xc1\x96\x21\x94"
"\x89\xc0\x0e\xb6\x0c\xa8\x4c\x04\x76\xb0\x65\x50\x65\x22\xb8\x83"
"\x2d\x43\x2c\x13\x81\x1d\x6c\x19\x6a\x99\x08\xec\x60\xcb\xe0\xce"
"\x44\x60\x07\x5b\x86\x78\x26\x02\x3b\xd8\x32\xcc\x33\x11\xdc\xc1"
"\x96\x41\x9f\x89\xc0\x0e\xb6\x0c\x2a\x4d\x48\xdd\x96\xe1\xa5\x89"
"\xc0\x0e\xb6\x0c\x3e\x4d\x04\x76\xb0\x65\x28\x6b\x22\xe0\x83\x2d"
"\x03\x5a\x13\x01\x1f\x6c\x19\xf2\x9a\x08\xec\x60\xcb\xf0\xd7\x44"
"\x70\x07\x5b\x06\xd3\x26\x82\x3b\xd8\x32\xb4\x36\x11\xdc\xc1\x96"
"\x81\xb6\x89\xe0\x0e\xb6\x0c\xbc\x4d\x48\xdf\x96\xe1\xb7\x89\xc0"
"\x0e\xb6\x0c\xec\x4d\x04\x76\xb0\x65\xd8\x6f\x22\xb0\x83\x2d\x83"
"\x7f\x13\x81\x1d\x6c\x19\x40\x9c\x08\xee\x60\xcb\x70\xe2\x44\x60"
"\x07\x5b\x06\x1b\x27\xa4\x6e\xcb\x20\xe6\x44\x70\x07\x5b\x06\x35"
"\x27\xa4\x35\xd8\x32\xf0\x39\x11\xd8\xc1\x96\x21\xd4\x89\xc0\x0e"
"\xb6\x0c\xa3\x4e\x04\x77\xb0\x65\x50\x75\x22\xb0\x83\x2d\x83\xac"
"\x13\x81\x1d\x6c\x19\x68\x9d\x08\xee\x60\xcb\xb0\xeb\x44\x60\x07"
"\x5b\x86\x72\x27\x02\x3b\xd8\x32\x9c\x3b\x11\xdc\xc1\x96\xc1\xdd"
"\x89\xc0\x0e\xb6\x0c\xfa\x4e\x04\x76\xb0\x65\xf0\x77\x22\xb0\x83"
"\x2d\x03\xc8\x13\xc1\x1d\x6c\x19\x4e\x9e\x08\xec\x60\xcb\x40\xf3"
"\x44\x60\x07\x5b\x06\x9c\x27\x02\x3b\xd8\x32\xec\x3c\x11\xd8\xc1"
"\x96\xa1\xe7\x89\xe0\x0e\xb6\x0c\x64\x4f\x04\x76\xb0\x65\x58\x7b"
"\x22\xb0\x83\x2d\x83\xdb\x13\x81\x1d\x6c\x19\xe0\x9e\x08\xee\x60"
"\xcb\x70\xf7\x44\x60\x07\x5b\x06\xd0\x27\x02\x3b\xd8\x32\x8c\x3e"
"\x11\xd8\xc1\x96\xa1\xf4\x89\xe0\x0e\xb6\x0c\xac\x4f\x04\x76\xb0"
"\x65\xa8\x7d\x22\xb0\x83\x2d\x03\xee\x13\x81\x1d\x6c\x19\x74\x9f"
"\x08\xee\x60\xcb\x10\xfe\x44\x60\x07\x5b\x86\xfd\x27\x02\x3b\xd8"
"\x32\xa4\x60\x11\xd8\xc1\x96\x01\x07\x8b\xc0\x0e\xb6\x0c\x3b\x58"
"\x04\x76\xb0\x65\xe8\xc1\x22\xb8\x83\x2d\x03\x19\x16\x81\x1d\x6c"
"\x19\xe8\xb0\x90\xba\x2d\x03\x1f\x16\x81\x1d\x6c\x19\x4a\xb1\x08"
"\xec\x60\xcb\x00\x8b\x45\x60\x07\x5b\x86\x77\x2c\x02\x3b\xd8\x32"
"\xc8\x63\x11\xd8\xc1\x96\x81\x1e\x8b\xe0\x0e\xb6\x0c\xfb\x58\x04"
"\x76\xb0\x65\x68\xc9\x42\xea\xb6\x0c\x67\x59\x04\x76\xb0\x65\x50"
"\xcb\x22\xb0\x83\x2d\x03\x5b\x16\xc1\x1d\x6c\x19\xe6\xb2\x08\xec"
"\x60\xcb\x50\x9a\x85\xd4\x6d\x19\x52\xb3\x08\xec\x60\xcb\x10\x9f"
"\x45\x60\x07\x5b\x06\xfa\x2c\x02\x3b\xd8\x32\xec\x67\x11\xd8\xc1"
"\x96\xa1\x44\x0b\xa9\xdb\x32\xcc\x68\x11\xd8\xc1\x96\xc1\x46\x8b"
"\xc0\x0e\xb6\x0c\x3d\x5a\x04\x76\xb0\x65\x48\xd3\x22\xb0\x83\x2d"
"\x03\x9b\x16\x81\x1d\x6c\x19\xe6\xb4\x08\xec\x60\xcb\x00\xaa\x45"
"\x60\x07\x5b\x86\x51\x2d\x02\x3b\xd8\x32\xa8\x6a\x11\xd8\xc1\x96"
"\xc1\x56\x8b\xc0\x0e\xb6\x0c\xb9\x5a\x04\x76\xb0\x65\x00\xd7\x22"
"\xb0\x83\x2d\x03\xbb\x16\x81\x1d\x6c\x19\xde\xb5\x08\xec\x60\xcb"
"\x60\xaf\x45\x60\x07\x5b\x06\x91\x2d\x02\x3b\xd8\x32\x94\x6c\x11"
"\xd8\xc1\x96\x81\x65\x8b\xc0\x0e\xb6\x0c\x38\x5b\x04\x76\xb0\x65"
"\xd8\xd9\x22\xb0\x83\x2d\x83\xd8\x16\x81\x1d\x6c\x19\xdc\xb6\x08"
"\xec\x60\xcb\x10\xb7\x45\x60\x07\x5b\x06\xbc\x2d\x02\x3b\xd8\x32"
"\xf0\x6d\x11\xd8\xc1\x96\x61\x74\x0b\x89\x0d\xb6\x0c\xa5\x5b\x48"
"\x6d\xb0\x65\x30\xdd\x22\xe0\x83\x2d\x83\xeb\x16\x81\x1d\x6c\x19"
"\x62\xb7\x08\xec\x60\xcb\x40\xbb\x45\x60\x07\x5b\x06\xdb\x2d\x02"
"\x3b\xd8\x32\xe4\x6e\x11\xd8\xc1\x96\x21\x7c\x8b\xc0\x0e\xb6\x0c"
"\xe3\x5b\x04\x77\xb0\x65\x50\xdf\x22\xb0\x83\x2d\x43\xfc\x16\x81"
"\x1d\x6c\x19\xe6\xb7\x08\xee\x60\xcb\xa0\xbf\x45\x60\x07\x5b\x06"
"\xff\x2d\x02\x3b\xd8\x32\xdc\x70\x11\xd8\xc1\x96\x41\x87\x8b\xc0"
"\x0e\xb6\x0c\x3c\x5c\x04\x77\xb0\x65\x18\xe3\x22\xb0\x83\x2d\xc3"
"\x1c\x17\x52\xb7\x65\xb0\xe3\x22\xb0\x83\x2d\x03\x29\x17\x01\x1f"
"\x6c\x19\x4e\xb9\x08\xf8\x60\xcb\xc0\xcb\x45\x70\x07\x5b\x86\x71"
"\x2e\x82\x3b\xd8\x32\xa8\x73\x11\xdc\xc1\x96\x21\x9e\x8b\xe0\x0e"
"\xb6\x0c\xf9\x5c\x48\xdf\x96\x81\xa6\x8b\xc0\x0e\xb6\x0c\x37\x5d"
"\x04\x76\xb0\x65\xc8\xe9\x22\xb8\x83\x2d\x03\x58\x17\x81\x1d\x6c"
"\x19\xde\xba\x90\xba\x2d\xc3\x5c\x17\x81\x1d\x6c\x19\xfc\xba\x08"
"\xee\x60\xcb\x60\xda\x85\xe4\x06\x5b\x86\xd9\x2e\x02\x3e\xd8\x32"
"\xd8\x76\x11\xf0\xc1\x96\xa1\xb7\x8b\x80\x0f\xb6\x0c\xbf\x5d\x04"
"\x77\xb0\x65\x08\xef\x42\xf2\xb6\x0c\xe4\x5d\x04\x7c\xb0\x65\x38"
"\xef\x22\xb8\x83\x2d\x43\x7a\x17\x92\xb7\x65\x60\xef\x22\xe0\x83"
"\x2d\xc3\x7b\x17\xc1\x1d\x6c\x19\xe2\xbb\x90\xbc\x2d\x03\x7d\x17"
"\x01\x1f\x6c\x19\xee\xbb\x08\xee\x60\xcb\x90\xdf\x85\xe4\x6d\x19"
"\xf8\xbb\x08\xf8\x60\xcb\xf0\xdf\x45\x70\x07\x5b\x86\x10\x2f\x24"
"\x6f\xcb\x40\xe2\x45\xc0\x07\x5b\x86\x13\x2f\x82\x3b\xd8\x32\xa4"
"\x78\x21\x79\x5b\x06\x16\x2f\x02\x3e\xd8\x32\xbc\x78\x11\xdc\xc1"
"\x96\x21\xc6\x0b\xc9\xdb\x32\xd0\x78\x11\xf0\xc1\x96\xe1\xc6\x8b"
"\xe0\x0e\xb6\x0c\x39\x5e\x04\x76\xb0\x65\x28\xf3\x22\xe0\x83\x2d"
"\x03\x9a\x17\xc1\x1d\x6c\x19\xd4\xbc\x08\xf8\x60\xcb\xc0\xe6\x85"
"\xf4\x06\x5b\x86\x36\x2f\x02\x3b\xd8\x32\xc4\x79\x11\xd8\xc1\x96"
"\xa1\xce\x8b\xc0\x0e\xb6\x0c\x78\x5e\x04\x76\xb0\x65\x28\xf5\x22"
"\xb0\x83\x2d\x03\xad\x17\x81\x1d\x6c\x19\x6e\xbd\x08\xec\x60\xcb"
"\x90\xeb\x45\x70\x07\x5b\x06\x70\x2f\x02\x3b\xd8\x32\xc0\x7b\x21"
"\x75\x5b\x06\x7b\x2f\x02\x3b\xd8\x32\x80\x7c\x11\xf0\xc1\x96\x81"
"\xe4\x8b\xe0\x0e\xb6\x0c\x29\x5f\x48\x70\xb0\x65\x90\xf9\x22\xe0"
"\x83\x2d\x83\xcd\x17\xc1\x1d\x6c\x19\x76\xbe\x90\xe2\x60\xcb\x10"
"\xf6\x45\xc0\x07\x5b\x86\xb2\x2f\x82\x3b\xd8\x32\xa4\x7d\x21\xc9"
"\xc1\x96\x61\xed\x8b\xc0\x0e\x00\x21\x31\x00\x00\x11\x09\x00\x00"
"\x0b\x86\x00\xe8\x67\x62\xc1\x10\x00\xf2\x4c\x2c\x18\x02\x60\x9c"
"\x89\x05\x43\x00\xc8\x32\xb1\xa0\x08\x00\x61\xb8\x63\x62\x81\x21"
"\x04\xc4\x00\xd8\x31\xb1\x60\x08\x80\x39\x26\x16\x0c\x01\x20\xc6"
"\xc4\x82\x21\x00\x7c\x98\x58\xd0\x20\x40\x20\x0c\x44\x61\x1c\x89"
"\xb2\xf8\x2e\xb1\x60\x08\x00\xdd\x25\x16\x14\x01\x20\x0c\x6d\x4b"
"\x2c\x30\x84\x80\x18\x00\xb6\x25\x16\x0c\x01\x90\xb6\xc4\x82\x21"
"\x00\x7a\x96\x58\x30\x04\x40\xcd\x12\x0b\x86\x00\x70\x59\x62\xc1"
"\x10\x00\x27\x4b\x2c\x38\x06\x20\x10\x0a\xc2\x5f\x89\x05\x43\x00"
"\xec\x2b\xb1\xc0\x18\x80\x40\x20\xf2\x95\x58\x90\x00\xc1\x40\x08"
"\x85\x71\xb4\x2b\xb1\x80\x00\x84\x00\x5d\x89\x05\x46\x30\x00\x02"
"\x71\xae\xc4\x82\x21\x00\xc6\x95\x58\x50\x04\x80\x30\xa0\x2a\xb1"
"\xc0\x10\x02\x62\x00\x4e\x95\x58\x30\x04\x00\xa9\x12\x0b\x88\x00"
"\x10\xf4\x94\x58\x50\x04\x80\x30\xdc\x29\xb1\xc0\x10\x06\x20\x20"
"\xde\x94\x58\xf0\x00\x44\x21\x28\x0b\xd3\x20\x49\x60\x1c\x03\x9b"
"\x12\x0b\x8a\x00\x10\x06\x35\x25\x16\x10\x42\x00\x90\x25\xb1\x80"
"\x08\x00\x61\x25\x89\x05\x8a\x50\x10\xc0\x61\x0c\x01\xa2\x92\xc4"
"\x02\x24\x18\x04\x80\x28\x8c\x94\x24\x16\x10\x01\x20\xa0\x24\xb1"
"\x80\x08\x00\x41\x24\x89\x05\x45\x00\x08\x03\x3f\x12\x0b\x0c\x21"
"\x20\x06\x60\x1f\x89\x05\x06\x21\x0c\x40\xe0\x8e\xc4\x02\x84\x10"
"\x06\x20\x28\x8c\x76\x24\x16\x14\x03\x10\x08\xe9\x48\x2c\x18\x02"
"\xc0\x17\x89\x05\x45\x00\x08\xc3\x2b\x12\x0b\x88\x00\x10\x4e\x91"
"\x58\x50\x04\x80\x30\x84\x22\xb1\xc0\x10\x02\x62\x00\x40\x91\x58"
"\x30\x04\x80\x1e\x12\x0b\x86\x00\x88\x43\x62\x81\x01\x04\x83\x40"
"\xc0\x21\xb1\x80\x08\x00\xe1\x0c\x89\x05\x09\x61\x14\x40\x30\x08"
"\x87\x19\x12\x0b\x0e\x81\x18\x80\xa0\x28\x43\x62\x41\x11\x00\xc2"
"\x20\x86\xc4\x02\x22\x00\x04\x1d\x24\x16\x14\x01\x20\x0c\x34\x48"
"\x2c\x30\x84\x80\x18\x80\x19\x24\x16\x0c\x01\xd0\x82\xc4\x02\x83"
"\x10\x06\x20\x28\x41\x62\x01\x42\x08\x03\x10\x14\x06\x09\x12\x0b"
"\x86\x00\x80\xff\x61\x41\x21\x00\xc1\x80\xfe\xc3\x82\x22\x00\x84"
"\xa1\xf6\x87\x05\x86\x10\x10\x03\x40\xfb\xc3\x82\x21\x00\x62\x7f"
"\x58\x60\x04\x80\x30\x10\xa9\x3f\x2c\x20\x00\x21\x18\xfd\x61\x41"
"\x11\x00\x83\x00\xfa\xc3\x02\x02\x10\x02\xbf\x1f\x16\x18\x80\x10"
"\x0c\x84\xd8\x0f\x0b\x0c\x40\x08\x06\x42\xe6\x87\x05\x06\x20\x04"
"\x03\x41\xf2\xc3\x82\x63\x00\x84\x80\x28\xde\x7d\x58\x50\x08\x40"
"\x30\x9c\xfb\xb0\x60\x08\x00\x70\x1f\x16\x18\x42\x00\x0c\xc4\xae"
"\x0f\x0b\x0c\x40\x08\x06\x62\xd5\x87\x05\x06\x20\x04\x03\xd1\xe7"
"\xc3\x82\x02\x08\x06\x61\xcd\x87\x05\x0c\x10\x08\x03\x71\x14\x46"
"\x82\x28\x6a\x3e\x2c\x28\x00\x61\x08\xd2\x7c\x58\x30\x04\xc0\x99"
"\x0f\x0b\x88\x00\x10\xcc\x7c\x58\x30\x04\x40\x99\x0f\x0b\x86\x00"
"\x18\xf3\x61\x01\x11\x00\x42\x8a\x0f\x0b\x8a\x00\x10\x06\xfc\x1e"
"\x16\x18\x42\x40\x0c\xc0\x7d\x0f\x0b\x86\x00\xa0\xef\x61\xc1\x10"
"\x00\xe8\x3d\x2c\x18\x02\x00\xbc\x87\x05\x43\x00\xe4\xf6\xb0\x60"
"\x08\x00\xd9\x1e\x16\x1c\x03\x10\x08\x05\x91\xda\xc3\x82\x21\x00"
"\x4c\x7b\x58\x60\x0c\x40\x20\x10\xa4\x3d\x2c\x28\x06\x20\x10\xf0"
"\x7a\x58\x50\x0c\x40\x20\xdc\xf5\xb0\x80\x10\x80\xe0\xad\x87\x05"
"\x85\x00\x04\x83\x5b\x0f\x0b\x0a\x01\x08\x86\xb6\x1e\x16\x0c\x01"
"\x60\xd6\xc3\x82\x22\x00\x84\x61\xa5\x87\x05\x86\x10\x10\x03\xa0"
"\xd2\xc3\x82\x21\x00\x4e\x7a\x58\x40\x04\x80\xd0\xcf\xc3\x02\xc6"
"\x38\x06\xa4\x20\x02\x01\x48\x14\x7d\x1e\x16\x34\xc6\x31\x24\x4a"
"\x41\x04\x02\x80\x2c\xf2\x3c\x2c\x58\x8c\x03\x49\x88\x02\x10\x86"
"\xe0\x9d\x87\x05\x06\x20\x04\x03\xd1\xce\xc3\x82\x21\x00\xe8\x61"
"\xc1\x10\x00\xb2\x3c\x2c\x20\x02\x40\x40\xe5\x61\x41\x11\x00\xc2"
"\x70\xc7\xc3\x02\x43\x08\x88\x01\xb0\xe3\x61\xc1\x10\x00\x73\x3c"
"\x2c\x18\x02\x40\x8c\x87\x05\x05\x20\x04\x83\x0e\x0f\x0b\x0a\x01"
"\x08\x06\x1c\x1e\x16\x14\x01\x20\x0c\x27\x3c\x2c\x30\x84\x80\x18"
"\x00\x13\x1e\x16\x0c\x01\x30\xc2\xc3\x82\x22\x00\x06\x81\x7e\x87"
"\x05\x43\x00\xc4\xef\xb0\xa0\x08\x00\x61\x20\xdd\x61\x81\x21\x04"
"\xc4\x00\x8c\xee\xb0\x60\x08\x00\xd0\x1d\x16\x0c\x01\x40\xb7\xc3"
"\x82\x21\x00\xd8\x76\x58\x30\x04\x40\xd9\x0e\x0b\x86\x00\xf0\xd9"
"\x61\xc1\x31\x00\x81\x50\x10\x35\x3b\x2c\x18\x02\x40\x66\x87\x05"
"\xc6\x00\x04\x02\x01\xb3\xc3\x02\x03\x08\x08\x61\x20\xd9\x61\x81"
"\x01\x04\x84\x30\x8c\xec\xb0\xa0\x08\x04\x60\xe0\xd7\x61\x41\x11"
"\x08\xc0\xb0\xaf\xc3\x82\x21\x00\xe8\x75\x58\x50\x04\x80\x30\xe4"
"\xea\xb0\xc0\x10\x02\x62\x00\x70\x75\x58\x30\x04\x40\xad\x0e\x0b"
"\x88\x00\x10\x56\x75\x58\xc0\x18\xc2\x10\x20\x07\x51\x00\x89\x82"
"\xaa\xc3\x82\xc6\x10\x86\x20\x51\x0e\xa2\x00\x90\x05\x54\x87\x05"
"\x8b\x71\x20\x09\x51\x00\xc2\x10\xf4\xe9\xb0\xc0\x00\x84\x60\x20"
"\xf6\x74\x58\x30\x04\xc0\x9b\x0e\x0b\x8a\x00\x10\x06\x1a\x1d\x16"
"\x18\x42\x40\x0c\xc0\x8c\x0e\x0b\x86\x00\x80\xd1\x61\x01\x11\x00"
"\x82\x89\x0e\x0b\x8e\x60\x10\x00\xa2\x18\xd1\x61\x81\x11\x0c\x80"
"\x40\xec\xe7\xb0\x60\x08\x80\xb8\x1c\x16\x14\x01\x20\x0c\x24\x39"
"\x2c\x30\x84\x80\x18\x80\x91\x1c\x16\x0c\x01\x00\x92\xc3\x82\x21"
"\x00\xe8\x71\x58\x30\x04\x00\x3b\x0e\x0b\x86\x00\x28\xc7\x61\xc1"
"\x10\x00\xbe\x38\x2c\x38\x06\x20\x10\x0a\xa2\x16\x87\x05\x43\x00"
"\xc8\xe2\xb0\xc0\x18\x80\x40\x20\x60\x71\x58\x60\x00\x01\x21\x0c"
"\xa4\x38\x2c\x30\x80\x80\x10\x86\x51\x1c\x16\x10\x80\x10\xf4\xe1"
"\xb0\xa0\x08\x06\x40\xe0\xc3\x61\x41\x11\x0c\x80\xb0\x87\xc3\x82"
"\x21\x00\xe8\x70\x58\x50\x04\x80\x30\xe4\xe0\xb0\xc0\x10\x02\x62"
"\x00\x70\x70\x58\x30\x04\x40\x0d\x0e\x0b\x92\xc3\x00\x88\x22\x10"
"\x06\x15\x1c\x16\x24\xc1\x01\x14\x86\x30\x10\x29\x38\x2c\x48\x82"
"\x03\x28\x0c\x61\x20\x4a\x70\x58\x50\x04\x80\x30\x80\xe0\xb0\xa0"
"\x08\x04\x60\xc0\x7f\x61\xc1\x11\x08\x03\x01\x14\xf5\x2f\x2c\x28"
"\x02\x40\x18\xe6\x5f\x58\x70\x00\x44\x20\x0c\x85\xfa\x0b\x0b\x86"
"\x00\x40\x7f\x61\xc1\x10\x00\xbe\x2f\x2c\x28\x04\x20\x18\x7a\x5f"
"\x58\x40\x04\x80\x40\xfb\xc2\x82\x22\x00\x84\x61\xf4\x85\x05\x86"
"\x10\x10\x03\x20\xfa\xc2\x82\x21\x00\xfe\x5e\x58\x60\x00\x83\x10"
"\x10\x75\x2f\x2c\x20\x02\x40\xa0\x7b\x61\x81\x21\x04\xc0\x40\xb8"
"\xbd\xb0\xa0\x01\x92\x40\x18\x88\xc2\x38\x94\x05\x31\x7b\x61\x81"
"\x21\x04\xc0\x40\x90\xbd\xb0\x60\x08\x00\x9b\x17\x16\x18\x03\x10"
"\x08\x04\xc8\x0b\x0b\x86\x00\xe8\x77\x61\xc1\x10\x00\xe9\x2e\x2c"
"\x30\x02\x40\x18\x88\x70\x17\x16\x1c\x05\x31\x08\x01\x00\xee\xc2"
"\x82\x64\x00\x02\xe1\x20\x8c\xe2\xd7\x85\x05\x47\x41\x0c\x42\x00"
"\xf8\xba\xb0\x60\x08\x00\x5e\x17\x16\x14\x01\x20\x0c\x71\x2e\x2c"
"\x30\x84\x80\x18\x00\x38\x17\x16\x0c\x01\xd0\xe6\xc2\x82\x21\x00"
"\xc0\x5c\x58\x30\x04\x00\x8e\x0b\x0b\x86\x00\x88\x71\x61\xc1\x10"
"\x00\x2a\x2e\x2c\x38\x06\x20\x10\x0a\x22\xc4\x85\x05\x43\x00\xf8"
"\xb7\xb0\xc0\x18\x80\x40\x20\xf8\x5b\x58\x30\x04\x80\x6e\x0b\x0b"
"\x8a\x00\x10\x86\xbf\x16\x16\x18\x42\x40\x0c\x80\x5f\x0b\x0b\x86"
"\x00\xd8\x6b\x61\x41\x72\x18\x00\x51\x04\xc2\x00\xd7\xc2\x02\xc4"
"\x00\x88\x22\x10\x86\xb7\x16\x16\x20\x06\x40\x14\x81\x30\xb8\xb5"
"\xb0\x00\x31\x00\xa2\x08\x84\x41\xad\x85\x05\x88\x01\x10\x45\x20"
"\x0c\x69\x2d\x2c\x28\x02\x01\x18\x78\x5a\x58\x70\x04\xc2\x40\x00"
"\x45\x4e\x0b\x0b\x8a\x00\x10\x86\x9b\x16\x16\x0c\x01\xa0\xd2\xc2"
"\x02\x22\x00\x04\x92\x16\x16\x10\x01\x20\xf8\xb3\xb0\x80\x08\x00"
"\xa1\x9f\x85\x05\x44\x00\x08\xfc\x2c\x2c\x28\x02\x40\x18\xd6\x59"
"\x58\x60\x08\x01\x31\x00\xea\x2c\x2c\x18\x02\xe0\x9c\x85\x05\x49"
"\x20\x0c\x44\x61\x1c\x00\x1c\x0b\x0b\x08\x01\x08\xc6\x58\x58\x40"
"\x00\x42\x20\xc6\xc2\x02\x26\x51\x80\x40\x18\x88\xc2\x38\x90\x30"
"\x16\x16\x30\x89\x02\x04\xc2\x40\x14\xc6\x81\x80\xb1\xb0\xa0\x08"
"\x00\x61\x18\x61\x61\x81\x21\x04\xc4\x00\x88\xb0\xb0\x60\x08\x80"
"\xff\x15\x16\x1c\xc0\x20\x04\x44\x41\xbf\xc2\x02\x04\x20\x8a\x41"
"\x08\x0c\xf6\x15\x16\x3c\xca\xc2\x34\x40\x20\x0c\x44\x61\x20\x47"
"\x92\xbe\xc2\x02\x03\x10\x82\x81\x38\x5f\x61\xc1\x10\x00\xba\x2b"
"\x2c\x40\x80\x60\x28\x0c\x42\xc0\x5d\x61\xc1\x10\x00\xb5\x2b\x2c"
"\x28\x02\x40\x18\xf4\x56\x58\x60\x08\x01\x31\x00\x79\x2b\x2c\x18"
"\x02\xc0\x6e\x85\x05\x89\x30\x04\x80\x51\x10\x07\xdb\x0a\x0b\x88"
"\x00\x10\xd6\x56\x58\x50\x04\x80\x30\x94\xad\xb0\x20\x01\x02\x81"
"\x28\x8c\x63\xe0\x59\x61\x81\x21\x04\xc0\x40\xe8\xac\xb0\x40\x01"
"\x02\xa1\x30\x0e\x64\x20\x5e\x56\x58\x60\x00\x42\x30\x10\x2d\x2b"
"\x2c\x28\x02\x40\x18\x7a\x54\x58\x60\x08\x01\x31\x00\x3c\x2a\x2c"
"\x18\x02\x20\x47\x85\x05\x49\x20\x0c\x44\x61\x1c\x40\x78\x0a\x0b"
"\x08\x01\x08\x68\x53\x58\x50\x04\x80\x30\xd8\xa5\xb0\xc0\x10\x02"
"\x62\x00\xea\x52\x58\x30\x04\x80\x5c\x0a\x0b\x0c\x61\x08\x00\xc2"
"\x27\x85\x05\x8f\xb2\x30\x0d\x10\x08\x03\x51\x18\xc8\x91\xec\xa4"
"\xb0\xa0\x08\x00\x61\xc8\x49\x61\x41\x11\x00\xc2\xd0\x8e\xc2\x02"
"\x43\x08\x88\x01\x60\x47\x61\xc1\x10\x00\xe9\x28\x2c\x48\x02\x61"
"\x20\x0a\xe3\x00\xe4\x50\x58\x40\x08\x40\x50\x86\xc2\x82\x22\x00"
"\x84\xc1\x04\x85\x05\x86\x10\x10\x03\x50\x82\xc2\x82\x21\x00\x44"
"\x50\x58\x80\x00\x44\x31\x08\x81\xe1\xfe\xc1\x82\x47\x59\x98\x06"
"\x08\x84\x81\x28\x0c\xe4\x48\xd6\x3f\x58\x50\x04\x80\x30\xa4\x7f"
"\xb0\xa0\x08\x00\x61\xe0\xfb\x60\x81\x21\x04\xc4\x00\xec\x7d\xb0"
"\x60\x08\x00\xbc\x0f\x16\x18\xc0\x20\x04\x44\xdb\x07\x0b\x0a\x40"
"\x08\x06\xb3\x0f\x16\x2c\x40\x20\x0c\x44\x61\x24\xc8\x31\xf6\xc1"
"\x82\x22\x00\x84\x21\xec\x83\x05\x45\x00\x08\x43\xcd\x07\x0b\x8a"
"\x00\x10\x06\x94\x0f\x16\x0c\x01\xa0\xef\xc1\x02\x03\x08\x04\x62"
"\xe0\xf5\x60\x81\x31\x00\x81\x40\xec\x7a\xb0\x60\x08\x00\x5c\x0f"
"\x16\x18\x00\x31\x08\x81\x39\x2c\x28\x06\x21\x00\x6a\x3c\x58\x50"
"\x0c\x42\x00\xcc\x78\xb0\xe0\x69\x98\x45\x49\x90\xc3\x28\x88\x41"
"\x08\x00\x19\x0f\x16\x20\x03\x10\x08\x46\x41\xc4\x78\xb0\x80\x92"
"\x22\xc8\x79\x98\x46\x59\x92\x03\x31\x0a\x62\x10\x02\x00\xc6\x83"
"\x05\x43\x00\xb8\x78\xb0\xa0\x08\x00\x61\x18\xef\x60\x81\x21\x04"
"\xc4\x00\x88\x77\xb0\x60\x08\x80\xdf\x0e\x16\x0c\x01\x30\xdb\xc1"
"\x82\x21\x00\x56\x3b\x58\x30\x04\x00\x69\x07\x0b\x86\x00\xe8\xeb"
"\x60\xc1\x31\x00\x81\x50\x10\x74\x1d\x2c\x18\x02\x20\xae\x83\x05"
"\xc6\x00\x04\x02\xf1\xd6\xc1\x82\x22\x00\x84\xa1\x9e\x83\x05\x86"
"\x10\x10\x03\x40\xcf\xc1\x82\x21\x00\xe2\x39\x58\x90\x1c\x06\x40"
"\x14\x81\x30\x94\x73\xb0\x00\x31\x00\xa2\x08\x84\x81\x9c\x83\x05"
"\x88\x01\x10\x45\x20\x0c\xe3\x1c\x2c\x40\x0c\x80\x28\x02\x61\x10"
"\xe7\x60\x01\x21\x00\x01\x38\x07\x0b\x86\x00\xf8\xe5\x60\x41\x11"
"\x08\xc0\x20\xcb\xc1\x82\xa3\x20\x06\x01\x08\x5e\x39\x58\x30\x04"
"\x00\x1d\x07\x0b\x86\x00\x70\xe3\x60\x41\x21\x04\xc0\xd0\xc3\xc1"
"\x02\x22\x00\x84\x1b\x0e\x16\x10\x01\x20\xd4\x70\xb0\xa0\x08\x00"
"\x61\x20\xe1\x60\x81\x21\x04\xc4\x00\x8c\x70\xb0\x60\x08\x00\x10"
"\x0e\x16\x0c\x01\x40\xbf\xc1\x82\x21\x00\xd8\x37\x58\x30\x04\x40"
"\xf9\x06\x0b\x86\x00\xf0\xdd\x60\xc1\x31\x00\x81\x50\x10\xb5\x1b"
"\x2c\x18\x02\x40\x76\x83\x05\xc6\x00\x04\x02\x01\xbb\xc1\x82\x21"
"\x00\xe0\x36\x58\x50\x04\x80\x30\xd4\x6c\xb0\xc0\x10\x02\x62\x00"
"\x68\x36\x58\x30\x04\x40\xcc\x06\x0b\x92\xc3\x00\x88\x22\x10\x06"
"\x93\x0d\x16\x20\x06\x40\x14\x81\x30\x94\x6c\xb0\x40\x41\x88\x22"
"\x10\x06\xc0\x38\x46\x36\x58\x50\x04\x80\x30\xfc\x6b\xb0\xc0\x00"
"\x84\x21\x20\xee\x35\x58\x70\x14\xc4\x20\x00\x01\xbd\x06\x0b\x8c"
"\x41\x00\x02\x22\x5d\x83\x05\x43\x00\x9c\x6b\xb0\x60\x08\x80\x5e"
"\x0d\x16\x10\x01\x20\xcc\x6a\xb0\xa0\x08\x00\x61\x10\xd5\x60\x81"
"\x21\x04\xc4\x00\x84\x6a\xb0\x60\x08\x00\x3f\x0d\x16\x1c\x83\x00"
"\x04\x44\x51\xa7\xc1\x02\x65\x10\x80\xa0\x20\x0e\x03\xa1\xd3\x60"
"\x01\x11\x00\xc2\x9c\x06\x0b\x0c\x21\x00\x06\xa2\x4d\x83\x05\x0e"
"\xa0\x2c\x4c\x72\x20\x85\x41\x0c\x42\xa0\xa6\xc1\x82\x22\x00\x84"
"\x01\x4d\x83\x05\x45\x00\x08\xc3\x8e\x06\x0b\x92\x40\x18\x88\xc2"
"\x38\x00\xf8\x0c\x16\x2c\x40\x20\x0c\x44\x61\x20\x47\x32\x97\xc1"
"\x82\x21\x00\xe0\x32\x58\x50\x04\x02\x30\xb4\x65\xb0\x60\x02\x02"
"\x61\x20\x0a\xc3\x39\x90\x44\x59\x98\xe6\x81\xa2\xb5\x0c\x16\x44"
"\x40\x20\x0c\x44\xc1\x34\xc6\x81\x24\xca\xe2\x3c\x6a\x19\x2c\x18"
"\x02\x00\x2d\x83\x05\x43\x00\xd0\x64\xb0\x60\x08\x80\x95\x0c\x16"
"\x0c\x01\x30\x92\xc1\x82\x21\x00\xf6\x31\x58\x70\x0c\x40\x20\x10"
"\x45\x3c\x06\x0b\x86\x00\x70\xc7\x60\x81\x31\x00\x81\x40\xac\x63"
"\xb0\x80\x00\x84\x40\x1c\x83\x05\x43\x00\xfc\x62\xb0\xa0\x08\x00"
"\x61\x20\xc5\x60\x81\x21\x04\xc4\x00\x8c\x62\xb0\x60\x08\x00\x50"
"\x0c\x16\x18\xc0\x20\x04\x84\x1d\x06\x0b\x88\x00\x10\xd8\x30\x58"
"\x30\x04\x40\x18\x06\x0b\x16\x20\x40\x12\x61\x20\x0a\xe3\xf8\xc1"
"\x60\xc1\x02\x04\x48\x22\x0c\x44\x61\x1c\x3e\x18\x2c\x18\x02\x80"
"\x07\x83\x05\x44\x00\x08\x2a\x18\x2c\x28\x02\x40\x18\xe2\x6f\x81"
"\x21\x04\xc4\x00\xc0\xdf\x82\x21\x00\xda\x6f\xc1\x10\x00\xe1\xb7"
"\x60\x08\x80\xdc\x5b\x30\x04\x80\xec\x2d\x18\x02\x60\xf5\x16\x1c"
"\x03\x10\x08\x05\x21\x7a\x0b\x86\x00\xf8\xbb\x05\xc6\x00\x04\x02"
"\xd1\x77\x0b\x92\x81\x00\x02\xa1\x30\x8e\xb7\x5b\x30\x04\x40\xd8"
"\x2d\x28\x02\x40\x18\x4c\x6e\x81\x21\x04\xc4\x00\x94\xdc\x82\x21"
"\x00\x44\x6e\x01\x11\x00\x02\xbe\x2d\x48\x80\x82\x10\x86\xc0\x38"
"\xea\x6d\x81\x02\x18\x07\x21\x0c\x41\x81\xb4\xdb\x02\x48\x28\x8c"
"\x01\x58\x98\xc6\x49\x94\xe0\x40\x08\x75\x5b\x60\x00\x42\x30\x10"
"\xe8\xb6\x60\x08\x00\x5d\x5b\x60\x00\x81\x40\x0c\x7c\xb6\xc0\x18"
"\x80\x40\x20\xf6\x6c\xc1\x10\x00\x78\xb6\x20\x09\x84\x81\x28\x8c"
"\x03\xf8\xaf\x05\x49\x20\x0c\x44\x61\x1c\x80\x6c\x2d\x20\x00\x21"
"\x98\x85\x05\x44\x20\x00\xa6\xb5\xa0\x10\x02\x60\x18\xad\x05\xc8"
"\x00\x04\x02\x51\x18\xa2\xb5\x60\x08\x80\xd0\x5a\x70\x01\x0f\x34"
"\x05\xc2\x40\x14\xc6\x11\x21\x89\xb2\x30\x8d\x23\x51\x15\x68\x2d"
"\x18\x02\xc0\xaf\x16\x2c\x40\x82\x1c\x06\x51\x08\x43\x20\x0b\x0b"
"\x86\x00\x50\xab\x05\x43\x00\x84\xd5\x82\x21\x00\x62\x61\xc1\x10"
"\x00\x39\xb5\x60\x08\x00\x58\x58\x30\x04\x40\x4c\x2d\x18\x02\xe0"
"\x15\x16\x1c\x03\x10\x08\x44\x71\x52\x0b\x18\x25\x41\x0e\x83\x28"
"\x84\x01\x08\x5c\x61\xc1\x10\x00\x24\xb5\xc0\x18\x80\x40\x20\x42"
"\x6a\x01\x01\x08\x01\x3e\x2d\x28\x02\x40\x18\x74\x69\x81\x21\x04"
"\xc4\x00\xe4\xd2\x82\x21\x00\x6c\x69\x01\x11\x00\xc2\x29\x2d\x20"
"\x02\x40\x20\xa5\x05\x43\x00\xe4\xd1\x02\x05\x08\x0e\x44\x18\x88"
"\xc2\xb8\xa3\x05\x43\x00\xd0\xd1\x02\x22\x00\x84\x39\x5a\x50\x04"
"\x80\x30\xe4\xd0\x02\x43\x08\x88\x01\xc0\xa1\x05\x43\x00\xd4\xd0"
"\x82\x03\x20\x06\x21\x28\x56\x68\x01\x11\x00\x82\x0a\x2d\x28\x02"
"\x40\x18\x48\x68\x81\x03\x04\xca\xc2\x0c\x44\x61\x1c\x48\x22\x84"
"\xd0\x82\x22\x00\x84\xe1\x7f\x16\x30\x80\x92\x18\x07\x42\x14\xc2"
"\x10\xb4\xc2\x02\xa6\x20\x94\x01\x49\x02\xc1\x38\x00\x56\x58\xc0"
"\x00\x4a\x62\x1c\x08\x51\x08\x43\xb0\x0a\x0b\x98\x82\x50\x06\x24"
"\x09\x04\xe3\x00\x54\x61\x01\x03\x28\x89\x71\x20\x44\x21\x0c\x41"
"\x2a\x2c\x60\x0a\x42\x19\x90\x24\x10\x8c\x03\x40\x85\x05\x44\x00"
"\x08\x70\xb3\x60\x08\x80\xb7\x59\x50\x04\x80\x30\xb0\xcc\x02\x43"
"\x08\x88\x01\x58\x99\x05\x43\x00\xa0\xcc\x02\xc4\x20\x8a\x21\x10"
"\x00\x67\xc1\x10\x00\xf7\xb2\xe0\x00\x88\x21\x10\x0a\x7b\x59\x00"
"\x06\x5e\x97\x69\x1b\x67\x5d\x58\x35\x51\x50\x24\x35\xce\xa3\x2c"
"\xcc\x20\x20\x49\x00\x18\x07\x51\x9c\xc2\x82\x02\x10\x82\xe1\x5d"
"\x16\x10\x01\x20\xb4\xcb\x82\x22\x00\x84\x81\x57\x16\x18\x42\x40"
"\x0c\xc0\xae\x2c\x18\x02\x00\x57\x16\x14\x42\x00\x0c\xae\xb2\xa0"
"\x08\x00\x61\x38\x95\x05\x8e\x02\x24\xc8\x61\x14\xc4\x32\x30\x42"
"\x60\x0a\x0b\x16\xe0\x40\x12\x61\x20\x0a\x23\x20\x95\x05\x45\x00"
"\x08\x83\xa8\x2c\xa0\x83\x03\x49\x94\x45\x0c\x84\x34\x08\x03\xa6"
"\x01\x83\x38\x70\x1e\xef\x83\x03\x34\xd8\xce\x80\xeb\xde\xc0\x0c"
"\xb0\x32\xc8\x34\x37\x20\x03\x60\x0c\x82\x4b\x0d\x06\xa2\x30\x2a"
"\xab\x0d\xd6\x00\x8a\x26\x8a\x0d\xe4\x40\x82\x16\x2c\x09\x72\x18"
"\x05\x31\x08\x01\x50\x0a\x0b\xd0\x80\x0c\xcc\x00\x28\x83\x31\x08"
"\xc4\x20\x0c\x04\x30\xe8\xbe\xc1\xc3\x34\x22\xe3\xb6\xa9\xa2\x2e"
"\xcb\x81\x8a\x47\x32\xa2\xa5\x39\x18\x25\x41\x48\x61\x41\xa3\x24"
"\x48\x61\x1c\x03\x11\x08\xc0\xf2\x07\x0b\x1a\x25\x41\x0a\xe3\x18"
"\x88\x40\x00\x16\x3f\x58\x10\x29\x09\x52\x18\xc7\xe3\x34\xcc\x40"
"\x04\x02\xb0\xf4\xc1\x82\x6b\xa2\xa4\xe8\x81\x1a\x47\x59\x98\x03"
"\x49\x88\xc2\x08\x84\x01\xa8\xf8\x60\x41\xa3\x24\x48\x61\x1c\x03"
"\x11\x08\xc0\xb2\x07\x0b\x1a\x25\x41\x0a\xe3\x18\x88\x40\x00\x16"
"\x3d\x58\x30\x04\xc0\x9b\x2c\x18\x02\x20\x4d\x16\x0c\x01\x30\x26"
"\x0b\x86\x00\xf8\x91\x05\x43\x00\xe4\xc8\x82\xe8\x70\x1e\x83\x29"
"\x94\x85\x10\x86\x00\x49\x80\x66\x0e\x16\x10\x02\x10\xb8\xc8\x82"
"\x21\x00\x4e\x64\xc1\x73\x18\x4c\xa1\x2c\x84\x30\x04\x48\x02\x34"
"\x70\xb0\x20\x3a\x9c\xc7\x60\x0a\x65\x21\x84\x21\x40\x12\xa0\x71"
"\x83\x05\x43\x00\xf0\xc7\x82\xa3\x18\x80\x80\x10\xec\x63\x81\x41"
"\x08\x40\x30\xcc\xc7\x02\x03\x08\x08\x61\x90\x8f\x05\x09\x60\x14"
"\x81\x70\x0c\x04\x7b\x2c\x18\x02\x60\x3d\x16\x10\x42\x00\x30\x0b"
"\x86\x00\x28\x8f\x05\x1c\x20\x04\x04\x76\x59\x55\x41\x4d\x86\x14"
"\x41\x8f\xd3\x0c\xcc\xa2\x24\xc8\x91\x69\xe1\xb1\x40\x1e\xe0\x21"
"\x0f\xee\xc0\x0e\x5a\xc1\x15\xde\x01\x08\x84\x81\x28\x0c\x56\x58"
"\x05\x55\x48\x05\x54\x50\x16\xe6\x14\x8e\xc6\x79\x4c\x61\x0e\xe4"
"\x20\x0e\xe0\x80\x14\x46\xe1\x0d\xdc\xa0\x0d\xd8\xa0\x14\x5e\x61"
"\x0d\xd4\x20\x0d\xd0\x40\x14\x60\x21\x16\xce\x01\x1d\xce\xc0\x0c"
"\xca\x80\x0c\xc6\x40\x0c\xc2\x00\x0c\x42\x41\x16\x66\x81\x16\x3e"
"\xaf\xe3\x36\x2d\xc3\x40\xa1\x16\x12\x5b\xb8\x05\x5c\x48\x87\x76"
"\x60\x87\x75\x50\x87\xcb\xaa\xa8\x49\x8a\xa0\x3f\xc8\x05\x5d\xd8"
"\x05\x3f\xe0\x85\x5e\xa8\x03\x3a\xf0\x85\x5f\xe8\x03\x70\x08\x07"
"\x3e\x10\x87\x71\xd8\x03\x3d\x20\x87\x72\x40\xf0\xc0\x1d\xcc\xc1"
"\x0c\x16\x94\x83\x1d\xd0\xc1\x1c\xa8\xc2\x2a\x00\x81\x30\x10\x85"
"\x91\x0a\xa8\x70\x0a\xa6\x50\x0a\x07\x92\x90\x82\xb2\x30\xa3\x00"
"\x07\x6f\xe0\x06\x6d\x10\x0a\xa0\xc0\x06\x6b\xa0\x06\x69\x20\x0a"
"\xac\x80\x06\x67\x60\x06\x65\xf0\x07\xad\xe0\x0a\x64\x30\x06\x62"
"\x10\x06\x60\xf0\x79\x9d\x1f\xbc\x02\x2c\xc4\x02\xb7\x69\x19\x76"
"\x59\x55\x1f\xc8\xc2\x2c\xd0\x42\x2d\x50\x93\x14\x41\x8f\xd3\xf0"
"\x81\x2d\xdc\x02\x2e\xec\x41\x2e\xe8\x82\x1c\xc4\xc1\x2e\xf0\x82"
"\x1e\xf4\x82\x2f\xe4\xc1\x2f\x80\x03\x1e\xdc\x41\x38\x88\x43\x1d"
"\x8c\x43\x19\x2c\x28\x07\x3b\xa0\x83\x39\x50\x85\x55\x00\x02\x61"
"\x20\x0a\x23\x15\x50\xe1\x14\x4c\xa1\x14\x0e\x24\x21\x05\x65\x61"
"\x46\x01\x0e\xde\xc0\x0d\xda\x20\x14\x40\x81\x0d\xd6\x40\x0d\xd2"
"\x40\x14\x58\x01\x0d\xce\xc0\x0c\xca\xe0\x0f\x5a\xc1\x15\xc8\x60"
"\x0c\xc4\x20\x0c\xc0\xe0\xf3\x3a\x3f\x78\x05\x58\x88\x05\x6e\xd3"
"\x32\xec\xb2\xaa\x3e\x90\x85\x59\xa0\x85\x5a\xa0\x26\x29\x82\x1e"
"\xa7\xe1\x03\x5b\xb8\x05\x5c\xd8\x83\x5c\xd0\x05\x39\x88\x83\x5d"
"\xe0\x05\x3d\xe8\x05\x5f\xc8\x83\x5f\x00\x07\x3c\xb8\x83\x70\x10"
"\x87\x3a\x18\x07\x32\x58\x20\x01\x4f\x30\x38\x0d\xc1\x14\x8b\x92"
"\x08\xc8\x61\x40\xb8\xb1\x20\x16\x5c\x21\x00\x84\xe1\x0f\x40\x21"
"\x14\x4a\x81\x14\x46\x41\x14\x52\x01\x15\x4e\xc1\x14\x56\x41\x15"
"\x58\xa1\x15\xf0\x20\x0f\xf6\x40\x0f\xf8\xa0\x0f\xee\xc0\x0f\xe4"
"\x20\x0e\xe6\x80\x0e\xea\xc0\x0e\xce\xc0\x0c\xd0\x20\x0d\xd6\x40"
"\x0d\xd8\xa0\x0d\xdc\xe0\x0d\xe0\x60\xd3\xb8\xee\xf3\xc0\x20\x0c"
"\xc4\x60\x0c\xc8\xa0\x0c\xa0\x27\x92\xa8\xa9\xb2\x2e\x2c\x53\x98"
"\xa5\x71\x0e\x24\x21\x0a\xe3\x15\x6e\x63\x01\x6f\x00\x81\x30\x10"
"\x85\x71\x20\x89\xb2\x30\x8d\xf3\x40\x91\x34\x51\x95\x75\x61\x99"
"\xb6\x71\x9d\xf7\x81\x41\x18\x88\xc1\x18\x90\x41\x19\x98\xc1\x19"
"\xa0\x41\x1a\xa8\xc1\x1a\xb0\x41\x1b\xb8\xc1\x1b\xc0\x41\x1c\xc8"
"\xc1\x1c\xd0\x41\x1d\xd8\xc1\x1d\xe0\x41\x1e\xe8\xc1\x1e\xf0\x41"
"\x1f\xf8\xc1\x1f\x80\x42\x28\x88\xc2\x28\x90\x42\x29\x98\xc2\x29"
"\xa0\x42\x2a\xa8\xc2\x2a\xb0\x42\x2b\xb8\xc2\x2b\xc0\x42\x2c\xc8"
"\xc2\x2c\xd0\x42\x2d\xd8\xc2\x2d\xe0\x42\x2e\xe8\xc2\x2e\xf0\x42"
"\x2f\xf8\xc2\x2f\x80\x43\x38\x88\xc3\x38\x90\x43\x39\x98\xc3\x39"
"\xa0\x43\x3a\xa8\xc3\x3a\xb0\x43\x3b\xb8\xc3\x3b\xc0\x43\x3c\xf4"
"\x84\x4f\xfc\x04\x58\x84\xc4\x3f\x80\x84\x48\xf4\x83\x3f\x8c\xc4"
"\x3e\xf0\x03\x49\xe4\x83\x3e\x94\xc4\x3d\xe0\x83\x49\x9c\x84\x3d"
"\x84\x85\x58\x8c\x05\x59\x94\x85\x59\x9c\x05\x5a\xa4\x85\x5a\xac"
"\x05\x5b\xb4\x85\x5b\xbc\x05\x5c\xc4\x85\x5c\xe0\x46\x6e\xe8\xc4"
"\x4e\xcc\x05\x5d\xd4\x85\x5d\xdc\x05\x5e\xe4\x85\x5e\xe8\xc6\x5e"
"\xf0\x45\x5f\xf8\xc5\x5f\x80\x46\x68\x88\x46\x4c\xc8\xc4\x4c\xd0"
"\x44\x4d\xd8\xc4\x4d\xe0\x44\x4e\x8c\x06\x69\x94\x86\x69\xc0\x84"
"\x3c\xbc\x04\x4b\xb4\xc4\x69\xa0\x46\x6a\xa8\x06\x4a\xa4\x84\x4a"
"\xac\x84\x4b\xac\x06\x6b\xb4\x86\x6b\xbc\xc6\x3c\xd0\x43\x3d\xc0"
"\x46\x6c\xc8\xc6\x6c\xd0\x46\x6d\xd8\xc6\x6d\xf0\xc4\x18\x2c\xd8"
"\x83\x3b\x38\xec\xa0\x0e\x80\x40\x18\x88\xc2\x78\x03\x38\x88\x03"
"\x39\xa0\x83\x39\x58\x03\x36\x70\x83\x36\x50\x83\x33\x30\x03\x34"
"\x48\x03\x30\xf8\xc2\x60\x0c\xc4\x80\x0c\xca\x20\xc3\x34\x6e\xeb"
"\x3c\x29\x9a\x2a\xca\xba\x1a\x07\x7a\x94\x85\x41\x92\x3c\xc0\x03"
"\x31\x58\x50\x08\x01\x30\x84\xc1\x02\x34\x18\x03\x20\x10\xc0\x20"
"\x0c\xc4\x80\xeb\xbc\x2f\xd3\xb6\xca\xba\x30\x28\x92\x26\x8a\x69"
"\x9c\x27\x51\x16\xe3\x40\x06\xa2\x20\x83\x32\x30\x03\xd8\x58\x40"
"\x1a\x7f\x11\x1a\xa0\x41\x18\x45\x30\x08\x07\x02\xe0\x44\x4e\x24"
"\xca\xc2\x34\xce\xc3\x13\x3b\xa1\x13\x3f\xe1\x13\x3d\x21\x16\x61"
"\x01\x16\x65\x41\x16\x63\x71\x16\x66\x81\x16\x6a\x91\x16\x6e\xd1"
"\x16\x6c\xb1\x16\x70\xf1\x16\x74\x31\x17\x72\x11\x17\x76\x51\x17"
"\x7a\xc1\x17\x7b\x71\x17\x79\x81\x17\x7d\xe1\x17\x25\x91\x12\x50"
"\xb4\x12\x2a\xc1\x12\x2e\xd1\x12\x32\x41\x13\x33\xf1\x12\x31\x01"
"\x13\x35\x61\x13\x26\x81\x12\x27\x71\x13\xfb\xd0\x0f\xfc\x80\x0f"
"\xfa\x90\x0f\xfe\x20\xfd\x03\x48\x88\x44\x48\x8c\x04\x49\x94\xc3"
"\x39\x98\x83\x38\x90\xc3\x38\xa0\x43\x3a\xb4\xc3\x3b\xb8\x03\x3b"
"\xac\x83\x3a\xc0\x43\x3c\xc8\x03\x3d\xcc\x43\x3d\xd8\xc3\x3d\xc0"
"\xc2\x2b\xb8\x42\x2b\xb0\xc2\x2a\xc4\x82\x2c\xe0\xc2\x2d\xd8\x42"
"\x2d\xd0\xc2\x2c\xe4\x82\x2e\xf4\x02\x2f\xec\x82\x2f\xfc\x02\x38"
"\x84\x83\x1e\xe4\x01\x1e\xdc\x81\x1d\xd4\xc1\x1e\xf0\x81\x28\x84"
"\x02\x28\xfc\x81\x1f\xf4\xc1\x28\x4c\xa4\x70\x0a\xa6\x50\x0a\xa8"
"\x90\x0a\xaa\xa0\x06\x69\x80\x06\x6b\xc0\x06\x72\x10\x07\x70\xf0"
"\x06\x6e\xd0\x06\x73\x40\x07\x60\xf0\x79\x61\x20\x06\x65\x40\x06"
"\x63\x60\x06\x67\x80\x51\xd5\x65\x6d\x5a\xc6\x75\xa2\xf1\x1a\x0b"
"\xe2\x01\x14\xfe\xc0\x0f\x68\xa1\x16\x80\x40\x18\x88\xc2\x98\x05"
"\x59\x88\x05\x58\x78\x85\x03\x49\x5c\x41\x59\x98\x56\xd8\x03\x3d"
"\xc8\x03\x3c\x58\x05\x55\xb8\x03\x3b\xa8\x03\x3a\x60\x05\x5b\x98"
"\x03\x39\x88\x03\x38\x48\x85\x5b\xc0\x85\x37\x90\xdc\xa0\x0d\xd8"
"\x60\x0d\xd4\x20\x0d\xd0\x00\x15\x72\x41\x17\x76\xe1\x0c\x1e\x33"
"\x70\xca\x60\x0c\xc8\x40\x0c\xc2\x00\x02\x03\xef\x3b\x85\x88\x17"
"\x7a\xc1\x17\x7e\xa1\xe3\x1a\x6d\xc3\xb2\xcb\xaa\x28\x53\x00\x87"
"\x70\x10\x87\x52\x18\x07\x72\xe8\x03\x3e\x28\x07\x73\x20\x85\x73"
"\x40\x87\x51\x48\x07\x75\x10\x85\x50\x58\x07\x76\x68\x07\x77\x98"
"\xde\x01\x59\x30\x04\xc0\x69\x2c\x28\x06\x01\x08\xe6\x62\xc1\x21"
"\x04\x03\x01\x14\xc7\x82\x02\x10\x86\xe0\x2c\x16\x84\x02\x1e\x20"
"\x89\xb2\x30\x7f\xe0\x07\x03\x1c\xbc\x41\x23\xf4\x01\x1f\x38\x0f"
"\x14\x85\xc1\x1d\x48\x13\x55\x59\x76\xe0\x06\x6d\x70\xb1\xc1\x1a"
"\xec\x01\x18\xd4\x81\x1a\xa4\x01\x1a\x9c\x81\x1e\x7c\x74\x60\x06"
"\x65\x80\x91\xc1\x18\x74\x59\x1e\x78\x71\x40\x14\xc6\x11\x68\x72"
"\xb0\x01\x73\xc0\x89\xc1\xb7\x60\x24\xd4\xa1\x89\xd8\xc1\x61\x1e"
"\x68\x1d\xa4\x74\x28\x07\x73\x38\x07\x56\xe8\x87\x54\x58\x54\x61"
"\x15\xf8\xa1\x15\xd0\x41\x1c\xc6\xe1\x14\xf6\x81\x14\x94\x52\x30"
"\x05\x7d\x40\x05\x72\x08\x07\x3f\x10\x85\x7c\xf8\x83\x04\x14\x42"
"\x01\x1f\x46\xe1\x17\xc0\xe1\xb0\x83\x3b\xd8\x03\x7b\xc0\x03\x24"
"\x0f\xf4\xa0\x1e\xf8\x80\x17\xee\xa1\x0f\x7a\xc1\x17\xe6\x60\x1e"
"\xe8\x20\x17\xe8\xa1\x0e\x74\x61\x17\x08\x34\x08\x09\x90\x60\x03"
"\x78\x48\x83\x42\x0d\xd6\xe0\x1d\xda\xc0\x16\xe2\x40\x1e\xdc\xc0"
"\x78\x03\x38\x88\x07\x39\xb8\x05\x5c\xe0\xba\x30\xf0\x84\x0f\x0c"
"\x66\x41\x0c\x68\xc1\x0c\xdc\x61\x0c\x06\x32\x28\x83\x76\x38\x83"
"\x5a\x00\xa8\xca\xd2\xae\x00\xcb\x60\x61\x8b\x05\x59\x98\x5c\xe1"
"\x15\xfc\xe1\x1f\xba\x05\x5b\xc3\x2c\xca\x95\x1c\x88\x35\x51\x15"
"\x51\x18\x91\x24\x0c\xc0\x03\x05\x0e\x96\x71\x0b\xc0\x01\x0d\xd2"
"\xe0\x0c\x3a\x2f\x92\x72\xc1\x17\x1a\xe7\xa9\x03\x86\x0e\x68\xa1"
"\x16\x6c\x41\x0e\xe6\x00\x17\x96\x5b\x80\x85\x58\x80\x83\x38\x98"
"\x05\x45\x16\x5e\xa1\x0d\xdc\xe0\x0d\x5a\x21\x61\x05\x57\x38\xcc"
"\x40\x0d\xd6\x00\x15\x90\x53\x50\x05\x36\x48\x85\x55\x18\x83\x5e"
"\x18\x05\x32\x10\x85\x52\x28\x03\x52\x30\x05\xe2\x03\x03\x3f\x28"
"\xfa\x20\x0c\xc4\x00\x14\x8c\x3f\x08\x85\x0b\xcb\x34\x41\x0f\x36"
"\x8e\x0f\x86\x3d\x00\x26\xaa\xb2\x02\x3c\xc8\x03\xc8\x0e\xee\x40"
"\x17\x76\x81\x17\xb6\x05\xc5\x20\x00\xc1\x4c\x2c\x48\x06\x21\x00"
"\x88\xc2\x38\x64\x62\x81\x1a\x00\x81\x50\x06\x66\x30\x06\x64\x10"
"\x06\x62\xe0\x7d\x60\x90\x69\x1b\xd7\x59\x17\x06\x45\xd2\x44\x55"
"\xca\xc2\x34\xce\x43\x14\xc6\x81\x24\xc3\x19\xa0\x81\xb6\xc0\x00"
"\x84\x60\x20\x58\x62\xc1\x31\x04\x02\x50\x10\x27\xb1\xa0\x08\x80"
"\x41\x30\x89\x05\x3e\x71\xd4\x84\x4d\xa8\x82\x29\xdc\x04\x96\x01"
"\x81\xb6\xa5\x02\x14\x49\xd3\x3c\xd0\x03\x2a\x9c\xc2\x53\x0f\xf6"
"\x70\x0f\xf8\x90\x0f\xfa\xb0\x0f\xfc\xc0\x34\xde\xb7\x0e\xec\x50"
"\x0a\xa4\xe0\xb4\x83\x3b\xfc\x03\x48\x84\x84\x48\x9c\x03\x3a\x8c"
"\x82\x28\x2c\xe9\xa0\x0e\xfd\xe0\x0f\x7f\x30\x0e\xe4\x10\x0a\xa0"
"\x50\x0e\xe6\xd0\x81\xc1\x48\x90\x04\x45\x14\xc6\x19\xe8\xc1\x2f"
"\x80\x03\x1f\xec\x41\x38\x88\x03\x17\x06\x62\x30\x06\xbb\xc0\x0b"
"\x7e\xd0\x07\xbd\xe0\x0b\x25\x61\x12\x95\x75\xd5\x01\x4e\xdc\x02"
"\x2e\xdc\x81\x1d\xe4\x82\x2e\xcc\x02\x2d\xe4\x01\x1e\xd4\x82\x2d"
"\x9c\x04\x4a\xc0\x81\x4e\xe4\xc4\x2b\xc0\x82\x1c\xc4\x41\x2c\xc8"
"\x02\x19\xac\x02\x2b\xd0\xc1\x1c\xb4\x82\x2b\x94\x41\x4a\xa8\x04"
"\x1b\xb4\xc1\x4a\xb0\x84\x30\xbc\x03\x3c\xbc\x81\x1b\x28\xf1\x20"
"\x0f\x69\xa0\x06\x6b\x90\xb4\x84\x4b\xbc\x04\x4c\xa0\x01\x12\x13"
"\x32\x31\x13\x34\x61\x06\x3b\xc1\x13\xd9\x02\x8b\x01\xa2\x07\x5a"
"\x24\xe5\x40\x92\xc2\x18\x08\x61\xa2\x1a\x27\xc0\x16\x10\x42\x00"
"\x34\x0b\x34\x20\xb0\x1a\x25\xa9\x10\xea\x30\xa6\x82\x90\x06\x61"
"\x81\x98\xc8\x79\x2e\xcc\x58\x50\x0d\x40\x24\x21\x09\x64\x3c\x44"
"\xe1\x28\x4b\x13\x08\xcc\x31\x5d\x0b\x0a\x40\x08\x86\x62\x81\x3d"
"\xc0\xc3\x3b\xb4\x83\x3b\x28\x09\x72\x18\x45\x39\x98\xc3\x39\xa0"
"\x43\x3a\xb0\x83\x3a\xac\x83\x07\x0e\xe1\x40\x0e\xe2\x30\x0e\xbf"
"\xa0\x0b\xbd\xb0\x0b\xbc\xe0\x0b\xb2\xe0\x06\x6f\x00\x07\x71\x20"
"\x07\x73\x50\x0b\xb3\x40\x0b\xb8\x60\x0b\xb7\x90\x0b\xaa\xd0\x0a"
"\xab\xc0\x0a\xb0\xe0\x0a\xaf\x10\x0b\xa2\xf0\x81\x41\x18\x88\xc1"
"\x18\x90\x41\x19\x98\x01\x1a\xa4\x81\x1a\xac\x01\x1b\xb4\x41\x29"
"\x8c\x02\x29\xa0\x82\x29\x74\xdb\x29\xa4\x02\x1f\x00\x01\xd7\x07"
"\x7e\x10\x0a\x7f\x00\x0a\x77\x80\x07\xc2\x40\xe4\x81\x1e\xec\x01"
"\x1d\x9c\x41\x1d\xd8\xc1\xc2\x34\xce\x03\x45\xd2\x44\x55\xd6\x85"
"\x65\x5a\x3c\xc8\xc3\x3c\xd0\x83\xb5\x20\x16\xce\x80\x8b\xe0\x00"
"\x08\x84\x81\x28\x0c\x56\x68\x85\x3e\xc8\x03\x3c\x40\x83\x34\x50"
"\x83\x35\x60\x83\x36\x70\x03\x55\x58\x85\x3b\x20\x83\x32\x30\x03"
"\x54\x78\x83\x54\xb0\x83\x3a\xe8\xbc\x0f\x0c\xc2\x40\x0c\xc6\xc0"
"\x14\x4e\x81\x0e\xe6\x20\xd3\x36\x52\x28\x05\x39\x88\x03\x69\xa2"
"\x2a\xeb\xc2\xf4\x60\x0f\x40\x81\x0f\x9c\x07\x12\x85\x51\xf0\x83"
"\x3f\x38\x90\x44\x59\x98\x26\x14\x5c\xe1\x15\x88\x05\xe4\x02\x90"
"\x43\x90\x0b\xba\x20\xa8\xc2\x2a\xc8\xc6\x40\xc4\xca\x4c\xb0\x45"
"\x5b\xb8\x85\x9e\x14\xa6\x70\x0a\xa8\xf0\x23\x21\x52\x0a\x3e\x02"
"\x22\xa7\x32\x1b\x34\x61\x1c\x32\xf1\x16\x70\x11\x17\x3c\xd1\x13"
"\x48\xa2\x2c\x4c\x33\x1e\xe4\x51\x1e\xe6\x71\x1e\xe8\x91\x1e\xea"
"\xb1\x1e\x7b\xc2\x1e\xed\xe1\x1e\xef\x01\x1f\xf1\x21\x1f\xf3\x41"
"\x1f\xf5\x61\x1f\xf7\x81\x1f\xf9\xf1\x1a\x3e\x01\x1b\xab\xe1\xc8"
"\xc3\x3c\xd0\x43\x9e\xf4\x48\x3c\xe0\x09\x8f\x90\x0a\x6d\x84\xc4"
"\x03\xd5\xc3\x3d\xe0\xc3\xac\x44\xd2\x44\x89\x84\x5c\xcc\x05\x5d"
"\xd4\x45\xe5\x0e\xef\x00\x0f\x77\xb2\x23\xed\x60\x27\x3a\x32\x2a"
"\xb5\x31\x12\xd6\x85\x65\xb0\x42\x12\x76\x71\x17\x78\x11\x1b\x9a"
"\x3a\xac\x03\x3b\xfc\x04\x58\x84\x45\x9d\xe4\x48\x3a\xd0\x09\x8e"
"\x88\x8a\x6d\x94\x44\x5e\xe8\xc5\xc6\xa9\xc6\x6d\x74\xde\x38\xbc"
"\xca\x07\x06\x61\x60\x0e\xe7\x80\x0e\x71\x52\x23\xe5\x00\x27\x34"
"\x12\x2a\xb8\x61\x12\x7b\xc1\x17\x62\x30\x06\xa8\x91\x1a\xfa\xb1"
"\x1f\x64\x50\x06\x73\x72\x23\xa0\xc2\x1a\xfc\x21\x27\x36\x92\x1b"
"\x66\x70\x06\xae\x82\x06\x69\xc0\x26\x30\xf2\x27\xae\xa1\x1b\x6b"
"\xf2\x22\x6a\xb0\x06\x6e\x22\x23\x7e\xd2\x1a\xfd\xd1\x26\x31\xb2"
"\x1b\x6f\x32\x23\xb8\x90\x22\xad\xe2\x1f\xff\x41\x2b\xb5\x62\x2b"
"\xb7\x82\x2b\xb9\xa2\x2b\xbc\xb2\x2b\x6c\xd0\x06\x6e\xc0\x0b\xbd"
"\xe0\x0b\x68\xc2\x22\xbb\x60\x26\x2a\xd2\x27\xbc\x81\x12\x7d\xe1"
"\x17\x67\xb2\x22\x6f\x00\x07\x71\x00\x0e\xe1\x20\x0e\x6a\xe2\x22"
"\xbf\x90\x26\x2d\xc2\x27\xbd\x71\x12\x7f\x01\x1a\x72\x30\x07\xbe"
"\x41\x07\x75\x50\x2a\x2a\xb1\x12\x2c\xd1\x12\x62\x31\x16\x2e\xf1"
"\x12\x76\x10\x0b\xb2\x30\x0b\x36\x71\x13\x38\x91\x13\x3a\xb1\x13"
"\xb0\x30\x26\x26\xa2\x2a\xbf\x71\x07\x78\x90\x07\x7a\xb0\x07\xb5"
"\x60\x0b\xb7\x50\x26\x28\x42\x0b\x64\x72\x22\xa6\x02\x1e\x29\xc1"
"\x07\x7d\x90\x0a\x23\xc2\x2a\x7e\xf0\x07\xa8\x02\x13\xa1\x21\x1a"
"\xa3\x01\x0a\xad\xe0\x0a\xaf\x40\x16\x65\x61\x16\x67\xc1\x0a\x61"
"\x42\x22\xa9\x12\x1e\x62\x52\x22\xe2\x11\x0a\xa2\xb0\x2a\x31\x41"
"\x1a\xa5\x61\x1a\xa7\x51\x13\x68\x91\x16\x6a\xb1\x16\x60\x22\x22"
"\xa3\x40\x0a\xbe\xd2\x2b\xf6\xc0\x0f\xfb\xd0\x0f\xf9\xa0\x0f\xff"
"\x00\x12\xfe\x20\x2b\xbf\x02\x2e\xe1\x22\x2e\xd4\x02\x78\x58\x87"
"\x3e\xe0\x83\x5b\xb0\x85\x0a\x08\x84\x81\x28\x0c\x5c\xc8\x05\x5d"
"\xd8\x05\x5e\x40\x12\xa5\x17\x16\xa6\xf1\x85\x3c\xc0\x83\x3b\xb0"
"\x03\x0a\x1c\xc2\xa1\x0e\xe8\x60\x0e\xe4\xe0\x17\x6a\x21\x0e\xe0"
"\xe0\x0d\xdc\x40\x1c\x68\x61\x16\xda\x80\x0d\xd6\x40\x0d\xd2\x00"
"\x0d\xce\xc0\x0c\xc6\x41\x16\x62\x01\x16\xca\x80\x0c\xc6\x40\x0c"
"\xc2\x00\x0c\x3e\x8f\x1c\x5e\xc1\x15\x5a\x81\x15\x3a\x6e\xd3\x32"
"\xec\xb2\xca\x61\x15\x54\x21\x15\xcc\x01\x15\x4e\x61\x0f\xf4\xc0"
"\x14\x4a\xe1\x1c\x48\x61\x14\xd0\x41\x14\x42\x21\x1d\xd4\x01\x14"
"\xfe\xc0\x0f\x9c\x07\x6a\x87\x48\x9a\xd8\xe1\x70\x07\x61\x01\x5d"
"\x88\x01\x5c\xb0\x84\x4b\xb4\xc4\x42\x06\x65\xc0\xac\x43\xa3\x0e"
"\x6f\x11\x17\x6a\xb0\x06\x8e\x30\x10\x85\x71\x20\xfa\xb0\x0f\x0f"
"\x3f\xf4\xc3\x4f\xf8\x44\x4f\xf8\x03\x4f\xec\x84\x19\x9c\x01\x1a"
"\xfc\x83\x4e\x40\x39\x41\x0e\xe3\x20\x0e\xe1\x00\x0e\xd1\x2f\xa4"
"\x41\x12\x12\x38\x71\x13\x22\x61\x13\x35\x21\xf9\xc2\xd4\x0b\x20"
"\x91\x0f\xf8\x40\xf1\x42\xb5\x0b\x23\x61\xdd\x83\x3d\x80\x45\x58"
"\xe8\x42\x2e\xe0\xc2\x2d\xd8\xc2\x55\x0b\xb4\x30\x0b\xb2\x10\x0b"
"\xb0\xf0\x0a\xad\xe0\x0a\xac\xb0\x0a\x24\x41\x13\x33\x81\xd5\x03"
"\x3d\xa8\x42\x2a\xa0\xc2\x29\x98\x02\x29\x94\xc2\x28\x88\x42\x28"
"\x80\xc2\x1f\xf8\x41\x1f\xec\x01\x1f\xe8\x41\x1e\x94\x84\x4c\xc4"
"\x44\x36\x0f\xf2\x20\x16\x6a\x91\x16\x68\x71\x16\x66\x51\x16\x64"
"\x31\x16\x78\x70\x07\x76\x50\x07\x74\xa0\xcd\x81\x1c\xc4\x01\x1c"
"\xbc\x81\x1b\xb4\x01\x18\x6c\x1c\x1b\x84\x81\x49\xc0\xc4\x4b\x9c"
"\x83\x39\x94\x83\x72\x12\xe9\xd0\xa1\x43\x3c\xb8\x43\x3b\xb0\x83"
"\x87\x12\x29\x01\x0f\xef\xb0\x16\x9f\x4a\xac\xc4\x18\xb0\x05\x10"
"\xb4\x85\x5b\xc8\x45\xb0\x60\x4c\x7e\x84\x47\x7c\xe2\x3f\x80\x40"
"\x2e\x60\x41\x46\xd8\x43\x18\xf0\x20\x0f\x7a\xe2\x3c\xe0\x21\x1e"
"\xcc\x83\x27\xca\x83\x28\xe2\xa2\x47\xee\x42\x0e\xe6\x20\x0e\x60"
"\x24\x46\x6c\xe2\x3d\x8c\x03\x71\x91\x17\xb9\x09\xf8\x48\x14\x16"
"\x69\x11\x9c\x88\x8f\x85\x51\x91\x15\x79\x87\xb9\x70\x8b\x19\xa1"
"\x91\x9c\x90\x8f\xc6\x79\x8b\x14\x41\x91\x51\x20\x85\x52\x30\x85"
"\x53\x40\x85\x54\x50\x85\x50\x30\x91\x13\xd9\x89\xf0\x90\x87\x79"
"\x00\x0f\x9d\xf8\x8d\x07\x82\x0b\x1f\xb1\x0b\x3a\xa8\x83\x55\xa8"
"\x11\x99\xa0\x8f\x48\x2a\x11\x12\x99\x89\xfa\x98\x28\xb6\x18\x11"
"\x11\xa9\x2c\x3d\xd8\x83\x9a\xf0\x0d\x7a\xa8\x87\xde\xa0\x09\xde"
"\xb8\xb0\xb6\x88\x89\xf9\xc8\xb4\xb5\x58\x8f\x8d\xe3\x83\x3e\x78"
"\x09\xdd\x60\x07\x77\xc8\x0d\x97\xb8\x8d\xce\x4b\x0b\xdc\xb0\x8d"
"\x76\xd8\x0d\x98\xb0\x8f\x0f\x0c\xd4\xc2\x46\x54\x82\x36\xca\xe1"
"\x1c\x66\x23\x25\x62\x23\x0c\xc4\xe0\x2c\x64\x03\x36\xcc\xa1\x36"
"\x58\xc2\x35\xd4\x61\x1d\x5a\x83\x15\x56\x82\x35\xd0\x21\x1d\x5e"
"\xa3\x25\xee\x63\x0c\xc8\x00\x2d\x6e\xa4\x24\x54\xa3\x17\x7c\x21"
"\x35\x44\x81\x24\x50\x63\x17\x78\x61\x35\x4e\xc2\x34\xc2\x41\x1c"
"\x4a\xa3\x15\x4c\x82\x34\x7e\x01\x1c\x4e\x03\x25\xf0\x63\x1c\xc8"
"\xc1\x2c\x70\x04\x24\x44\xe3\x16\x70\x21\x34\xfe\xe1\x2f\x6a\xc1"
"\x16\xc6\x02\x34\xfc\xc2\x15\x46\x43\x24\xf8\x22\x17\x74\x01\x14"
"\xf6\x22\x24\xf2\xa2\x0c\xcc\x80\x2c\xf4\x02\x2f\x5e\xa1\x2f\x46"
"\x22\x3f\xce\x00\x0d\xca\x22\x3d\xf8\x41\x3f\xd2\x40\x0d\xc2\xc2"
"\x3d\xfc\x81\x3c\xec\xe1\x1e\xc6\xa3\x1f\xc4\x63\x0d\xd8\x40\x2c"
"\xd0\x43\x1f\xf6\x63\x16\x68\xa1\x3d\xf6\x81\x3f\xda\xc0\x0d\xc0"
"\x42\x3d\x72\xc4\x0f\xfe\x00\x1f\xfa\x23\x16\x64\x01\x44\x42\x24"
"\x1f\xfc\xe3\x0d\xe0\xe0\x27\xe8\xc2\x0e\xea\xe2\x0e\x76\x44\x47"
"\xc0\x24\x4c\xaa\x05\x13\x04\x2c\x41\x23\x30\x83\x43\x3c\x85\x71"
"\x20\x89\x12\x01\x0b\xb2\x4a\xb0\xa8\x60\x98\x08\xa9\x88\x0c\xe8"
"\x40\x12\x65\x61\x80\xc6\x79\xae\x68\x41\x62\x0c\x05\x01\x04\xc2"
"\x81\x0f\x0b\x56\x05\x35\x66\x02\x4f\xee\x24\x4f\xd8\xe0\x27\x62"
"\xe2\x45\x5c\xa4\x0d\xdc\xe0\x0d\x7c\x42\x26\x5a\x84\x45\x54\xa3"
"\x54\x00\x32\xb0\x85\xc2\x38\x90\x44\x59\x98\xc6\x79\xa0\x48\x9a"
"\xa8\xca\xba\xb0\x8c\xa0\x91\x19\x11\x15\xd1\x08\x0d\x1b\xa9\x11"
"\xd0\x18\x83\x5b\x18\x0d\xbf\xc0\x91\x1b\x21\x8d\xbf\xd0\x91\x1c"
"\x21\x95\x51\x29\x8d\x96\xe0\x91\x1d\x09\x15\x73\x38\x07\x74\x48"
"\x07\x75\x58\x07\x97\x30\x83\x33\x18\x07\x72\xd8\x09\x9e\xe8\x89"
"\x1e\x01\x15\x5c\xf0\x91\x3f\x39\x8d\x97\x38\x11\x13\x29\x11\x38"
"\x88\x03\x39\x30\x0d\x98\x20\x91\x11\x11\x87\x32\x60\x87\x76\x70"
"\x87\xd4\xd0\x36\xbd\x48\x09\x31\x09\x13\x3f\xd9\x0b\x95\x20\x93"
"\x31\xe9\x93\x39\xe8\x8b\x95\x10\x91\x10\xa1\x83\x3a\xb0\x03\xbe"
"\x60\x09\x10\xf9\x8f\xbc\x40\x09\x30\xf9\x91\xee\x0e\xf0\x20\x0f"
"\xf4\xe0\x2e\x4a\xc2\x3f\xfa\x63\x0f\xf8\xa0\x0f\xec\xc2\x24\xf8"
"\x63\x3f\x7c\x41\x3f\xf0\xe2\x24\xcc\xa4\x4c\x72\x41\x2e\x40\x22"
"\x3f\xf0\xe3\x3e\x3c\x3f\xf8\x03\x50\x88\x8b\x90\xb0\x8f\xfa\xe8"
"\x05\xfa\x98\x0f\xba\x10\x09\xf9\x88\x0f\xf8\x68\x8f\x5f\x98\x8b"
"\x91\x78\x0f\xf7\xd0\x09\xf6\x58\x0f\xf5\xa8\x0b\x92\x40\x93\x33"
"\xe1\x13\x5d\x68\x8b\x7d\x48\x0f\xf4\x38\x0f\xf2\x08\x07\xb6\xe0"
"\x07\xf3\x28\x0f\x9c\x18\x0f\xf1\x08\x8f\xb7\xe8\x07\xf0\xf8\x0d"
"\xdf\xd8\x0d\x70\x70\x0b\x7f\xe8\x0d\xde\xc8\x09\xdd\xc8\x0d\xdc"
"\x80\x8b\x7f\x50\x93\x34\xd9\x93\x5d\x40\x0b\x7b\xb8\x0d\xdb\xa8"
"\x0d\x30\x08\x05\x51\x18\x85\xb3\xb8\x07\xda\x98\x0d\xd9\x88\x0d"
"\xb5\xc0\x07\xd8\x78\x0d\xd7\xf8\x48\xa1\x14\x4c\x81\x17\xd2\x22"
"\x1f\x5a\x83\x35\x56\xa3\x1c\xd6\x42\x1f\xd8\x64\x4d\xf4\x04\x0d"
"\xd2\x40\x0d\xd6\xe0\x26\xc8\x62\x1e\xdc\xa4\x4d\x64\xc4\x2c\xe8"
"\x61\x45\x54\x24\x0c\x4e\x01\x15\x52\xa1\x2c\xea\x21\x45\x50\x44"
"\x15\x56\x81\x15\x5a\xc1\x15\x5e\xa1\x26\xc4\x22\x1e\xe0\xe4\x4d"
"\x6c\x22\x46\xc6\x42\x1e\xe4\x24\x4e\xc4\x00\x16\x62\x41\x16\x66"
"\x81\x16\x6a\x01\x2c\xde\x81\x4e\xe6\x84\x26\xc2\x02\x1e\xec\xa4"
"\x4e\x02\xee\x54\x4c\x05\x46\x84\x21\x55\x50\xe5\x99\x30\x04\x00"
"\xee\x4d\x50\x03\x40\xd0\xb2\x01\x7a\x1a\xa7\xb2\x2e\x6c\x61\x22"
"\x69\xa2\x02\xef\x23\x83\x32\x18\x03\x31\x08\x03\x30\x40\x94\xe4"
"\xe8\xb8\x8d\x28\x8c\x33\x40\x03\x33\xb8\xbd\x09\xf4\x90\x20\x93"
"\x54\x06\x64\x10\x0b\xb0\x30\x0b\x87\x51\x10\x83\x10\x00\xeb\xe0"
"\x0b\xbd\x20\x0f\xea\xa0\x0b\xbb\xc0\x0b\xe1\x20\x0e\x7f\xc0\x07"
"\x7b\xe0\x07\x7d\xe0\x06\x70\xf0\x06\xa4\x30\x0a\x11\xf4\x38\x0d"
"\xb3\x28\xe9\x90\x0b\xbf\x00\x0e\xac\xb0\x0a\xa5\x60\x0a\xa8\x70"
"\x0a\xa9\xa0\x0a\x79\xd0\x0a\xae\xa0\x07\xec\xf0\x0e\xf0\x10\x0f"
"\xee\xd0\x0e\x77\x40\x07\x73\x60\x07\x72\x50\x07\x71\xf0\x0a\x78"
"\x10\x0a\xa2\x00\x0a\x63\x20\x06\x61\x00\x06\x9f\xd7\x71\xe7\xb0"
"\x69\x19\x76\x59\x15\x85\x0e\xb8\x70\x0b\xe6\x40\x0e\xe3\xd0\x06"
"\x6c\xb0\x06\x6a\x90\x06\x68\x70\x06\x66\x50\x0e\xb4\x50\x0b\xb6"
"\x20\x0b\xb5\x37\x61\x08\x00\xda\x9b\x30\x04\x80\xec\x4d\x18\x02"
"\x00\xf6\x26\x0c\x01\xd0\x7a\x13\x08\x21\x00\x56\x6f\xc2\x10\x00"
"\xa7\x37\xc1\x00\x88\x21\x10\x40\x6f\x42\x01\x08\xc1\xf0\x77\x13"
"\x86\x00\xe8\xbb\x09\x43\x00\xec\xdd\x84\x44\x08\x06\x80\x28\x8c"
"\x43\xed\x26\x0c\x01\x90\x76\x13\x0e\x20\x18\x04\xa2\x38\xbb\x09"
"\x43\x00\x88\xdd\x84\x21\x00\x70\x6e\xc2\x10\x00\x34\x37\xa1\x00"
"\x82\x41\x98\xb9\x09\x43\x00\xb8\xdc\x04\x86\x28\x0c\x25\x41\x0e"
"\x20\x10\x06\x93\x9b\x50\x04\x80\x30\x88\xdc\x84\x63\x10\x02\xa0"
"\x20\xfe\x6d\x42\x11\x00\x83\xe0\x6f\x13\x86\x00\x10\xb7\x09\x84"
"\x10\x00\xbb\x36\x61\x08\x80\x5b\x9b\x30\x04\x00\xad\x4d\x28\x02"
"\x60\x10\x64\x6d\x42\x11\x00\x83\x10\x6b\x13\x08\x21\x00\x60\x6d"
"\xc2\x10\x00\xac\x36\x81\x10\x02\x00\xd5\x26\x0c\x01\x40\x6a\x13"
"\x86\x00\x08\xb5\x09\x43\x00\xe4\xd9\x04\x42\x08\x00\x3b\x9b\x30"
"\x04\x80\x9c\x4d\x60\x02\x05\x48\x90\xc3\x20\x8a\x41\x50\xb3\x09"
"\xc6\x40\x08\x01\x90\x66\x13\x86\x00\xb8\xb1\x09\x45\x00\x0c\x82"
"\x8d\x4d\x18\x02\xa0\xc6\x26\x0c\x01\xe0\x62\x13\x86\x00\x08\xb1"
"\x09\x43\x00\xfc\xd7\x84\x21\x00\xf8\x6b\x42\x01\x04\x83\xb0\x5f"
"\x13\x86\x00\xb0\xaf\x09\x0d\x92\x28\x0b\x51\x18\x07\x10\x0c\xc2"
"\x7b\x4d\x30\x02\x42\x00\x86\xf5\x9a\x40\x08\x01\x80\x5e\x13\x86"
"\x00\x20\xaf\x09\x84\x10\x00\xbb\x35\x61\x08\x80\xdb\x9a\x90\x08"
"\xc1\x00\x10\x85\x71\xbc\xd6\x84\x21\x00\x5c\x6b\xc2\x01\x04\x83"
"\x40\x14\xac\x35\x61\x08\x80\xd3\x9a\x30\x04\x40\x5f\x4d\x18\x02"
"\x20\xaf\x26\x14\x40\x30\x08\x78\x35\x61\x08\x80\xb9\x9a\x40\x08"
"\x01\xc0\x56\x13\x86\x00\x40\xab\x09\x89\x10\x0c\x00\x51\x18\xc7"
"\x4c\x4d\x18\x02\x40\xa6\x26\x2c\x40\x30\x08\x44\x71\x18\x48\x02"
"\x53\x13\x86\x00\x58\xa9\x09\x43\x00\x84\xd4\x84\x22\x00\x06\xa1"
"\x9f\x26\x14\x01\x20\x0c\xfc\x34\x61\x08\x80\x7b\x9a\x40\x08\x01"
"\x10\x4f\x13\x08\x21\x00\xd6\x69\xc2\x10\x00\xe7\x34\xc1\x08\x00"
"\x42\x18\x58\x69\xc2\x10\x00\xab\x34\x61\x08\x00\x52\x9a\x30\x04"
"\xc0\x1d\x4d\x18\x02\xa0\x8e\x26\x14\x01\x30\x08\x72\x34\xa1\x08"
"\x00\x61\x88\xa3\x09\x43\x00\xb0\xd1\x04\x83\x18\x02\x01\x30\xa3"
"\x09\x8c\x82\x1c\x46\x41\x0c\x42\x00\x24\x62\x34\x61\x08\x00\x1e"
"\x9a\x40\x00\x42\x50\x42\x13\x86\x00\x00\xa1\x09\x43\x00\xe0\xcf"
"\x04\x42\x08\x00\xfb\x99\x30\x04\x80\xfc\x4c\x60\x14\xe4\x30\x0a"
"\x62\x10\x02\x20\xd9\x9d\x09\x43\x00\xd4\xce\x04\x02\x10\x02\xbf"
"\x99\x30\x04\x40\xde\x4c\x60\x14\xe4\x30\x0a\x62\x10\x02\x20\x89"
"\x9b\x09\x43\x00\xac\xcd\x04\x02\x10\x02\x9a\x99\x30\x04\xc0\xcb"
"\x4c\x18\x02\xe0\x64\x26\x10\x42\x00\x94\xcc\x84\x21\x00\x42\x66"
"\x82\x41\x00\x81\x30\xbc\xcb\x04\x23\x00\x08\x61\x28\x95\x09\x43"
"\x00\x90\xca\x84\x21\x00\xfa\x64\xc2\x10\x00\x70\x32\x61\x08\x00"
"\x37\x99\x50\x04\xc0\x20\xac\xc9\x84\x22\x00\x84\x41\x4d\x26\x0c"
"\x01\x50\x26\x13\x86\x00\xf0\x91\x09\x43\x00\xe8\xc8\x84\x22\x00"
"\x06\x01\x47\x26\x0c\x01\x70\x23\x13\x86\x00\x88\x91\x09\x43\x00"
"\x90\xc8\x84\x22\x00\x06\xc1\x3f\x26\x14\x01\x20\x0c\xfd\x31\xa1"
"\x00\x06\x21\xe0\x8f\x09\x43\x00\xdc\xc7\x84\x21\x00\xe2\x63\x02"
"\x21\x04\x80\x7a\x4c\x18\x02\xc0\x3c\x26\x24\x01\x20\x18\xc7\x50"
"\x10\xa3\x31\x61\x08\x00\xd1\x98\xd0\x04\x80\x30\x2c\x4a\x82\x18"
"\x47\x41\x80\xc6\x84\x21\x00\xf4\x62\x02\x21\x04\x00\x5e\x4c\x18"
"\x02\x80\x2e\x26\x18\x01\x40\x08\xc3\x5b\x4c\x18\x02\xc0\x2d\x26"
"\x0c\x01\x70\x16\x13\x86\x00\xe8\x89\x09\x43\x00\xe4\xc4\x84\x02"
"\x08\x06\x01\x27\x26\x0c\x01\x30\x13\x13\xa6\xc7\x69\x98\x45\x49"
"\x90\xe8\x30\x0a\x62\x10\x02\x00\x32\x89\x09\x47\x00\x08\x44\x31"
"\xac\xc3\x84\x21\x00\xd4\x61\x82\x12\x00\xc2\x40\x14\x06\x72\xa0"
"\xc3\x84\x21\x00\xc4\x61\x02\x21\x04\x00\x38\x4c\x18\x02\x80\x17"
"\x26\x0c\x01\x70\x0b\x13\x08\x21\x00\x6a\x61\xc2\x10\x00\xb1\x30"
"\xc1\x08\x80\x41\x20\xf2\x60\x02\x22\x04\xc0\x40\x18\x05\x1e\x4c"
"\x20\x84\x00\xb8\x83\x09\x43\x00\xcc\xc1\x04\x42\x08\x00\x36\x98"
"\x30\x04\x00\x1a\x4c\x18\x02\x20\x0c\x26\x0c\x01\xe0\x4d\x18\x02"
"\xa0\x9b\x40\x08\x01\xb0\x4d\x18\x02\x00\x9b\x30\x04\x00\x34\x61"
"\x08\x80\x66\x02\x11\x00\x82\x32\x61\x08\x00\x63\xc2\x10\x00\x02"
"\x00\x00\x00\x00\x00\x00\x00\x00\x71\x20\x00\x00\x03\x00\x00\x00"
"\x32\x0e\x10\x22\x84\x09\x88\x05\x00\x00\x00\x00\x00\x00\x00\x00"
"\x65\x0c\x00\x00\x73\x00\x00\x00\x12\x03\x94\xa0\x03\x00\x00\x00"
"\x03\x00\x00\x00\xc8\x00\x00\x00\x06\x00\x00\x00\x4c\x00\x00\x00"
"\x01\x00\x00\x00\x58\x00\x00\x00\x00\x00\x00\x00\x58\x00\x00\x00"
"\x0f\x00\x00\x00\xc0\x01\x00\x00\x00\x00\x00\x00\xce\x00\x00\x00"
"\x1d\x00\x00\x00\xeb\x00\x00\x00\x21\x00\x00\x00\x0c\x00\x00\x00"
"\x00\x00\x00\x00\xc0\x01\x00\x00\x00\x00\x00\x00\x00\x00\x00\x00"
"\x0f\x00\x00\x00\x00\x00\x00\x00\x6e\x00\x00\x00\x0e\x00\x00\x00"
"\x6e\x00\x00\x00\x0e\x00\x00\x00\xff\xff\xff\xff\x00\x24\x00\x00"
"\x7c\x00\x00\x00\x16\x00\x00\x00\x7c\x00\x00\x00\x16\x00\x00\x00"
"\xff\xff\xff\xff\x08\x2c\x00\x00\x92\x00\x00\x00\x0c\x00\x00\x00"
"\x92\x00\x00\x00\x0c\x00\x00\x00\xff\xff\xff\xff\x08\x24\x00\x00"
"\x9e\x00\x00\x00\x14\x00\x00\x00\x9e\x00\x00\x00\x14\x00\x00\x00"
"\xff\xff\xff\xff\x08\x2c\x00\x00\xb2\x00\x00\x00\x09\x00\x00\x00"
"\xb2\x00\x00\x00\x09\x00\x00\x00\xff\xff\xff\xff\x08\x2c\x00\x00"
"\xbb\x00\x00\x00\x0d\x00\x00\x00\xbb\x00\x00\x00\x0d\x00\x00\x00"
"\xff\xff\xff\xff\x08\x2c\x00\x00\x00\x00\x00\x00\x0c\x00\x00\x00"
"\x00\x00\x00\x00\x0c\x00\x00\x00\xff\xff\xff\xff\x08\x04\x00\x00"
"\x0c\x00\x00\x00\x08\x00\x00\x00\x0c\x00\x00\x00\x08\x00\x00\x00"
"\xff\xff\xff\xff\x08\x04\x00\x00\x14\x00\x00\x00\x02\x00\x00\x00"
"\x14\x00\x00\x00\x02\x00\x00\x00\xff\xff\xff\xff\x08\x04\x00\x00"
"\x16\x00\x00\x00\x0d\x00\x00\x00\x16\x00\x00\x00\x0d\x00\x00\x00"
"\xff\xff\xff\xff\x08\x04\x00\x00\x23\x00\x00\x00\x0d\x00\x00\x00"
"\x23\x00\x00\x00\x0d\x00\x00\x00\xff\xff\xff\xff\x08\x04\x00\x00"
"\x30\x00\x00\x00\x0d\x00\x00\x00\x30\x00\x00\x00\x0d\x00\x00\x00"
"\xff\xff\xff\xff\x08\x04\x00\x00\x3d\x00\x00\x00\x0d\x00\x00\x00"
"\x3d\x00\x00\x00\x0d\x00\x00\x00\xff\xff\xff\xff\x08\x04\x00\x00"
"\x4a\x00\x00\x00\x17\x00\x00\x00\x4a\x00\x00\x00\x17\x00\x00\x00"
"\xff\xff\xff\xff\x08\x04\x00\x00\x61\x00\x00\x00\x0d\x00\x00\x00"
"\x61\x00\x00\x00\x0d\x00\x00\x00\xff\xff\xff\xff\x08\x04\x00\x00"
"\x00\x00\x00\x00\x5d\x0c\x00\x00\x46\x00\x00\x00\x12\x03\x94\x2c"
"\x02\x00\x00\x00\x70\x6f\x69\x6e\x74\x65\x72\x5f\x73\x69\x7a\x65"
"\x76\x6d\x5f\x66\x61\x75\x6c\x74\x69\x70\x63\x6f\x64\x65\x5f\x73"
"\x65\x67\x5f\x61\x64\x64\x72\x64\x61\x74\x61\x5f\x73\x65\x67\x5f"
"\x61\x64\x64\x72\x63\x6f\x64\x65\x5f\x73\x65\x67\x5f\x73\x69\x7a"
"\x65\x64\x61\x74\x61\x5f\x73\x65\x67\x5f\x73\x69\x7a\x65\x6f\x70"
"\x63\x6f\x64\x65\x5f\x78\x6f\x72\x73\x68\x69\x66\x74\x33\x32\x5f"
"\x73\x74\x61\x74\x65\x76\x6d\x5f\x63\x6f\x64\x65\x5f\x73\x74\x61"
"\x74\x65\x76\x6d\x5f\x69\x6e\x74\x65\x72\x70\x72\x65\x74\x65\x72"
"\x6c\x6c\x76\x6d\x2e\x6c\x69\x66\x65\x74\x69\x6d\x65\x2e\x73\x74"
"\x61\x72\x74\x2e\x70\x30\x63\x61\x6c\x6c\x5f\x68\x61\x6e\x64\x6c"
"\x65\x72\x6c\x6c\x76\x6d\x2e\x6c\x69\x66\x65\x74\x69\x6d\x65\x2e"
"\x65\x6e\x64\x2e\x70\x30\x6c\x6c\x76\x6d\x2e\x74\x72\x61\x70\x6c"
"\x6c\x76\x6d\x2e\x73\x6d\x61\x78\x2e\x69\x33\x32\x31\x38\x2e\x31"
"\x2e\x33\x78\x38\x36\x5f\x36\x34\x2d\x70\x63\x2d\x77\x69\x6e\x64"
"\x6f\x77\x73\x2d\x6d\x73\x76\x63\x31\x39\x2e\x33\x33\x2e\x30\x61"
"\x56\x4d\x50\x49\x6e\x74\x65\x72\x70\x72\x65\x74\x65\x72\x2f\x61"
"\x56\x4d\x50\x49\x6e\x74\x65\x72\x70\x72\x65\x74\x65\x72\x2e\x63"
"\x00\x00\x00\x00"
;

static std::vector<char> get_binary_ir() {
  return std::vector<char>(binary_ir_data,
                           binary_ir_data + binary_ir_length);
}

#endif // ALLVM_EMBEDDED_VMP_IR_H
